time,avg_depth,year
1995-06-01T12:00:00Z,39.854382321015045,1996
1995-06-02T12:00:00Z,39.73434261283119,1996
1995-06-03T12:00:00Z,40.00944467097181,1996
1995-06-04T12:00:00Z,40.53740928297495,1996
1995-06-05T12:00:00Z,42.22877055524564,1996
1995-06-06T12:00:00Z,43.94814924573069,1996
1995-06-07T12:00:00Z,45.053627533618034,1996
1995-06-08T12:00:00Z,45.49646748277908,1996
1995-06-09T12:00:00Z,45.28042179650007,1996
1995-06-10T12:00:00Z,45.05597216738293,1996
1995-06-11T12:00:00Z,44.485425991431356,1996
1995-06-12T12:00:00Z,44.31166611678885,1996
1995-06-13T12:00:00Z,44.71204872566136,1996
1995-06-14T12:00:00Z,45.0104184691321,1996
1995-06-15T12:00:00Z,44.37371525710117,1996
1995-06-16T12:00:00Z,44.24003495351955,1996
1995-06-17T12:00:00Z,44.509232652065776,1996
1995-06-18T12:00:00Z,44.52936597891603,1996
1995-06-19T12:00:00Z,44.970322069466725,1996
1995-06-20T12:00:00Z,46.70864607062108,1996
1995-06-21T12:00:00Z,50.99425327413155,1996
1995-06-22T12:00:00Z,56.18503069176814,1996
1995-06-23T12:00:00Z,58.75383686232724,1996
1995-06-24T12:00:00Z,59.21370575509532,1996
1995-06-25T12:00:00Z,59.12144054648543,1996
1995-06-26T12:00:00Z,58.86066456218644,1996
1995-06-27T12:00:00Z,58.712032528644414,1996
1995-06-28T12:00:00Z,58.359543130436414,1996
1995-06-29T12:00:00Z,57.89504307848147,1996
1995-06-30T12:00:00Z,57.98212083886323,1996
1995-07-01T12:00:00Z,57.766079001606904,1996
1995-07-02T12:00:00Z,57.58374586145393,1996
1995-07-03T12:00:00Z,57.26299659577972,1996
1995-07-04T12:00:00Z,56.97376939101926,1996
1995-07-05T12:00:00Z,56.75886601091647,1996
1995-07-06T12:00:00Z,56.356289198245555,1996
1995-07-07T12:00:00Z,56.49519706272979,1996
1995-07-08T12:00:00Z,56.524061320853505,1996
1995-07-09T12:00:00Z,56.375081726513585,1996
1995-07-10T12:00:00Z,56.84364826406057,1996
1995-07-11T12:00:00Z,57.95012741912677,1996
1995-07-12T12:00:00Z,58.15435733577772,1996
1995-07-13T12:00:00Z,58.12357653667631,1996
1995-07-14T12:00:00Z,58.42204557211726,1996
1995-07-15T12:00:00Z,58.723830854098956,1996
1995-07-16T12:00:00Z,58.79107852059349,1996
1995-07-17T12:00:00Z,59.46628471012951,1996
1995-07-18T12:00:00Z,60.86639743431929,1996
1995-07-19T12:00:00Z,61.20979207707653,1996
1995-07-20T12:00:00Z,61.58750946191377,1996
1995-07-21T12:00:00Z,62.08988130886396,1996
1995-07-22T12:00:00Z,62.59943281195446,1996
1995-07-23T12:00:00Z,62.86336726032479,1996
1995-07-24T12:00:00Z,62.93622203293716,1996
1995-07-25T12:00:00Z,62.96237355159583,1996
1995-07-26T12:00:00Z,63.68987424972891,1996
1995-07-27T12:00:00Z,66.50108362116639,1996
1995-07-28T12:00:00Z,68.72519084516226,1996
1995-07-29T12:00:00Z,69.31091500587212,1996
1995-07-30T12:00:00Z,69.62792537165174,1996
1995-07-31T12:00:00Z,69.97766935489246,1996
1995-08-01T12:00:00Z,70.31416320800781,1996
1995-08-02T12:00:00Z,70.03055175708022,1996
1995-08-03T12:00:00Z,70.56882915485384,1996
1995-08-04T12:00:00Z,71.70638559360881,1996
1995-08-05T12:00:00Z,72.30461424499768,1996
1995-08-06T12:00:00Z,72.25343193461528,1996
1995-08-07T12:00:00Z,71.9237643918665,1996
1995-08-08T12:00:00Z,71.73328076084002,1996
1995-08-09T12:00:00Z,72.48236186274097,1996
1995-08-10T12:00:00Z,75.35934909804539,1996
1995-08-11T12:00:00Z,75.17823432460115,1996
1995-08-12T12:00:00Z,75.20255285948426,1996
1995-08-13T12:00:00Z,75.31419441667086,1996
1995-08-14T12:00:00Z,75.33169056572596,1996
1995-08-15T12:00:00Z,75.45281361131948,1996
1995-08-16T12:00:00Z,75.73792239385375,1996
1995-08-17T12:00:00Z,75.8017550710439,1996
1995-08-18T12:00:00Z,75.58810235328423,1996
1995-08-19T12:00:00Z,75.64816578920544,1996
1995-08-20T12:00:00Z,76.11026289081173,1996
1995-08-21T12:00:00Z,76.23987066524073,1996
1995-08-22T12:00:00Z,76.20200535545968,1996
1995-08-23T12:00:00Z,84.40370166780853,1996
1995-08-24T12:00:00Z,93.33921947376272,1996
1995-08-25T12:00:00Z,97.3209098879992,1996
1995-08-26T12:00:00Z,99.28040797251316,1996
1995-08-27T12:00:00Z,100.10980515460018,1996
1995-08-28T12:00:00Z,100.6284854273347,1996
1995-08-29T12:00:00Z,95.06342340616959,1996
1995-08-30T12:00:00Z,95.28415861856315,1996
1995-08-31T12:00:00Z,95.55413764125227,1996
1995-09-01T12:00:00Z,96.4833190107889,1996
1995-09-02T12:00:00Z,97.41025798365108,1996
1995-09-03T12:00:00Z,98.13326801879005,1996
1995-09-04T12:00:00Z,99.11068035187517,1996
1995-09-05T12:00:00Z,101.2537774679256,1996
1995-09-06T12:00:00Z,103.43482410314202,1996
1995-09-07T12:00:00Z,103.80503560313939,1996
1995-09-08T12:00:00Z,104.3713073249913,1996
1995-09-09T12:00:00Z,104.87007271778677,1996
1995-09-10T12:00:00Z,105.73332049822335,1996
1995-09-11T12:00:00Z,107.03599265727298,1996
1995-09-12T12:00:00Z,107.46906416675039,1996
1995-09-13T12:00:00Z,107.9982146049733,1996
1995-09-14T12:00:00Z,108.23266953970045,1996
1995-09-15T12:00:00Z,108.4459581724097,1996
1995-09-16T12:00:00Z,108.51066000331429,1996
1995-09-17T12:00:00Z,108.58980687993261,1996
1995-09-18T12:00:00Z,108.69999442418035,1996
1995-09-19T12:00:00Z,109.29501502043341,1996
1995-09-20T12:00:00Z,109.86281104679944,1996
1995-09-21T12:00:00Z,110.21523858604134,1996
1995-09-22T12:00:00Z,110.44236588778436,1996
1995-09-23T12:00:00Z,110.49624344997943,1996
1995-09-24T12:00:00Z,110.45588131900597,1996
1995-09-25T12:00:00Z,110.20785527724168,1996
1995-09-26T12:00:00Z,109.92133393771076,1996
1995-09-27T12:00:00Z,109.63360999598787,1996
1995-09-28T12:00:00Z,110.45142303402723,1996
1995-09-29T12:00:00Z,111.20323705415777,1996
1995-09-30T12:00:00Z,111.5009414155682,1996
1995-10-01T12:00:00Z,112.35802118064547,1996
1995-10-02T12:00:00Z,112.36202042504708,1996
1995-10-03T12:00:00Z,111.80628122651227,1996
1995-10-04T12:00:00Z,111.01617699607661,1996
1995-10-05T12:00:00Z,112.52718701331145,1996
1995-10-06T12:00:00Z,121.98718766759954,1996
1995-10-07T12:00:00Z,121.85788032289172,1996
1995-10-08T12:00:00Z,121.53215788650742,1996
1995-10-09T12:00:00Z,121.46185956976696,1996
1995-10-10T12:00:00Z,121.54924885613087,1996
1995-10-11T12:00:00Z,120.91589618401393,1996
1995-10-12T12:00:00Z,120.01055357623544,1996
1995-10-13T12:00:00Z,115.65203153522127,1996
1995-10-14T12:00:00Z,116.55953568502608,1996
1995-10-15T12:00:00Z,118.23486298147475,1996
1995-10-16T12:00:00Z,120.18142061056173,1996
1995-10-17T12:00:00Z,121.31207696677828,1996
1995-10-18T12:00:00Z,123.35814356217502,1996
1995-10-19T12:00:00Z,124.34017991705004,1996
1995-10-20T12:00:00Z,124.35532706614805,1996
1995-10-21T12:00:00Z,124.13310249250809,1996
1995-10-22T12:00:00Z,123.7773349192161,1996
1995-10-23T12:00:00Z,123.38219541836872,1996
1995-10-24T12:00:00Z,123.15934809711642,1996
1995-10-25T12:00:00Z,122.89200238718125,1996
1995-10-26T12:00:00Z,122.6613696944449,1996
1995-10-27T12:00:00Z,122.44613526864329,1996
1995-10-28T12:00:00Z,122.15041142391028,1996
1995-10-29T12:00:00Z,121.7172323843642,1996
1995-10-30T12:00:00Z,121.25778588407685,1996
1995-10-31T12:00:00Z,120.94715652282751,1996
1995-11-01T12:00:00Z,120.73269402973654,1996
1995-11-02T12:00:00Z,120.44264507694164,1996
1995-11-03T12:00:00Z,120.1442667772903,1996
1995-11-04T12:00:00Z,119.89657417713845,1996
1995-11-05T12:00:00Z,119.3509533475385,1996
1995-11-06T12:00:00Z,118.92513175831631,1996
1995-11-07T12:00:00Z,118.35031746702417,1996
1995-11-08T12:00:00Z,117.94267570207272,1996
1995-11-09T12:00:00Z,117.38419980951319,1996
1995-11-10T12:00:00Z,116.75264871342138,1996
1995-11-11T12:00:00Z,116.14795739048601,1996
1995-11-12T12:00:00Z,115.78579159732628,1996
1995-11-13T12:00:00Z,115.20037250255638,1996
1995-11-14T12:00:00Z,114.46935935383723,1996
1995-11-15T12:00:00Z,113.45859360079888,1996
1995-11-16T12:00:00Z,112.52280936100988,1996
1995-11-17T12:00:00Z,111.61404606133216,1996
1995-11-18T12:00:00Z,110.8013995879413,1996
1995-11-19T12:00:00Z,110.1098146650272,1996
1995-11-20T12:00:00Z,109.35606162306357,1996
1995-11-21T12:00:00Z,108.7395175185544,1996
1995-11-22T12:00:00Z,107.79385943032341,1996
1995-11-23T12:00:00Z,106.97258723533004,1996
1995-11-24T12:00:00Z,106.18412621491815,1996
1995-11-25T12:00:00Z,105.36253575243204,1996
1995-11-26T12:00:00Z,104.51408267922221,1996
1995-11-27T12:00:00Z,103.80068839518839,1996
1995-11-28T12:00:00Z,103.02770482585612,1996
1995-11-29T12:00:00Z,103.09287021227347,1996
1995-11-30T12:00:00Z,103.35280935222258,1996
1995-12-01T12:00:00Z,102.3594915164611,1996
1995-12-02T12:00:00Z,101.97058328583917,1996
1995-12-03T12:00:00Z,101.22475233804558,1996
1995-12-04T12:00:00Z,100.53225236376674,1996
1995-12-05T12:00:00Z,99.92872253491197,1996
1995-12-06T12:00:00Z,99.27788536607254,1996
1995-12-07T12:00:00Z,98.6558927411295,1996
1995-12-08T12:00:00Z,97.81726513584002,1996
1995-12-09T12:00:00Z,96.99865019900683,1996
1995-12-10T12:00:00Z,96.35721993632279,1996
1995-12-11T12:00:00Z,95.34444991113472,1996
1995-12-12T12:00:00Z,94.41628990562361,1996
1995-12-13T12:00:00Z,93.65240458378051,1996
1995-12-14T12:00:00Z,92.89962627820505,1996
1995-12-15T12:00:00Z,92.11790049369276,1996
1995-12-16T12:00:00Z,91.27669884876785,1996
1995-12-17T12:00:00Z,90.46208707858648,1996
1995-12-18T12:00:00Z,89.64691992326632,1996
1995-12-19T12:00:00Z,89.16302985664464,1996
1995-12-20T12:00:00Z,88.78404147966793,1996
1995-12-21T12:00:00Z,87.78277212599473,1996
1995-12-22T12:00:00Z,86.97585438738058,1996
1995-12-23T12:00:00Z,86.70714059473872,1996
1995-12-24T12:00:00Z,85.98436718753662,1996
1995-12-25T12:00:00Z,85.0628976324181,1996
1995-12-26T12:00:00Z,84.28011297536025,1996
1995-12-27T12:00:00Z,83.38990833348834,1996
1995-12-28T12:00:00Z,82.79242799663945,1996
1995-12-29T12:00:00Z,82.24556072672185,1996
1995-12-30T12:00:00Z,81.46067326756817,1996
1995-12-31T12:00:00Z,80.94996129558268,1996
1996-01-01T12:00:00Z,80.47517626601633,1996
1996-01-02T12:00:00Z,79.93679734512082,1996
1996-01-03T12:00:00Z,80.41641387756384,1996
1996-01-04T12:00:00Z,80.31176407693314,1996
1996-01-05T12:00:00Z,79.74097803043762,1996
1996-01-06T12:00:00Z,78.94160759370342,1996
1996-01-07T12:00:00Z,78.89710112710735,1996
1996-01-08T12:00:00Z,78.55118604727541,1996
1996-01-09T12:00:00Z,77.65216031043059,1996
1996-01-10T12:00:00Z,76.8900957159032,1996
1996-01-11T12:00:00Z,76.15099346387436,1996
1996-01-12T12:00:00Z,75.52014471373303,1996
1996-01-13T12:00:00Z,74.86711508711441,1996
1996-01-14T12:00:00Z,74.19888566766016,1996
1996-01-15T12:00:00Z,73.7038300347743,1996
1996-01-16T12:00:00Z,73.13033793311529,1996
1996-01-17T12:00:00Z,72.45261524477331,1996
1996-01-18T12:00:00Z,71.97050999193472,1996
1996-01-19T12:00:00Z,71.48519206604846,1996
1996-01-20T12:00:00Z,70.85464518271883,1996
1996-01-21T12:00:00Z,70.36188521267914,1996
1996-01-22T12:00:00Z,69.73298206340787,1996
1996-01-23T12:00:00Z,69.00792643061354,1996
1996-01-24T12:00:00Z,68.3144003119237,1996
1996-01-25T12:00:00Z,67.67709552648186,1996
1996-01-26T12:00:00Z,67.11552424393662,1996
1996-01-27T12:00:00Z,66.41669993409155,1996
1996-01-28T12:00:00Z,65.8006794888886,1996
1996-01-29T12:00:00Z,65.12132543278942,1996
1996-01-30T12:00:00Z,64.44398297159415,1996
1996-01-31T12:00:00Z,63.91788976494252,1996
1996-02-01T12:00:00Z,63.45915865426158,1996
1996-02-02T12:00:00Z,62.868397056520095,1996
1996-02-03T12:00:00Z,62.73140719069931,1996
1996-02-04T12:00:00Z,62.34995702962069,1996
1996-02-05T12:00:00Z,61.59892660139847,1996
1996-02-06T12:00:00Z,61.12876997125599,1996
1996-02-07T12:00:00Z,60.519174810362635,1996
1996-02-08T12:00:00Z,60.13353972271952,1996
1996-02-09T12:00:00Z,59.769761676479405,1996
1996-02-10T12:00:00Z,59.35349735015155,1996
1996-02-11T12:00:00Z,58.846700179769954,1996
1996-02-12T12:00:00Z,58.50049712118734,1996
1996-02-13T12:00:00Z,57.79897182718608,1996
1996-02-14T12:00:00Z,57.280063716108096,1996
1996-02-15T12:00:00Z,56.86093441254376,1996
1996-02-16T12:00:00Z,56.61075954288513,1996
1996-02-17T12:00:00Z,56.16217456124254,1996
1996-02-18T12:00:00Z,55.615277389315835,1996
1996-02-19T12:00:00Z,55.24345637311747,1996
1996-02-20T12:00:00Z,54.74578915088564,1996
1996-02-21T12:00:00Z,54.40416847279348,1996
1996-02-22T12:00:00Z,54.010410535385596,1996
1996-02-23T12:00:00Z,53.52043853009183,1996
1996-02-24T12:00:00Z,53.02826493417137,1996
1996-02-25T12:00:00Z,52.56540076490927,1996
1996-02-26T12:00:00Z,52.1008952895395,1996
1996-02-27T12:00:00Z,51.58206061195598,1996
1996-02-28T12:00:00Z,51.02638189937086,1996
1996-02-29T12:00:00Z,50.56860567812585,1996
1996-03-01T12:00:00Z,50.2278962275477,1996
1996-03-02T12:00:00Z,50.45476595827685,1996
1996-03-03T12:00:00Z,50.64601031362331,1996
1996-03-04T12:00:00Z,50.371309256367724,1996
1996-03-05T12:00:00Z,49.63936383636969,1996
1996-03-06T12:00:00Z,49.29190706048244,1996
1996-03-07T12:00:00Z,48.899350441496175,1996
1996-03-08T12:00:00Z,49.17705231307865,1996
1996-03-09T12:00:00Z,48.625567579812895,1996
1996-03-10T12:00:00Z,48.872036172446904,1996
1996-03-11T12:00:00Z,50.432389944130314,1996
1996-03-12T12:00:00Z,50.47217683843602,1996
1996-03-13T12:00:00Z,50.0858781673841,1996
1996-03-14T12:00:00Z,49.55202178177036,1996
1996-03-15T12:00:00Z,49.3408101201415,1996
1996-03-16T12:00:00Z,48.83587752664311,1996
1996-03-17T12:00:00Z,51.73477959818803,1996
1996-03-18T12:00:00Z,47.994107475807084,1996
1996-03-19T12:00:00Z,48.10131989715338,1996
1996-03-20T12:00:00Z,47.616837023830584,1996
1996-03-21T12:00:00Z,47.11691894714319,1996
1996-03-22T12:00:00Z,46.684043232094545,1996
1996-03-23T12:00:00Z,46.23884651170352,1996
1996-03-24T12:00:00Z,45.709735199871645,1996
1996-03-25T12:00:00Z,45.2551238386661,1996
1996-03-26T12:00:00Z,44.939247206863556,1996
1996-03-27T12:00:00Z,44.442455092660666,1996
1996-03-28T12:00:00Z,44.078009343962506,1996
1996-03-29T12:00:00Z,43.70328335455956,1996
1996-03-30T12:00:00Z,43.231441971493396,1996
1996-03-31T12:00:00Z,42.9415933280629,1996
1996-04-01T12:00:00Z,42.55706361016615,1996
1996-04-02T12:00:00Z,41.91992782931451,1996
1996-04-03T12:00:00Z,41.2196432478641,1996
1996-04-04T12:00:00Z,40.729538313986374,1996
1996-04-05T12:00:00Z,40.10280498374202,1996
1996-04-06T12:00:00Z,39.56218057917347,1996
1996-04-07T12:00:00Z,39.40567394638748,1996
1996-04-08T12:00:00Z,40.99051052521429,1996
1996-04-09T12:00:00Z,43.80291448958133,1996
1996-04-10T12:00:00Z,44.66783027671809,1996
1996-04-11T12:00:00Z,44.43797668383804,1996
1996-04-12T12:00:00Z,43.96388071400002,1996
1996-04-13T12:00:00Z,43.32641921017652,1996
1996-04-14T12:00:00Z,42.94540537083013,1996
1996-04-15T12:00:00Z,42.581077882323925,1996
1996-04-16T12:00:00Z,42.07808197881908,1996
1996-04-17T12:00:00Z,41.58783411850955,1996
1996-04-18T12:00:00Z,40.957049785721566,1996
1996-04-19T12:00:00Z,40.46753784847889,1996
1996-04-20T12:00:00Z,39.825351397005754,1996
1996-04-21T12:00:00Z,39.27479695329855,1996
1996-04-22T12:00:00Z,38.772946701553245,1996
1996-04-23T12:00:00Z,38.20352964853196,1996
1996-04-24T12:00:00Z,37.8412730280482,1996
1996-04-25T12:00:00Z,37.20362832035644,1996
1996-04-26T12:00:00Z,36.66382242350358,1996
1996-04-27T12:00:00Z,36.402161447745854,1996
1996-04-28T12:00:00Z,35.78751831420825,1996
1996-04-29T12:00:00Z,36.302924480564094,1996
1996-04-30T12:00:00Z,36.21345177680772,1996
1996-05-01T12:00:00Z,34.91689849057166,1996
1996-05-02T12:00:00Z,34.945202628938326,1996
1996-05-03T12:00:00Z,36.02572558379559,1996
1996-05-04T12:00:00Z,37.193421494839214,1996
1996-05-05T12:00:00Z,36.877728561190835,1996
1996-05-06T12:00:00Z,36.25480394186055,1996
1996-05-07T12:00:00Z,35.83991451297753,1996
1996-05-08T12:00:00Z,35.38700615208379,1996
1996-05-09T12:00:00Z,34.791829498785305,1996
1996-05-10T12:00:00Z,34.15181788471407,1996
1996-05-11T12:00:00Z,33.472373232415286,1996
1996-05-12T12:00:00Z,32.892672236121626,1996
1996-05-13T12:00:00Z,32.48166066325919,1996
1996-05-14T12:00:00Z,33.27018235726634,1996
1996-05-15T12:00:00Z,33.595557962839806,1996
1996-05-16T12:00:00Z,33.233178036328766,1996
1996-05-17T12:00:00Z,32.603892973388966,1996
1996-05-18T12:00:00Z,31.98362652756314,1996
1996-05-19T12:00:00Z,31.35575174470111,1996
1996-05-20T12:00:00Z,31.55151940650688,1996
1996-05-21T12:00:00Z,34.22739495069736,1996
1996-05-22T12:00:00Z,37.17744897980853,1996
1996-05-23T12:00:00Z,37.07608550082586,1996
1996-05-24T12:00:00Z,37.202285066363196,1996
1996-05-25T12:00:00Z,37.609490065640436,1996
1996-05-26T12:00:00Z,38.86267349115016,1996
1996-05-27T12:00:00Z,39.97150685677074,1996
1996-05-28T12:00:00Z,42.183241280668426,1996
1996-05-29T12:00:00Z,43.02481739064785,1996
1996-05-30T12:00:00Z,43.73587341628964,1996
1996-06-01T12:00:00Z,43.764710758714955,1997
1996-06-02T12:00:00Z,43.49269564422077,1997
1996-06-03T12:00:00Z,43.25144567186416,1997
1996-06-04T12:00:00Z,43.079305366191164,1997
1996-06-05T12:00:00Z,43.10290848400754,1997
1996-06-06T12:00:00Z,42.66562123976572,1997
1996-06-07T12:00:00Z,42.70989707392994,1997
1996-06-08T12:00:00Z,43.42181688021527,1997
1996-06-09T12:00:00Z,44.229487512379116,1997
1996-06-10T12:00:00Z,46.35130291294036,1997
1996-06-11T12:00:00Z,46.75875034343717,1997
1996-06-12T12:00:00Z,47.34463801667157,1997
1996-06-13T12:00:00Z,47.711695585840104,1997
1996-06-14T12:00:00Z,47.81998114308413,1997
1996-06-15T12:00:00Z,47.85586183086869,1997
1996-06-16T12:00:00Z,48.155281883839294,1997
1996-06-17T12:00:00Z,48.53142541657684,1997
1996-06-18T12:00:00Z,49.034114798744355,1997
1996-06-19T12:00:00Z,50.35070264389505,1997
1996-06-20T12:00:00Z,52.422656150227475,1997
1996-06-21T12:00:00Z,55.179517861533895,1997
1996-06-22T12:00:00Z,56.187603772580445,1997
1996-06-23T12:00:00Z,57.30793406138108,1997
1996-06-24T12:00:00Z,60.031991996376114,1997
1996-06-25T12:00:00Z,60.2732151582989,1997
1996-06-26T12:00:00Z,60.43651394995659,1997
1996-06-27T12:00:00Z,61.58230109349224,1997
1996-06-28T12:00:00Z,63.04064800443231,1997
1996-06-29T12:00:00Z,64.06538211476968,1997
1996-06-30T12:00:00Z,65.51446068437069,1997
1996-07-01T12:00:00Z,66.03962885325157,1997
1996-07-02T12:00:00Z,66.68337729625095,1997
1996-07-03T12:00:00Z,67.05947890393234,1997
1996-07-04T12:00:00Z,67.2950833646137,1997
1996-07-05T12:00:00Z,67.85868739566907,1997
1996-07-06T12:00:00Z,69.5701399278555,1997
1996-07-07T12:00:00Z,70.06712120252952,1997
1996-07-08T12:00:00Z,70.14057376131585,1997
1996-07-09T12:00:00Z,70.74525288728876,1997
1996-07-10T12:00:00Z,71.67820822813587,1997
1996-07-11T12:00:00Z,71.76937618381476,1997
1996-07-12T12:00:00Z,71.89671867796241,1997
1996-07-13T12:00:00Z,72.46806656277387,1997
1996-07-14T12:00:00Z,72.86963437085532,1997
1996-07-15T12:00:00Z,72.86598351106146,1997
1996-07-16T12:00:00Z,73.65544430023907,1997
1996-07-17T12:00:00Z,73.8014960057305,1997
1996-07-18T12:00:00Z,73.7592859296793,1997
1996-07-19T12:00:00Z,73.69091658429178,1997
1996-07-20T12:00:00Z,73.47056301554021,1997
1996-07-21T12:00:00Z,73.2639281874155,1997
1996-07-22T12:00:00Z,73.13554787821732,1997
1996-07-23T12:00:00Z,73.07307208678503,1997
1996-07-24T12:00:00Z,72.73748508126134,1997
1996-07-25T12:00:00Z,72.17592612382674,1997
1996-07-26T12:00:00Z,71.60397899515556,1997
1996-07-27T12:00:00Z,70.91388197122538,1997
1996-07-28T12:00:00Z,70.34148354350125,1997
1996-07-29T12:00:00Z,69.65338420124203,1997
1996-07-30T12:00:00Z,69.23596411088876,1997
1996-07-31T12:00:00Z,68.7560541488199,1997
1996-08-01T12:00:00Z,72.09660818538197,1997
1996-08-02T12:00:00Z,72.58762989604838,1997
1996-08-03T12:00:00Z,73.12331560863731,1997
1996-08-04T12:00:00Z,72.58387858637379,1997
1996-08-05T12:00:00Z,71.91167783365324,1997
1996-08-06T12:00:00Z,71.39693781138182,1997
1996-08-07T12:00:00Z,70.481849015939,1997
1996-08-08T12:00:00Z,69.8806435528385,1997
1996-08-09T12:00:00Z,69.9096444581323,1997
1996-08-10T12:00:00Z,69.44376692288495,1997
1996-08-11T12:00:00Z,68.94409422253733,1997
1996-08-12T12:00:00Z,68.13307913749891,1997
1996-08-13T12:00:00Z,67.52061774305905,1997
1996-08-14T12:00:00Z,65.36551662140717,1997
1996-08-15T12:00:00Z,65.0843348694763,1997
1996-08-16T12:00:00Z,64.99146376931888,1997
1996-08-17T12:00:00Z,64.55893966088985,1997
1996-08-18T12:00:00Z,64.10342852770388,1997
1996-08-19T12:00:00Z,64.06650395155954,1997
1996-08-20T12:00:00Z,63.98828601665531,1997
1996-08-21T12:00:00Z,64.67067349850953,1997
1996-08-22T12:00:00Z,63.80577073214508,1997
1996-08-23T12:00:00Z,64.25934935617246,1997
1996-08-24T12:00:00Z,65.59977101793386,1997
1996-08-25T12:00:00Z,65.72533384253325,1997
1996-08-26T12:00:00Z,67.22744593308511,1997
1996-08-27T12:00:00Z,68.80502981129848,1997
1996-08-28T12:00:00Z,69.06668033382459,1997
1996-08-29T12:00:00Z,68.70503907870159,1997
1996-08-30T12:00:00Z,68.23898057073765,1997
1996-08-31T12:00:00Z,68.18408550498152,1997
1996-09-01T12:00:00Z,67.42141726836518,1997
1996-09-02T12:00:00Z,66.7158752331565,1997
1996-09-03T12:00:00Z,66.25635502248305,1997
1996-09-04T12:00:00Z,65.528251050687075,1997
1996-09-05T12:00:00Z,64.8741230567058,1997
1996-09-06T12:00:00Z,64.23037255189342,1997
1996-09-07T12:00:00Z,63.95353048378362,1997
1996-09-08T12:00:00Z,64.04894072836434,1997
1996-09-09T12:00:00Z,64.22478000203792,1997
1996-09-10T12:00:00Z,65.21133501342334,1997
1996-09-11T12:00:00Z,65.82844654213689,1997
1996-09-12T12:00:00Z,65.64554160243391,1997
1996-09-13T12:00:00Z,65.51251719108083,1997
1996-09-14T12:00:00Z,65.0039661936082,1997
1996-09-15T12:00:00Z,64.402406419045775,1997
1996-09-16T12:00:00Z,63.94218681211878,1997
1996-09-17T12:00:00Z,63.66390223923599,1997
1996-09-18T12:00:00Z,63.215786884127084,1997
1996-09-19T12:00:00Z,63.19668998786913,1997
1996-09-20T12:00:00Z,63.33643115432089,1997
1996-09-21T12:00:00Z,63.0232753353199,1997
1996-09-22T12:00:00Z,62.63719763981774,1997
1996-09-23T12:00:00Z,62.244765782256145,1997
1996-09-24T12:00:00Z,61.89415877124258,1997
1996-09-25T12:00:00Z,61.28894648697824,1997
1996-09-26T12:00:00Z,60.63066001759365,1997
1996-09-27T12:00:00Z,60.1012483858819,1997
1996-09-28T12:00:00Z,59.49117304224702,1997
1996-09-29T12:00:00Z,58.949501767584714,1997
1996-09-30T12:00:00Z,58.597324110464776,1997
1996-10-01T12:00:00Z,58.68313594284927,1997
1996-10-02T12:00:00Z,58.48339741460277,1997
1996-10-03T12:00:00Z,58.34397828686216,1997
1996-10-04T12:00:00Z,60.07757619847491,1997
1996-10-05T12:00:00Z,60.74540633789136,1997
1996-10-06T12:00:00Z,61.4449658705649,1997
1996-10-07T12:00:00Z,62.293986644870735,1997
1996-10-08T12:00:00Z,64.67210103969197,1997
1996-10-09T12:00:00Z,67.3245272644995,1997
1996-10-10T12:00:00Z,66.99276318518645,1997
1996-10-11T12:00:00Z,66.61536053918977,1997
1996-10-12T12:00:00Z,66.24821473083313,1997
1996-10-13T12:00:00Z,68.51729690606679,1997
1996-10-14T12:00:00Z,70.48861187464045,1997
1996-10-15T12:00:00Z,70.52719119872314,1997
1996-10-16T12:00:00Z,71.0068788900301,1997
1996-10-17T12:00:00Z,72.43718312383055,1997
1996-10-18T12:00:00Z,75.10666930410915,1997
1996-10-19T12:00:00Z,76.1247858666487,1997
1996-10-20T12:00:00Z,76.08131262236323,1997
1996-10-21T12:00:00Z,76.14214299550368,1997
1996-10-22T12:00:00Z,76.08813126900986,1997
1996-10-23T12:00:00Z,76.02483024665818,1997
1996-10-24T12:00:00Z,75.898177269911,1997
1996-10-25T12:00:00Z,75.96142844032512,1997
1996-10-26T12:00:00Z,75.72301704896448,1997
1996-10-27T12:00:00Z,75.62759252043634,1997
1996-10-28T12:00:00Z,75.43615296792326,1997
1996-10-29T12:00:00Z,75.31551241860393,1997
1996-10-30T12:00:00Z,75.20533684934766,1997
1996-10-31T12:00:00Z,75.0486059755212,1997
1996-11-01T12:00:00Z,74.90823721013244,1997
1996-11-02T12:00:00Z,74.70981063797007,1997
1996-11-03T12:00:00Z,74.59105236142713,1997
1996-11-04T12:00:00Z,74.3847380571188,1997
1996-11-05T12:00:00Z,74.50769591031134,1997
1996-11-06T12:00:00Z,74.30835237371471,1997
1996-11-07T12:00:00Z,74.14346669774322,1997
1996-11-08T12:00:00Z,73.96901403105609,1997
1996-11-09T12:00:00Z,73.61496984279292,1997
1996-11-10T12:00:00Z,73.10852281448007,1997
1996-11-11T12:00:00Z,72.72925743830726,1997
1996-11-12T12:00:00Z,72.34197786373511,1997
1996-11-13T12:00:00Z,72.13710348521727,1997
1996-11-14T12:00:00Z,71.95541524629644,1997
1996-11-15T12:00:00Z,71.6729415248237,1997
1996-11-16T12:00:00Z,71.44379782490768,1997
1996-11-17T12:00:00Z,71.22456721881942,1997
1996-11-18T12:00:00Z,70.57872065113345,1997
1996-11-19T12:00:00Z,69.7906817257154,1997
1996-11-20T12:00:00Z,69.27276681351962,1997
1996-11-21T12:00:00Z,69.05301709738619,1997
1996-11-22T12:00:00Z,68.99877218007326,1997
1996-11-23T12:00:00Z,68.44703732440767,1997
1996-11-24T12:00:00Z,67.91081648782549,1997
1996-11-25T12:00:00Z,67.42932755917079,1997
1996-11-26T12:00:00Z,66.9408569770726,1997
1996-11-27T12:00:00Z,66.55994798125946,1997
1996-11-28T12:00:00Z,65.98239060912793,1997
1996-11-29T12:00:00Z,65.59218472009944,1997
1996-11-30T12:00:00Z,65.07714365482616,1997
1996-12-01T12:00:00Z,64.74263890431753,1997
1996-12-02T12:00:00Z,64.3024119724395,1997
1996-12-03T12:00:00Z,63.72971654524686,1997
1996-12-04T12:00:00Z,63.2516109075243,1997
1996-12-05T12:00:00Z,62.892525504146,1997
1996-12-06T12:00:00Z,62.77659033470405,1997
1996-12-07T12:00:00Z,62.47821849280657,1997
1996-12-08T12:00:00Z,62.49597015106256,1997
1996-12-09T12:00:00Z,61.925963032796275,1997
1996-12-10T12:00:00Z,61.27954221243764,1997
1996-12-11T12:00:00Z,60.75009706768363,1997
1996-12-12T12:00:00Z,60.47215125456354,1997
1996-12-13T12:00:00Z,60.23848928715844,1997
1996-12-14T12:00:00Z,59.86885030983305,1997
1996-12-15T12:00:00Z,59.35165893609608,1997
1996-12-16T12:00:00Z,58.957712071629864,1997
1996-12-17T12:00:00Z,58.84568996921441,1997
1996-12-18T12:00:00Z,58.634578361579884,1997
1996-12-19T12:00:00Z,58.58606021105349,1997
1996-12-20T12:00:00Z,58.13664771470755,1997
1996-12-21T12:00:00Z,57.86837869013722,1997
1996-12-22T12:00:00Z,57.66818797953056,1997
1996-12-23T12:00:00Z,57.48654739114433,1997
1996-12-24T12:00:00Z,57.16390369921011,1997
1996-12-25T12:00:00Z,56.9442042743795,1997
1996-12-26T12:00:00Z,56.723505698640544,1997
1996-12-27T12:00:00Z,57.1431023152059,1997
1996-12-28T12:00:00Z,57.11891412534754,1997
1996-12-29T12:00:00Z,56.96652766767203,1997
1996-12-30T12:00:00Z,57.016609038574366,1997
1996-12-31T12:00:00Z,56.71663889115487,1997
1997-01-01T12:00:00Z,56.49527552146431,1997
1997-01-02T12:00:00Z,56.25128702210608,1997
1997-01-03T12:00:00Z,56.06330797896817,1997
1997-01-04T12:00:00Z,55.84436428754288,1997
1997-01-05T12:00:00Z,55.56872635024997,1997
1997-01-06T12:00:00Z,55.30322655103989,1997
1997-01-07T12:00:00Z,55.08745328494726,1997
1997-01-08T12:00:00Z,54.70545243673433,1997
1997-01-09T12:00:00Z,54.49180301192569,1997
1997-01-10T12:00:00Z,55.33965444536215,1997
1997-01-11T12:00:00Z,55.11088112120007,1997
1997-01-12T12:00:00Z,54.7891689934413,1997
1997-01-13T12:00:00Z,55.1887956995698,1997
1997-01-14T12:00:00Z,57.4674896098356,1997
1997-01-15T12:00:00Z,57.894542291340315,1997
1997-01-16T12:00:00Z,58.079078193760665,1997
1997-01-17T12:00:00Z,57.91925330525326,1997
1997-01-18T12:00:00Z,57.46143846105657,1997
1997-01-19T12:00:00Z,56.96410793219774,1997
1997-01-20T12:00:00Z,56.76262915370417,1997
1997-01-21T12:00:00Z,56.542525803463576,1997
1997-01-22T12:00:00Z,56.3489424093941,1997
1997-01-23T12:00:00Z,56.12861657328568,1997
1997-01-24T12:00:00Z,55.89879464445246,1997
1997-01-25T12:00:00Z,55.617048642273495,1997
1997-01-26T12:00:00Z,55.47125837054879,1997
1997-01-27T12:00:00Z,55.29850782773133,1997
1997-01-28T12:00:00Z,55.13756585078248,1997
1997-01-29T12:00:00Z,54.91434750159343,1997
1997-01-30T12:00:00Z,54.72986305753986,1997
1997-01-31T12:00:00Z,54.40064524174023,1997
1997-02-01T12:00:00Z,54.06270913328321,1997
1997-02-02T12:00:00Z,53.65558284903688,1997
1997-02-03T12:00:00Z,53.24982258797264,1997
1997-02-04T12:00:00Z,52.922520738772164,1997
1997-02-05T12:00:00Z,52.855486020258105,1997
1997-02-06T12:00:00Z,52.77297902235959,1997
1997-02-07T12:00:00Z,52.499476278908034,1997
1997-02-08T12:00:00Z,52.187335194551665,1997
1997-02-09T12:00:00Z,52.001337725313824,1997
1997-02-10T12:00:00Z,51.646391826828726,1997
1997-02-11T12:00:00Z,51.23352737747128,1997
1997-02-12T12:00:00Z,50.76937967585316,1997
1997-02-13T12:00:00Z,50.37959039204122,1997
1997-02-14T12:00:00Z,50.01396194531235,1997
1997-02-15T12:00:00Z,49.781960016535514,1997
1997-02-16T12:00:00Z,50.36207263170779,1997
1997-02-17T12:00:00Z,51.43331876227293,1997
1997-02-18T12:00:00Z,51.02962722503717,1997
1997-02-19T12:00:00Z,50.85685487643072,1997
1997-02-20T12:00:00Z,50.510232905963974,1997
1997-02-21T12:00:00Z,50.233360324852754,1997
1997-02-22T12:00:00Z,49.896567646157045,1997
1997-02-23T12:00:00Z,49.82400684322364,1997
1997-02-24T12:00:00Z,49.87514168156359,1997
1997-02-25T12:00:00Z,49.82902553629289,1997
1997-02-26T12:00:00Z,49.34367280444058,1997
1997-02-27T12:00:00Z,48.895879076137895,1997
1997-02-28T12:00:00Z,48.3896250664723,1997
1997-03-01T12:00:00Z,47.847282704866494,1997
1997-03-02T12:00:00Z,47.37972300940813,1997
1997-03-03T12:00:00Z,46.83808912198273,1997
1997-03-04T12:00:00Z,46.409909216887094,1997
1997-03-05T12:00:00Z,45.96857685576532,1997
1997-03-06T12:00:00Z,45.43935081239368,1997
1997-03-07T12:00:00Z,45.11972012259535,1997
1997-03-08T12:00:00Z,44.68017185442306,1997
1997-03-09T12:00:00Z,43.98466479570907,1997
1997-03-10T12:00:00Z,43.45704087026833,1997
1997-03-11T12:00:00Z,43.02877805328827,1997
1997-03-12T12:00:00Z,42.45849205937011,1997
1997-03-13T12:00:00Z,41.800090295509015,1997
1997-03-14T12:00:00Z,44.0865393937814,1997
1997-03-15T12:00:00Z,46.246365055754715,1997
1997-03-16T12:00:00Z,46.00794668260562,1997
1997-03-17T12:00:00Z,45.76995757617275,1997
1997-03-18T12:00:00Z,45.490631412444316,1997
1997-03-19T12:00:00Z,45.00359093449254,1997
1997-03-20T12:00:00Z,44.57955510643477,1997
1997-03-21T12:00:00Z,44.428186999013775,1997
1997-03-22T12:00:00Z,44.19964615856736,1997
1997-03-23T12:00:00Z,43.833867934054794,1997
1997-03-24T12:00:00Z,43.55297708311121,1997
1997-03-25T12:00:00Z,43.36404871583056,1997
1997-03-26T12:00:00Z,42.89029027232883,1997
1997-03-27T12:00:00Z,42.76759796737552,1997
1997-03-28T12:00:00Z,42.097204619134764,1997
1997-03-29T12:00:00Z,41.399413776454914,1997
1997-03-30T12:00:00Z,40.67623310054786,1997
1997-03-31T12:00:00Z,40.10868140245242,1997
1997-04-01T12:00:00Z,39.416325510227544,1997
1997-04-02T12:00:00Z,38.46350267452613,1997
1997-04-03T12:00:00Z,37.93199794336787,1997
1997-04-04T12:00:00Z,37.16972268693234,1997
1997-04-05T12:00:00Z,36.34710610520718,1997
1997-04-06T12:00:00Z,35.66775941076433,1997
1997-04-07T12:00:00Z,35.005595604817024,1997
1997-04-08T12:00:00Z,34.60880395332067,1997
1997-04-09T12:00:00Z,35.020596591741224,1997
1997-04-10T12:00:00Z,37.77016423573806,1997
1997-04-11T12:00:00Z,38.03519674254236,1997
1997-04-12T12:00:00Z,39.18427178898327,1997
1997-04-13T12:00:00Z,39.47688909026056,1997
1997-04-14T12:00:00Z,40.018077278251624,1997
1997-04-15T12:00:00Z,40.89846169254918,1997
1997-04-16T12:00:00Z,40.93551302099199,1997
1997-04-17T12:00:00Z,40.55867005767548,1997
1997-04-18T12:00:00Z,39.919150644816106,1997
1997-04-19T12:00:00Z,39.05088850775377,1997
1997-04-20T12:00:00Z,38.459335915257135,1997
1997-04-21T12:00:00Z,38.02215271133395,1997
1997-04-22T12:00:00Z,37.54296095126678,1997
1997-04-23T12:00:00Z,37.009748659093866,1997
1997-04-24T12:00:00Z,36.480837446097205,1997
1997-04-25T12:00:00Z,36.10112166333213,1997
1997-04-26T12:00:00Z,38.42567293502359,1997
1997-04-27T12:00:00Z,42.21203416024559,1997
1997-04-28T12:00:00Z,42.31993578548695,1997
1997-04-29T12:00:00Z,42.720884809396765,1997
1997-04-30T12:00:00Z,42.20731167716042,1997
1997-05-01T12:00:00Z,41.75423227045875,1997
1997-05-02T12:00:00Z,41.50759751995524,1997
1997-05-03T12:00:00Z,41.283704635263135,1997
1997-05-04T12:00:00Z,41.0369821123971,1997
1997-05-05T12:00:00Z,40.6209212121809,1997
1997-05-06T12:00:00Z,39.826413331377914,1997
1997-05-07T12:00:00Z,39.127868393758995,1997
1997-05-08T12:00:00Z,38.1833267738237,1997
1997-05-09T12:00:00Z,37.580121013456,1997
1997-05-10T12:00:00Z,36.74212729094196,1997
1997-05-11T12:00:00Z,36.59653630339606,1997
1997-05-12T12:00:00Z,37.91559796713753,1997
1997-05-13T12:00:00Z,39.48912055662598,1997
1997-05-14T12:00:00Z,39.19136053999527,1997
1997-05-15T12:00:00Z,38.47726236994422,1997
1997-05-16T12:00:00Z,38.1211435126915,1997
1997-05-17T12:00:00Z,37.72176948506173,1997
1997-05-18T12:00:00Z,37.91040568360327,1997
1997-05-19T12:00:00Z,38.01002115937286,1997
1997-05-20T12:00:00Z,37.81042508615587,1997
1997-05-21T12:00:00Z,38.7945490049329,1997
1997-05-22T12:00:00Z,38.611874796061294,1997
1997-05-23T12:00:00Z,38.598978258852625,1997
1997-05-24T12:00:00Z,38.1085245124437,1997
1997-05-25T12:00:00Z,37.679555097739,1997
1997-05-26T12:00:00Z,37.314710432852394,1997
1997-05-27T12:00:00Z,37.57342678955664,1997
1997-05-28T12:00:00Z,37.48387576894411,1997
1997-05-29T12:00:00Z,37.41356761454106,1997
1997-05-30T12:00:00Z,37.372538243358406,1997
1997-06-01T12:00:00Z,36.95812440905374,1998
1997-06-02T12:00:00Z,38.418771852471544,1998
1997-06-03T12:00:00Z,39.28608712766724,1998
1997-06-04T12:00:00Z,39.7538838629674,1998
1997-06-05T12:00:00Z,39.632183820956755,1998
1997-06-06T12:00:00Z,39.33292573357887,1998
1997-06-07T12:00:00Z,39.051250027551866,1998
1997-06-08T12:00:00Z,39.38663196849766,1998
1997-06-09T12:00:00Z,42.421548821644365,1998
1997-06-10T12:00:00Z,47.80263345142861,1998
1997-06-11T12:00:00Z,48.44519478214953,1998
1997-06-12T12:00:00Z,49.91966037258246,1998
1997-06-13T12:00:00Z,51.36903799202318,1998
1997-06-14T12:00:00Z,52.454064610051624,1998
1997-06-15T12:00:00Z,54.920760664456466,1998
1997-06-16T12:00:00Z,55.490718882743224,1998
1997-06-17T12:00:00Z,55.67339427469731,1998
1997-06-18T12:00:00Z,55.806447810016856,1998
1997-06-19T12:00:00Z,57.333075744775364,1998
1997-06-20T12:00:00Z,58.499521462589804,1998
1997-06-21T12:00:00Z,58.9470104888019,1998
1997-06-22T12:00:00Z,60.02551838646553,1998
1997-06-23T12:00:00Z,60.78745966352384,1998
1997-06-24T12:00:00Z,62.26346614222077,1998
1997-06-25T12:00:00Z,62.33186351316163,1998
1997-06-26T12:00:00Z,62.094278078130714,1998
1997-06-27T12:00:00Z,61.87864581395855,1998
1997-06-28T12:00:00Z,61.824116689113346,1998
1997-06-29T12:00:00Z,62.097501408074095,1998
1997-06-30T12:00:00Z,62.39903625872726,1998
1997-07-01T12:00:00Z,63.44759349216582,1998
1997-07-02T12:00:00Z,63.497366192960136,1998
1997-07-03T12:00:00Z,63.77926675559664,1998
1997-07-04T12:00:00Z,64.35880060544898,1998
1997-07-05T12:00:00Z,64.98879532565167,1998
1997-07-06T12:00:00Z,65.5038776340496,1998
1997-07-07T12:00:00Z,66.54194677955888,1998
1997-07-08T12:00:00Z,66.28173471369568,1998
1997-07-09T12:00:00Z,66.38799140577768,1998
1997-07-10T12:00:00Z,66.38026820447678,1998
1997-07-11T12:00:00Z,66.57917100509341,1998
1997-07-12T12:00:00Z,68.18710614108868,1998
1997-07-13T12:00:00Z,70.35295085758239,1998
1997-07-14T12:00:00Z,70.12148972564496,1998
1997-07-15T12:00:00Z,70.41189461692622,1998
1997-07-16T12:00:00Z,70.82350176311783,1998
1997-07-17T12:00:00Z,71.0223031390121,1998
1997-07-18T12:00:00Z,71.17019756296544,1998
1997-07-19T12:00:00Z,71.31156737173683,1998
1997-07-20T12:00:00Z,71.62337992301443,1998
1997-07-21T12:00:00Z,72.33174014534862,1998
1997-07-22T12:00:00Z,73.39045901833427,1998
1997-07-23T12:00:00Z,74.43523499889866,1998
1997-07-24T12:00:00Z,74.32478078969167,1998
1997-07-25T12:00:00Z,74.40119939116424,1998
1997-07-26T12:00:00Z,74.68456020481085,1998
1997-07-27T12:00:00Z,74.55438646157488,1998
1997-07-28T12:00:00Z,74.59695952426335,1998
1997-07-29T12:00:00Z,74.42086364068739,1998
1997-07-30T12:00:00Z,74.52986055086956,1998
1997-07-31T12:00:00Z,74.88544127951143,1998
1997-08-01T12:00:00Z,74.93149346052421,1998
1997-08-02T12:00:00Z,74.89401716290654,1998
1997-08-03T12:00:00Z,75.50719502019396,1998
1997-08-04T12:00:00Z,76.96712471928221,1998
1997-08-05T12:00:00Z,77.109423325601,1998
1997-08-06T12:00:00Z,77.16635166390184,1998
1997-08-07T12:00:00Z,77.04711827562465,1998
1997-08-08T12:00:00Z,77.0329799457589,1998
1997-08-09T12:00:00Z,77.81318164315135,1998
1997-08-10T12:00:00Z,79.34439296756737,1998
1997-08-11T12:00:00Z,79.29855003196748,1998
1997-08-12T12:00:00Z,79.54300567727641,1998
1997-08-13T12:00:00Z,79.36431730072442,1998
1997-08-14T12:00:00Z,79.17610076464932,1998
1997-08-15T12:00:00Z,79.19625426797575,1998
1997-08-16T12:00:00Z,80.57440352826042,1998
1997-08-17T12:00:00Z,80.83195910256426,1998
1997-08-18T12:00:00Z,80.45979202444423,1998
1997-08-19T12:00:00Z,80.14366212145754,1998
1997-08-20T12:00:00Z,79.92116157838379,1998
1997-08-21T12:00:00Z,79.97352241053865,1998
1997-08-22T12:00:00Z,80.53082364636691,1998
1997-08-23T12:00:00Z,80.63846567081848,1998
1997-08-24T12:00:00Z,80.73050502051689,1998
1997-08-25T12:00:00Z,80.95649398181277,1998
1997-08-26T12:00:00Z,81.33020379719223,1998
1997-08-27T12:00:00Z,81.5944047823736,1998
1997-08-28T12:00:00Z,81.73559087926067,1998
1997-08-29T12:00:00Z,81.71437747820309,1998
1997-08-30T12:00:00Z,81.65213207434807,1998
1997-08-31T12:00:00Z,81.97723563960304,1998
1997-09-01T12:00:00Z,82.35874944228074,1998
1997-09-02T12:00:00Z,82.15919150688295,1998
1997-09-03T12:00:00Z,82.1275115651003,1998
1997-09-04T12:00:00Z,83.18331932520967,1998
1997-09-05T12:00:00Z,84.63363354550769,1998
1997-09-06T12:00:00Z,86.44275942861354,1998
1997-09-07T12:00:00Z,86.3206537220388,1998
1997-09-08T12:00:00Z,86.02401174123085,1998
1997-09-09T12:00:00Z,85.6480422429003,1998
1997-09-10T12:00:00Z,85.39826264864826,1998
1997-09-11T12:00:00Z,85.07758992177395,1998
1997-09-12T12:00:00Z,85.21497043135929,1998
1997-09-13T12:00:00Z,85.59851694364497,1998
1997-09-14T12:00:00Z,86.15434260102326,1998
1997-09-15T12:00:00Z,86.60636538006119,1998
1997-09-16T12:00:00Z,86.42037118089077,1998
1997-09-17T12:00:00Z,86.12265700012463,1998
1997-09-18T12:00:00Z,85.91673570803417,1998
1997-09-19T12:00:00Z,85.70674636968968,1998
1997-09-20T12:00:00Z,85.81041034682468,1998
1997-09-21T12:00:00Z,85.75329381602927,1998
1997-09-22T12:00:00Z,85.39576039259921,1998
1997-09-23T12:00:00Z,84.98930013801927,1998
1997-09-24T12:00:00Z,84.72370759612726,1998
1997-09-25T12:00:00Z,84.44903895121244,1998
1997-09-26T12:00:00Z,84.21062909534182,1998
1997-09-27T12:00:00Z,84.13112842214272,1998
1997-09-28T12:00:00Z,86.96975176421626,1998
1997-09-29T12:00:00Z,89.29821356971891,1998
1997-09-30T12:00:00Z,90.11316561684612,1998
1997-10-01T12:00:00Z,90.04035862978161,1998
1997-10-02T12:00:00Z,89.5817572416913,1998
1997-10-03T12:00:00Z,89.09771051618533,1998
1997-10-04T12:00:00Z,88.46718713889669,1998
1997-10-05T12:00:00Z,87.86139859964409,1998
1997-10-06T12:00:00Z,87.33853894275467,1998
1997-10-07T12:00:00Z,86.63323166589217,1998
1997-10-08T12:00:00Z,86.05617242640339,1998
1997-10-09T12:00:00Z,85.4955516602368,1998
1997-10-10T12:00:00Z,85.23232516887735,1998
1997-10-11T12:00:00Z,84.74680133629646,1998
1997-10-12T12:00:00Z,84.09377772806644,1998
1997-10-13T12:00:00Z,83.51604832384353,1998
1997-10-14T12:00:00Z,82.82120053040173,1998
1997-10-15T12:00:00Z,82.1955643890143,1998
1997-10-16T12:00:00Z,81.53808334249898,1998
1997-10-17T12:00:00Z,81.05276355159876,1998
1997-10-18T12:00:00Z,80.37056031481691,1998
1997-10-19T12:00:00Z,79.75665954150479,1998
1997-10-20T12:00:00Z,79.0292531192553,1998
1997-10-21T12:00:00Z,78.22227379627834,1998
1997-10-22T12:00:00Z,77.5980416991858,1998
1997-10-23T12:00:00Z,76.81409691877542,1998
1997-10-24T12:00:00Z,76.22023935666968,1998
1997-10-25T12:00:00Z,75.49342364269455,1998
1997-10-26T12:00:00Z,74.88069399059641,1998
1997-10-27T12:00:00Z,74.21077315680053,1998
1997-10-28T12:00:00Z,73.54594301018946,1998
1997-10-29T12:00:00Z,72.89258327609991,1998
1997-10-30T12:00:00Z,72.35046852857822,1998
1997-10-31T12:00:00Z,71.74780271149139,1998
1997-11-01T12:00:00Z,71.0323873884891,1998
1997-11-02T12:00:00Z,70.59911960173883,1998
1997-11-03T12:00:00Z,70.19876157672518,1998
1997-11-04T12:00:00Z,69.42847518829365,1998
1997-11-05T12:00:00Z,68.79812874934169,1998
1997-11-06T12:00:00Z,68.2389599274359,1998
1997-11-07T12:00:00Z,67.47387354575594,1998
1997-11-08T12:00:00Z,66.56198553303865,1998
1997-11-09T12:00:00Z,65.8568035599423,1998
1997-11-10T12:00:00Z,65.28450041726884,1998
1997-11-11T12:00:00Z,64.55741423736737,1998
1997-11-12T12:00:00Z,63.971190264358015,1998
1997-11-13T12:00:00Z,63.53146337819228,1998
1997-11-14T12:00:00Z,65.31462068334623,1998
1997-11-15T12:00:00Z,66.63536088253541,1998
1997-11-16T12:00:00Z,66.42580266676767,1998
1997-11-17T12:00:00Z,65.83845111775985,1998
1997-11-18T12:00:00Z,65.37242327382913,1998
1997-11-19T12:00:00Z,65.20942032830617,1998
1997-11-20T12:00:00Z,64.92697794364467,1998
1997-11-21T12:00:00Z,64.70711125337799,1998
1997-11-22T12:00:00Z,64.65492311465076,1998
1997-11-23T12:00:00Z,65.45967911672793,1998
1997-11-24T12:00:00Z,65.29826203033319,1998
1997-11-25T12:00:00Z,64.97060564083472,1998
1997-11-26T12:00:00Z,64.72069077929409,1998
1997-11-27T12:00:00Z,64.39704345812966,1998
1997-11-28T12:00:00Z,64.07075004142848,1998
1997-11-29T12:00:00Z,64.36988410881057,1998
1997-11-30T12:00:00Z,65.94772040007281,1998
1997-12-01T12:00:00Z,68.29810524101235,1998
1997-12-02T12:00:00Z,68.0049485250655,1998
1997-12-03T12:00:00Z,67.89062032716748,1998
1997-12-04T12:00:00Z,70.38539639789327,1998
1997-12-05T12:00:00Z,73.37595265828426,1998
1997-12-06T12:00:00Z,73.0631505626365,1998
1997-12-07T12:00:00Z,72.6305647554266,1998
1997-12-08T12:00:00Z,72.39985449412804,1998
1997-12-09T12:00:00Z,72.25164020311783,1998
1997-12-10T12:00:00Z,72.01808934477752,1998
1997-12-11T12:00:00Z,71.79908546946616,1998
1997-12-12T12:00:00Z,71.68998827645359,1998
1997-12-13T12:00:00Z,71.92487144584634,1998
1997-12-14T12:00:00Z,75.42217032438849,1998
1997-12-15T12:00:00Z,76.52581428523256,1998
1997-12-16T12:00:00Z,76.36508848971783,1998
1997-12-17T12:00:00Z,76.15890482105605,1998
1997-12-18T12:00:00Z,75.96359969186582,1998
1997-12-19T12:00:00Z,75.90077839916026,1998
1997-12-20T12:00:00Z,75.83353986322487,1998
1997-12-21T12:00:00Z,75.8651783605071,1998
1997-12-22T12:00:00Z,75.89403345603462,1998
1997-12-23T12:00:00Z,75.96265748910155,1998
1997-12-24T12:00:00Z,76.14005777945974,1998
1997-12-25T12:00:00Z,76.46169944401623,1998
1997-12-26T12:00:00Z,76.50711383602186,1998
1997-12-27T12:00:00Z,77.24229593397116,1998
1997-12-28T12:00:00Z,78.22103410662471,1998
1997-12-29T12:00:00Z,78.12619974631782,1998
1997-12-30T12:00:00Z,78.03680164998494,1998
1997-12-31T12:00:00Z,77.71355243264091,1998
1998-01-01T12:00:00Z,77.50425133250327,1998
1998-01-02T12:00:00Z,77.35494460556131,1998
1998-01-03T12:00:00Z,77.08665272484444,1998
1998-01-04T12:00:00Z,77.00428261897059,1998
1998-01-05T12:00:00Z,76.98634816188618,1998
1998-01-06T12:00:00Z,76.8431210394884,1998
1998-01-07T12:00:00Z,76.56232707087122,1998
1998-01-08T12:00:00Z,76.53398514709289,1998
1998-01-09T12:00:00Z,77.12977298262882,1998
1998-01-10T12:00:00Z,76.92183524202142,1998
1998-01-11T12:00:00Z,76.52596705619203,1998
1998-01-12T12:00:00Z,75.93279960646055,1998
1998-01-13T12:00:00Z,75.37417451736093,1998
1998-01-14T12:00:00Z,74.88968892088891,1998
1998-01-15T12:00:00Z,74.37911740848241,1998
1998-01-16T12:00:00Z,74.96846966895073,1998
1998-01-17T12:00:00Z,74.55582754985258,1998
1998-01-18T12:00:00Z,74.31182036145262,1998
1998-01-19T12:00:00Z,73.77288486775912,1998
1998-01-20T12:00:00Z,73.54077406564585,1998
1998-01-21T12:00:00Z,73.34139071386163,1998
1998-01-22T12:00:00Z,73.07857815949018,1998
1998-01-23T12:00:00Z,72.62214859274239,1998
1998-01-24T12:00:00Z,72.54824918118793,1998
1998-01-25T12:00:00Z,72.19051075038898,1998
1998-01-26T12:00:00Z,71.93270607658253,1998
1998-01-27T12:00:00Z,71.59339900666107,1998
1998-01-28T12:00:00Z,71.25325978810585,1998
1998-01-29T12:00:00Z,70.67286888767876,1998
1998-01-30T12:00:00Z,70.15993254443593,1998
1998-01-31T12:00:00Z,69.69626421090294,1998
1998-02-01T12:00:00Z,69.15110574457984,1998
1998-02-02T12:00:00Z,70.10248580777008,1998
1998-02-03T12:00:00Z,77.23365914585638,1998
1998-02-04T12:00:00Z,76.99828704303084,1998
1998-02-05T12:00:00Z,76.6365157518118,1998
1998-02-06T12:00:00Z,76.45673534894462,1998
1998-02-07T12:00:00Z,76.36948826589052,1998
1998-02-08T12:00:00Z,75.8995835728179,1998
1998-02-09T12:00:00Z,75.60495267203274,1998
1998-02-10T12:00:00Z,75.06375368526759,1998
1998-02-11T12:00:00Z,74.64656027077055,1998
1998-02-12T12:00:00Z,74.15177733725106,1998
1998-02-13T12:00:00Z,73.86073155623392,1998
1998-02-14T12:00:00Z,73.47513783299858,1998
1998-02-15T12:00:00Z,73.1144609273946,1998
1998-02-16T12:00:00Z,77.1386157438007,1998
1998-02-17T12:00:00Z,77.02885513442966,1998
1998-02-18T12:00:00Z,77.86938418666975,1998
1998-02-19T12:00:00Z,77.77530079997794,1998
1998-02-20T12:00:00Z,77.697988314477,1998
1998-02-21T12:00:00Z,77.45723092548849,1998
1998-02-22T12:00:00Z,76.88555485085234,1998
1998-02-23T12:00:00Z,76.95042287166346,1998
1998-02-24T12:00:00Z,76.85740654984848,1998
1998-02-25T12:00:00Z,76.47016596207736,1998
1998-02-26T12:00:00Z,75.89582320581172,1998
1998-02-27T12:00:00Z,75.54969801098984,1998
1998-02-28T12:00:00Z,75.1893853643517,1998
1998-03-01T12:00:00Z,76.03786057287444,1998
1998-03-02T12:00:00Z,76.40732805358483,1998
1998-03-03T12:00:00Z,75.88100575456808,1998
1998-03-04T12:00:00Z,75.40819901968092,1998
1998-03-05T12:00:00Z,74.91120985702761,1998
1998-03-06T12:00:00Z,74.26480438928084,1998
1998-03-07T12:00:00Z,73.6621866643822,1998
1998-03-08T12:00:00Z,73.02383653975991,1998
1998-03-09T12:00:00Z,75.95913267221434,1998
1998-03-10T12:00:00Z,76.51136279778346,1998
1998-03-11T12:00:00Z,76.14910863042235,1998
1998-03-12T12:00:00Z,75.64385814929909,1998
1998-03-13T12:00:00Z,75.06124555499666,1998
1998-03-14T12:00:00Z,74.5887850490815,1998
1998-03-15T12:00:00Z,74.19902752542752,1998
1998-03-16T12:00:00Z,73.7319663653634,1998
1998-03-17T12:00:00Z,73.1610139092787,1998
1998-03-18T12:00:00Z,72.56880574721238,1998
1998-03-19T12:00:00Z,72.8492933867145,1998
1998-03-20T12:00:00Z,77.50129649591932,1998
1998-03-21T12:00:00Z,77.75821493339882,1998
1998-03-22T12:00:00Z,77.49792661935753,1998
1998-03-23T12:00:00Z,77.33160770418549,1998
1998-03-24T12:00:00Z,76.9461252387584,1998
1998-03-25T12:00:00Z,76.57723972478453,1998
1998-03-26T12:00:00Z,76.154015205259725,1998
1998-03-27T12:00:00Z,75.78557107258358,1998
1998-03-28T12:00:00Z,75.48352009590758,1998
1998-03-29T12:00:00Z,75.19677331394684,1998
1998-03-30T12:00:00Z,74.8188066419614,1998
1998-03-31T12:00:00Z,74.15021635946859,1998
1998-04-01T12:00:00Z,73.53571435599964,1998
1998-04-02T12:00:00Z,73.05095982909131,1998
1998-04-03T12:00:00Z,72.33454561834215,1998
1998-04-04T12:00:00Z,71.70479658798465,1998
1998-04-05T12:00:00Z,71.30501502620008,1998
1998-04-06T12:00:00Z,70.49805081326875,1998
1998-04-07T12:00:00Z,69.69662225468115,1998
1998-04-08T12:00:00Z,68.87256930327801,1998
1998-04-09T12:00:00Z,68.02937732918504,1998
1998-04-10T12:00:00Z,67.28967671889207,1998
1998-04-11T12:00:00Z,66.19428404892142,1998
1998-04-12T12:00:00Z,65.20060381920808,1998
1998-04-13T12:00:00Z,64.24847147803716,1998
1998-04-14T12:00:00Z,63.37765115281387,1998
1998-04-15T12:00:00Z,62.41294019180783,1998
1998-04-16T12:00:00Z,61.531665417557356,1998
1998-04-17T12:00:00Z,60.37192838150509,1998
1998-04-18T12:00:00Z,59.33938504352352,1998
1998-04-19T12:00:00Z,58.40442199340894,1998
1998-04-20T12:00:00Z,57.4374356032419,1998
1998-04-21T12:00:00Z,56.404594474019014,1998
1998-04-22T12:00:00Z,55.30472307027852,1998
1998-04-23T12:00:00Z,54.11045302383615,1998
1998-04-24T12:00:00Z,52.998148494233035,1998
1998-04-25T12:00:00Z,51.92770220980218,1998
1998-04-26T12:00:00Z,50.90594531392794,1998
1998-04-27T12:00:00Z,49.91536292732298,1998
1998-04-28T12:00:00Z,49.02428953219976,1998
1998-04-29T12:00:00Z,48.329563088236846,1998
1998-04-30T12:00:00Z,48.432656258970376,1998
1998-05-01T12:00:00Z,48.570766323114775,1998
1998-05-02T12:00:00Z,47.798819211835124,1998
1998-05-03T12:00:00Z,46.767177602382354,1998
1998-05-04T12:00:00Z,45.83015673247797,1998
1998-05-05T12:00:00Z,45.10928893704291,1998
1998-05-06T12:00:00Z,44.26004089190707,1998
1998-05-07T12:00:00Z,43.84078163462767,1998
1998-05-08T12:00:00Z,42.862886063839476,1998
1998-05-09T12:00:00Z,41.61515378580168,1998
1998-05-10T12:00:00Z,40.502902689420615,1998
1998-05-11T12:00:00Z,39.253783200269126,1998
1998-05-12T12:00:00Z,38.224489890535075,1998
1998-05-13T12:00:00Z,37.18433768919434,1998
1998-05-14T12:00:00Z,36.04039855252216,1998
1998-05-15T12:00:00Z,34.96636674328342,1998
1998-05-16T12:00:00Z,33.67404725155433,1998
1998-05-17T12:00:00Z,32.64516616940284,1998
1998-05-18T12:00:00Z,31.78250446788694,1998
1998-05-19T12:00:00Z,31.372969343051555,1998
1998-05-20T12:00:00Z,33.263117572255815,1998
1998-05-21T12:00:00Z,33.27915755960136,1998
1998-05-22T12:00:00Z,32.83753119447522,1998
1998-05-23T12:00:00Z,32.37083652452859,1998
1998-05-24T12:00:00Z,31.753615754052557,1998
1998-05-25T12:00:00Z,31.239003925746832,1998
1998-05-26T12:00:00Z,30.742419031757613,1998
1998-05-27T12:00:00Z,30.49955291153073,1998
1998-05-28T12:00:00Z,30.798379709281534,1998
1998-05-29T12:00:00Z,32.8265512760485,1998
1998-05-30T12:00:00Z,34.30576853760718,1998
1998-06-01T12:00:00Z,34.14106368560883,1999
1998-06-02T12:00:00Z,33.83546470179841,1999
1998-06-03T12:00:00Z,33.390893227909594,1999
1998-06-04T12:00:00Z,32.872892776791325,1999
1998-06-05T12:00:00Z,32.2682635256396,1999
1998-06-06T12:00:00Z,31.70720083583381,1999
1998-06-07T12:00:00Z,31.27871536364724,1999
1998-06-08T12:00:00Z,30.66384510802307,1999
1998-06-09T12:00:00Z,30.162803894756937,1999
1998-06-10T12:00:00Z,29.571457293624285,1999
1998-06-11T12:00:00Z,29.47252935353481,1999
1998-06-12T12:00:00Z,28.753387531264497,1999
1998-06-13T12:00:00Z,28.633065345549053,1999
1998-06-14T12:00:00Z,27.998661686577478,1999
1998-06-15T12:00:00Z,27.270371373570743,1999
1998-06-16T12:00:00Z,26.531370413539364,1999
1998-06-17T12:00:00Z,26.11320376381877,1999
1998-06-18T12:00:00Z,25.76179301416938,1999
1998-06-19T12:00:00Z,25.55351697833651,1999
1998-06-20T12:00:00Z,25.36162708330526,1999
1998-06-21T12:00:00Z,25.382545143955827,1999
1998-06-22T12:00:00Z,25.936592809154234,1999
1998-06-23T12:00:00Z,25.76198556827941,1999
1998-06-24T12:00:00Z,26.139690563931893,1999
1998-06-25T12:00:00Z,27.077924798188555,1999
1998-06-26T12:00:00Z,28.20137768787185,1999
1998-06-27T12:00:00Z,27.709484754812955,1999
1998-06-28T12:00:00Z,27.98080416875609,1999
1998-06-29T12:00:00Z,28.028805760759468,1999
1998-06-30T12:00:00Z,27.48534490565876,1999
1998-07-01T12:00:00Z,26.884557127881063,1999
1998-07-02T12:00:00Z,27.535836771854612,1999
1998-07-03T12:00:00Z,27.072271826457463,1999
1998-07-04T12:00:00Z,26.597297640996704,1999
1998-07-05T12:00:00Z,27.511166827150927,1999
1998-07-06T12:00:00Z,27.23524018798535,1999
1998-07-07T12:00:00Z,28.996146164901543,1999
1998-07-08T12:00:00Z,31.043128244163178,1999
1998-07-09T12:00:00Z,31.095578109567295,1999
1998-07-10T12:00:00Z,31.192648584998576,1999
1998-07-11T12:00:00Z,31.010435256546103,1999
1998-07-12T12:00:00Z,31.315523581227357,1999
1998-07-13T12:00:00Z,32.41529801568373,1999
1998-07-14T12:00:00Z,35.90300042255953,1999
1998-07-15T12:00:00Z,37.89340285705676,1999
1998-07-16T12:00:00Z,38.861983955442795,1999
1998-07-17T12:00:00Z,39.24174888990708,1999
1998-07-18T12:00:00Z,39.01803280396167,1999
1998-07-19T12:00:00Z,39.48446846351555,1999
1998-07-20T12:00:00Z,40.51288707483723,1999
1998-07-21T12:00:00Z,42.29667703162858,1999
1998-07-22T12:00:00Z,45.2468511378901,1999
1998-07-23T12:00:00Z,45.554213619403804,1999
1998-07-24T12:00:00Z,45.22811326940545,1999
1998-07-25T12:00:00Z,44.908995538538775,1999
1998-07-26T12:00:00Z,44.60256419327707,1999
1998-07-27T12:00:00Z,44.34145465294758,1999
1998-07-28T12:00:00Z,43.823831703538445,1999
1998-07-29T12:00:00Z,43.59564283813769,1999
1998-07-30T12:00:00Z,43.089261762668215,1999
1998-07-31T12:00:00Z,42.9382385455282,1999
1998-08-01T12:00:00Z,43.747468610831056,1999
1998-08-02T12:00:00Z,44.875619202941635,1999
1998-08-03T12:00:00Z,44.88147129180121,1999
1998-08-04T12:00:00Z,46.04239386345143,1999
1998-08-05T12:00:00Z,46.93986685832389,1999
1998-08-06T12:00:00Z,48.56646550938836,1999
1998-08-07T12:00:00Z,49.859842347326435,1999
1998-08-08T12:00:00Z,50.320291776605615,1999
1998-08-09T12:00:00Z,50.360183223822766,1999
1998-08-10T12:00:00Z,50.23486428355198,1999
1998-08-11T12:00:00Z,50.049728958779774,1999
1998-08-12T12:00:00Z,49.67817780666889,1999
1998-08-13T12:00:00Z,49.47411524698845,1999
1998-08-14T12:00:00Z,49.758198136831375,1999
1998-08-15T12:00:00Z,50.158040983203506,1999
1998-08-16T12:00:00Z,49.81041029190402,1999
1998-08-17T12:00:00Z,49.6984592430879,1999
1998-08-18T12:00:00Z,50.238462149489045,1999
1998-08-19T12:00:00Z,50.46017142091601,1999
1998-08-20T12:00:00Z,50.48709505993089,1999
1998-08-21T12:00:00Z,50.636423183045274,1999
1998-08-22T12:00:00Z,50.96729881318658,1999
1998-08-23T12:00:00Z,50.80585130303651,1999
1998-08-24T12:00:00Z,50.6559161533477,1999
1998-08-25T12:00:00Z,50.21856990830228,1999
1998-08-26T12:00:00Z,50.34349860298326,1999
1998-08-27T12:00:00Z,51.27305211946502,1999
1998-08-28T12:00:00Z,51.66021741559281,1999
1998-08-29T12:00:00Z,51.33574873770363,1999
1998-08-30T12:00:00Z,50.90424125868186,1999
1998-08-31T12:00:00Z,50.691642127354555,1999
1998-09-01T12:00:00Z,50.85231749426482,1999
1998-09-02T12:00:00Z,50.86788835393932,1999
1998-09-03T12:00:00Z,50.51412370495261,1999
1998-09-04T12:00:00Z,50.39951230640102,1999
1998-09-05T12:00:00Z,51.538591392896954,1999
1998-09-06T12:00:00Z,52.26152449563798,1999
1998-09-07T12:00:00Z,52.36295895041573,1999
1998-09-08T12:00:00Z,52.492765036470246,1999
1998-09-09T12:00:00Z,52.297246879206924,1999
1998-09-10T12:00:00Z,52.52330372014586,1999
1998-09-11T12:00:00Z,52.883950268356976,1999
1998-09-12T12:00:00Z,52.76531186301192,1999
1998-09-13T12:00:00Z,52.72145879433122,1999
1998-09-14T12:00:00Z,52.381434307315786,1999
1998-09-15T12:00:00Z,53.21699439942944,1999
1998-09-16T12:00:00Z,56.405811989457575,1999
1998-09-17T12:00:00Z,58.76179627966008,1999
1998-09-18T12:00:00Z,64.03750685638629,1999
1998-09-19T12:00:00Z,65.76160030902756,1999
1998-09-20T12:00:00Z,66.4371430386164,1999
1998-09-21T12:00:00Z,66.90963587906808,1999
1998-09-22T12:00:00Z,67.3694690001819,1999
1998-09-23T12:00:00Z,68.58534976430617,1999
1998-09-24T12:00:00Z,68.78865577821325,1999
1998-09-25T12:00:00Z,71.33623554524935,1999
1998-09-26T12:00:00Z,75.91829192602641,1999
1998-09-27T12:00:00Z,75.8959265916592,1999
1998-09-28T12:00:00Z,75.88327557724539,1999
1998-09-29T12:00:00Z,75.86851845863127,1999
1998-09-30T12:00:00Z,75.62764311151442,1999
1998-10-01T12:00:00Z,75.33532753059373,1999
1998-10-02T12:00:00Z,75.23372707355502,1999
1998-10-03T12:00:00Z,75.24237943396429,1999
1998-10-04T12:00:00Z,75.64060986478242,1999
1998-10-05T12:00:00Z,75.7332236296271,1999
1998-10-06T12:00:00Z,76.0089165585157,1999
1998-10-07T12:00:00Z,76.26027590654965,1999
1998-10-08T12:00:00Z,76.61927540486775,1999
1998-10-09T12:00:00Z,76.48935758044924,1999
1998-10-10T12:00:00Z,76.47927737908229,1999
1998-10-11T12:00:00Z,76.5246032595849,1999
1998-10-12T12:00:00Z,77.60185502801173,1999
1998-10-13T12:00:00Z,77.75731900586436,1999
1998-10-14T12:00:00Z,77.42509527498187,1999
1998-10-15T12:00:00Z,77.04737189463962,1999
1998-10-16T12:00:00Z,76.65080765127492,1999
1998-10-17T12:00:00Z,76.26752106243791,1999
1998-10-18T12:00:00Z,75.8022711467228,1999
1998-10-19T12:00:00Z,75.83252653592206,1999
1998-10-20T12:00:00Z,76.13838865146282,1999
1998-10-21T12:00:00Z,76.0681526742442,1999
1998-10-22T12:00:00Z,77.68583543270594,1999
1998-10-23T12:00:00Z,77.05600056593906,1999
1998-10-24T12:00:00Z,76.36855686190033,1999
1998-10-25T12:00:00Z,75.6750858148988,1999
1998-10-26T12:00:00Z,74.96435759463708,1999
1998-10-27T12:00:00Z,74.28640343403487,1999
1998-10-28T12:00:00Z,73.6164471970108,1999
1998-10-29T12:00:00Z,72.84681987705243,1999
1998-10-30T12:00:00Z,72.18184310830705,1999
1998-10-31T12:00:00Z,71.5095648030428,1999
1998-11-01T12:00:00Z,70.93770301420673,1999
1998-11-02T12:00:00Z,70.21661761855393,1999
1998-11-03T12:00:00Z,69.59242124963679,1999
1998-11-04T12:00:00Z,72.21617465371061,1999
1998-11-05T12:00:00Z,82.21057942189638,1999
1998-11-06T12:00:00Z,82.69723559941943,1999
1998-11-07T12:00:00Z,82.62241621652475,1999
1998-11-08T12:00:00Z,82.55246865513372,1999
1998-11-09T12:00:00Z,82.4440253863595,1999
1998-11-10T12:00:00Z,82.28759403148668,1999
1998-11-11T12:00:00Z,82.19022468241947,1999
1998-11-12T12:00:00Z,82.25217863379228,1999
1998-11-13T12:00:00Z,82.20125230630144,1999
1998-11-14T12:00:00Z,82.15332543613958,1999
1998-11-15T12:00:00Z,82.18104835835202,1999
1998-11-16T12:00:00Z,82.25218086265559,1999
1998-11-17T12:00:00Z,82.30547446037527,1999
1998-11-18T12:00:00Z,82.32552085697972,1999
1998-11-19T12:00:00Z,82.4146879913568,1999
1998-11-20T12:00:00Z,82.37080930676657,1999
1998-11-21T12:00:00Z,82.27033317167744,1999
1998-11-22T12:00:00Z,82.15849483606696,1999
1998-11-23T12:00:00Z,82.15218042740939,1999
1998-11-24T12:00:00Z,82.30920778124649,1999
1998-11-25T12:00:00Z,83.3326246974421,1999
1998-11-26T12:00:00Z,83.18470204198296,1999
1998-11-27T12:00:00Z,83.02313697874439,1999
1998-11-28T12:00:00Z,82.80936410374176,1999
1998-11-29T12:00:00Z,82.52955080523202,1999
1998-11-30T12:00:00Z,82.29060901763128,1999
1998-12-01T12:00:00Z,81.96741004124614,1999
1998-12-02T12:00:00Z,81.68169604451913,1999
1998-12-03T12:00:00Z,81.29466699967502,1999
1998-12-04T12:00:00Z,80.98956886936821,1999
1998-12-05T12:00:00Z,80.7802562015673,1999
1998-12-06T12:00:00Z,80.58259550482482,1999
1998-12-07T12:00:00Z,80.32724312300016,1999
1998-12-08T12:00:00Z,79.78911004527,1999
1998-12-09T12:00:00Z,79.39249594996772,1999
1998-12-10T12:00:00Z,78.8233803701601,1999
1998-12-11T12:00:00Z,78.72542746852241,1999
1998-12-12T12:00:00Z,78.88022350821583,1999
1998-12-13T12:00:00Z,78.68665926086022,1999
1998-12-14T12:00:00Z,78.75288309876477,1999
1998-12-15T12:00:00Z,78.4216556331678,1999
1998-12-16T12:00:00Z,77.80060501419003,1999
1998-12-17T12:00:00Z,77.11624781672083,1999
1998-12-18T12:00:00Z,76.55129054755456,1999
1998-12-19T12:00:00Z,76.18967220349876,1999
1998-12-20T12:00:00Z,75.98605272994473,1999
1998-12-21T12:00:00Z,75.70602040099182,1999
1998-12-22T12:00:00Z,75.30638390754466,1999
1998-12-23T12:00:00Z,74.80870129379886,1999
1998-12-24T12:00:00Z,74.33923040526172,1999
1998-12-25T12:00:00Z,73.96713820688011,1999
1998-12-26T12:00:00Z,73.42743316494781,1999
1998-12-27T12:00:00Z,72.81956885142746,1999
1998-12-28T12:00:00Z,72.68807574926055,1999
1998-12-29T12:00:00Z,72.3718718887448,1999
1998-12-30T12:00:00Z,72.17586086435666,1999
1998-12-31T12:00:00Z,71.85128338407026,1999
1999-01-01T12:00:00Z,71.55789437434169,1999
1999-01-02T12:00:00Z,71.53497278754698,1999
1999-01-03T12:00:00Z,73.28256334054234,1999
1999-01-04T12:00:00Z,73.75984006537315,1999
1999-01-05T12:00:00Z,73.77832671075649,1999
1999-01-06T12:00:00Z,73.57048760078307,1999
1999-01-07T12:00:00Z,73.35847631270255,1999
1999-01-08T12:00:00Z,73.06435584678718,1999
1999-01-09T12:00:00Z,72.78746740275969,1999
1999-01-10T12:00:00Z,73.31834127864369,1999
1999-01-11T12:00:00Z,73.46612988651049,1999
1999-01-12T12:00:00Z,73.0818833578255,1999
1999-01-13T12:00:00Z,72.781747734468,1999
1999-01-14T12:00:00Z,72.55548120875092,1999
1999-01-15T12:00:00Z,72.3302203008495,1999
1999-01-16T12:00:00Z,71.9624637656392,1999
1999-01-17T12:00:00Z,71.6514049248561,1999
1999-01-18T12:00:00Z,71.31107448859349,1999
1999-01-19T12:00:00Z,71.14877977010799,1999
1999-01-20T12:00:00Z,70.82638482298047,1999
1999-01-21T12:00:00Z,70.44169031336556,1999
1999-01-22T12:00:00Z,69.78049316131647,1999
1999-01-23T12:00:00Z,68.91673287733201,1999
1999-01-24T12:00:00Z,70.04429064901132,1999
1999-01-25T12:00:00Z,70.31546581842689,1999
1999-01-26T12:00:00Z,69.849648666153,1999
1999-01-27T12:00:00Z,69.31509455936572,1999
1999-01-28T12:00:00Z,68.85370920429561,1999
1999-01-29T12:00:00Z,68.49063074424299,1999
1999-01-30T12:00:00Z,67.80669812463898,1999
1999-01-31T12:00:00Z,67.42028290280054,1999
1999-02-01T12:00:00Z,66.8619322018775,1999
1999-02-02T12:00:00Z,66.27801125565902,1999
1999-02-03T12:00:00Z,65.95356234920618,1999
1999-02-04T12:00:00Z,64.65950040582703,1999
1999-02-05T12:00:00Z,64.14589957298458,1999
1999-02-06T12:00:00Z,63.65846405075064,1999
1999-02-07T12:00:00Z,63.159859310028864,1999
1999-02-08T12:00:00Z,62.638673435661985,1999
1999-02-09T12:00:00Z,62.204508078334285,1999
1999-02-10T12:00:00Z,62.27531900388721,1999
1999-02-11T12:00:00Z,62.10786959505682,1999
1999-02-12T12:00:00Z,62.38807312542618,1999
1999-02-13T12:00:00Z,63.16139346364736,1999
1999-02-14T12:00:00Z,62.823919956456706,1999
1999-02-15T12:00:00Z,62.479096822847346,1999
1999-02-16T12:00:00Z,61.94504878016096,1999
1999-02-17T12:00:00Z,61.481895655018164,1999
1999-02-18T12:00:00Z,60.80106023778155,1999
1999-02-19T12:00:00Z,60.245686858874564,1999
1999-02-20T12:00:00Z,59.17078194621086,1999
1999-02-21T12:00:00Z,57.93195725860321,1999
1999-02-22T12:00:00Z,57.57853578362697,1999
1999-02-23T12:00:00Z,56.9682209081255,1999
1999-02-24T12:00:00Z,56.43896388492687,1999
1999-02-25T12:00:00Z,55.88757691042968,1999
1999-02-26T12:00:00Z,55.40342075093892,1999
1999-02-27T12:00:00Z,55.01146912875115,1999
1999-02-28T12:00:00Z,54.109598238738485,1999
1999-03-01T12:00:00Z,53.446696299167904,1999
1999-03-02T12:00:00Z,52.964817104328155,1999
1999-03-03T12:00:00Z,52.67714969197933,1999
1999-03-04T12:00:00Z,52.7621606210069,1999
1999-03-05T12:00:00Z,52.261289162913265,1999
1999-03-06T12:00:00Z,51.75072330733438,1999
1999-03-07T12:00:00Z,51.21083426289596,1999
1999-03-08T12:00:00Z,50.72606566943447,1999
1999-03-09T12:00:00Z,50.03614816053513,1999
1999-03-10T12:00:00Z,49.29634246185431,1999
1999-03-11T12:00:00Z,48.51025438222902,1999
1999-03-12T12:00:00Z,47.73934369009987,1999
1999-03-13T12:00:00Z,47.079089770577376,1999
1999-03-14T12:00:00Z,46.23811186554193,1999
1999-03-15T12:00:00Z,45.90785389827552,1999
1999-03-16T12:00:00Z,45.00497629203407,1999
1999-03-17T12:00:00Z,44.35563669050248,1999
1999-03-18T12:00:00Z,43.74395169336494,1999
1999-03-19T12:00:00Z,43.09602034671191,1999
1999-03-20T12:00:00Z,42.426350129601765,1999
1999-03-21T12:00:00Z,41.7297606945896,1999
1999-03-22T12:00:00Z,41.06050232519414,1999
1999-03-23T12:00:00Z,40.26809624647336,1999
1999-03-24T12:00:00Z,39.542376602346764,1999
1999-03-25T12:00:00Z,38.87925411972659,1999
1999-03-26T12:00:00Z,38.17078999895212,1999
1999-03-27T12:00:00Z,37.335245483709656,1999
1999-03-28T12:00:00Z,36.39003235119578,1999
1999-03-29T12:00:00Z,35.68205295555879,1999
1999-03-30T12:00:00Z,35.16514473670818,1999
1999-03-31T12:00:00Z,34.637811199661925,1999
1999-04-01T12:00:00Z,34.210954902983026,1999
1999-04-02T12:00:00Z,33.795929330369276,1999
1999-04-03T12:00:00Z,33.306388317215706,1999
1999-04-04T12:00:00Z,32.66613945963859,1999
1999-04-05T12:00:00Z,32.13029361672221,1999
1999-04-06T12:00:00Z,31.64335667107301,1999
1999-04-07T12:00:00Z,31.136955469471292,1999
1999-04-08T12:00:00Z,30.463405529038237,1999
1999-04-09T12:00:00Z,29.870801899343032,1999
1999-04-10T12:00:00Z,29.200237347397465,1999
1999-04-11T12:00:00Z,28.341646783710885,1999
1999-04-12T12:00:00Z,27.547474113423164,1999
1999-04-13T12:00:00Z,26.59087311871122,1999
1999-04-14T12:00:00Z,25.682872490748434,1999
1999-04-15T12:00:00Z,24.938778317182024,1999
1999-04-16T12:00:00Z,24.4050278300358,1999
1999-04-17T12:00:00Z,23.797558256445633,1999
1999-04-18T12:00:00Z,24.000170675093496,1999
1999-04-19T12:00:00Z,23.607272186462367,1999
1999-04-20T12:00:00Z,22.993268661178654,1999
1999-04-21T12:00:00Z,22.302641094553305,1999
1999-04-22T12:00:00Z,21.50879555457927,1999
1999-04-23T12:00:00Z,20.55151011347413,1999
1999-04-24T12:00:00Z,19.624895447088562,1999
1999-04-25T12:00:00Z,18.948683944088867,1999
1999-04-26T12:00:00Z,17.76299776284367,1999
1999-04-27T12:00:00Z,17.17277394359385,1999
1999-04-28T12:00:00Z,19.244628945152133,1999
1999-04-29T12:00:00Z,23.845270208348467,1999
1999-04-30T12:00:00Z,24.896466983458776,1999
1999-05-01T12:00:00Z,24.33414220094824,1999
1999-05-02T12:00:00Z,23.334321896759565,1999
1999-05-03T12:00:00Z,22.612560324849092,1999
1999-05-04T12:00:00Z,21.943301895956257,1999
1999-05-05T12:00:00Z,21.22617374413301,1999
1999-05-06T12:00:00Z,20.77286137773666,1999
1999-05-07T12:00:00Z,20.207501325052373,1999
1999-05-08T12:00:00Z,19.906210505182898,1999
1999-05-09T12:00:00Z,20.77219029079316,1999
1999-05-10T12:00:00Z,22.070065842178245,1999
1999-05-11T12:00:00Z,23.85901548251751,1999
1999-05-12T12:00:00Z,25.76597965471603,1999
1999-05-13T12:00:00Z,27.824020003585954,1999
1999-05-14T12:00:00Z,27.360111110712428,1999
1999-05-15T12:00:00Z,27.05509010044915,1999
1999-05-16T12:00:00Z,27.256053917695464,1999
1999-05-17T12:00:00Z,26.939971214436312,1999
1999-05-18T12:00:00Z,26.502548538143934,1999
1999-05-19T12:00:00Z,26.42618322343832,1999
1999-05-20T12:00:00Z,27.36845168197806,1999
1999-05-21T12:00:00Z,27.951973693701202,1999
1999-05-22T12:00:00Z,27.725828455677274,1999
1999-05-23T12:00:00Z,27.779819634980473,1999
1999-05-24T12:00:00Z,27.20807873566278,1999
1999-05-25T12:00:00Z,26.44256562277022,1999
1999-05-26T12:00:00Z,25.791854615832204,1999
1999-05-27T12:00:00Z,24.646347974972876,1999
1999-05-28T12:00:00Z,24.11854539263656,1999
1999-05-29T12:00:00Z,24.39987087421383,1999
1999-05-30T12:00:00Z,26.79014154902174,1999
1999-06-01T12:00:00Z,25.740701857339715,2000
1999-06-02T12:00:00Z,29.37490629391822,2000
1999-06-03T12:00:00Z,31.293512748256013,2000
1999-06-04T12:00:00Z,31.766376586895756,2000
1999-06-05T12:00:00Z,29.625518302253855,2000
1999-06-06T12:00:00Z,29.008761002621252,2000
1999-06-07T12:00:00Z,29.221467162866254,2000
1999-06-08T12:00:00Z,31.397805479950154,2000
1999-06-09T12:00:00Z,31.884042839411855,2000
1999-06-10T12:00:00Z,31.970418384279686,2000
1999-06-11T12:00:00Z,32.66958792308311,2000
1999-06-12T12:00:00Z,34.662698927652215,2000
1999-06-13T12:00:00Z,35.40336871590526,2000
1999-06-14T12:00:00Z,35.569922103378396,2000
1999-06-15T12:00:00Z,36.53972248381744,2000
1999-06-16T12:00:00Z,38.71940602724182,2000
1999-06-17T12:00:00Z,42.8865475920624,2000
1999-06-18T12:00:00Z,45.70615648522517,2000
1999-06-19T12:00:00Z,47.07752408792533,2000
1999-06-20T12:00:00Z,47.68267023856581,2000
1999-06-21T12:00:00Z,52.19869554836591,2000
1999-06-22T12:00:00Z,55.166999155558294,2000
1999-06-23T12:00:00Z,55.873520581680786,2000
1999-06-24T12:00:00Z,57.825582324636144,2000
1999-06-25T12:00:00Z,55.26417880867796,2000
1999-06-26T12:00:00Z,56.06072991868301,2000
1999-06-27T12:00:00Z,57.00436625855371,2000
1999-06-28T12:00:00Z,57.30628102513653,2000
1999-06-29T12:00:00Z,57.89221245182726,2000
1999-06-30T12:00:00Z,59.66579055099625,2000
1999-07-01T12:00:00Z,46.61107392530213,2000
1999-10-01T12:00:00Z,89.59547710132657,2000
1999-10-02T12:00:00Z,89.52258114051018,2000
1999-10-03T12:00:00Z,89.44018636381976,2000
1999-10-04T12:00:00Z,90.3330368586622,2000
1999-10-05T12:00:00Z,92.21791175746174,2000
1999-10-06T12:00:00Z,92.34983408973113,2000
1999-10-07T12:00:00Z,92.68435526838114,2000
1999-10-08T12:00:00Z,93.56846318877093,2000
1999-10-09T12:00:00Z,94.72166129823351,2000
1999-10-10T12:00:00Z,95.02767682776312,2000
1999-10-11T12:00:00Z,94.80512759981573,2000
1999-10-12T12:00:00Z,94.75908604594999,2000
1999-10-13T12:00:00Z,94.6259245411965,2000
1999-10-14T12:00:00Z,96.81835519416502,2000
1999-10-15T12:00:00Z,108.19015327870095,2000
1999-10-16T12:00:00Z,118.69567579785435,2000
1999-10-17T12:00:00Z,119.19753459205009,2000
1999-10-18T12:00:00Z,119.70987943295741,2000
1999-10-19T12:00:00Z,120.06059274518998,2000
1999-10-20T12:00:00Z,120.72155119833577,2000
1999-10-21T12:00:00Z,121.9572634751309,2000
1999-10-22T12:00:00Z,122.95901549899371,2000
1999-10-23T12:00:00Z,122.98692663887266,2000
1999-10-24T12:00:00Z,122.97660580722601,2000
1999-10-25T12:00:00Z,122.92006498678901,2000
1999-10-26T12:00:00Z,123.0995231152439,2000
1999-10-27T12:00:00Z,123.31132869114043,2000
1999-10-28T12:00:00Z,123.39323296458262,2000
1999-10-29T12:00:00Z,123.38526372102899,2000
1999-10-30T12:00:00Z,123.31174428032485,2000
1999-10-31T12:00:00Z,123.45812350972798,2000
1999-11-01T12:00:00Z,123.88030928283948,2000
1999-11-02T12:00:00Z,126.06104428452078,2000
1999-11-03T12:00:00Z,126.52833299230657,2000
1999-11-04T12:00:00Z,125.87696212054585,2000
1999-11-05T12:00:00Z,125.3737827133975,2000
1999-11-06T12:00:00Z,125.11925732452997,2000
1999-11-07T12:00:00Z,124.76579634100646,2000
1999-11-08T12:00:00Z,124.16988000486451,2000
1999-11-09T12:00:00Z,123.51391939095701,2000
1999-11-10T12:00:00Z,122.79069141692291,2000
1999-11-11T12:00:00Z,122.49357333809728,2000
1999-11-12T12:00:00Z,121.82666300983578,2000
1999-11-13T12:00:00Z,120.9855428900487,2000
1999-11-14T12:00:00Z,119.99756790051292,2000
1999-11-15T12:00:00Z,118.98770211396564,2000
1999-11-16T12:00:00Z,117.96155535052047,2000
1999-11-17T12:00:00Z,116.88123359748826,2000
1999-11-18T12:00:00Z,115.7330830075745,2000
1999-11-19T12:00:00Z,114.90907478218101,2000
1999-11-20T12:00:00Z,114.14231818782118,2000
1999-11-21T12:00:00Z,113.40953055269073,2000
1999-11-22T12:00:00Z,112.50472509410471,2000
1999-11-23T12:00:00Z,111.64872985409632,2000
1999-11-24T12:00:00Z,110.69042446317255,2000
1999-11-25T12:00:00Z,110.24122912310239,2000
1999-11-26T12:00:00Z,110.14903036619849,2000
1999-11-27T12:00:00Z,109.45928886656141,2000
1999-11-28T12:00:00Z,108.30271597658007,2000
1999-11-29T12:00:00Z,107.3584800930744,2000
1999-11-30T12:00:00Z,106.36128472166284,2000
1999-12-01T12:00:00Z,105.26430711935005,2000
1999-12-02T12:00:00Z,104.15236661301162,2000
1999-12-03T12:00:00Z,103.14237253181078,2000
1999-12-04T12:00:00Z,102.24517025916106,2000
1999-12-05T12:00:00Z,101.43459408627918,2000
1999-12-06T12:00:00Z,100.84675749634009,2000
1999-12-07T12:00:00Z,100.08715381176084,2000
1999-12-08T12:00:00Z,99.4814098635046,2000
1999-12-09T12:00:00Z,98.91528826040212,2000
1999-12-10T12:00:00Z,98.4352478320254,2000
1999-12-11T12:00:00Z,97.59156253313546,2000
1999-12-12T12:00:00Z,96.84102928559795,2000
1999-12-13T12:00:00Z,96.05314470324319,2000
1999-12-14T12:00:00Z,95.2173328525518,2000
1999-12-15T12:00:00Z,94.62681560825285,2000
1999-12-16T12:00:00Z,93.7948908608476,2000
1999-12-17T12:00:00Z,93.35895328258567,2000
1999-12-18T12:00:00Z,92.71456343039253,2000
1999-12-19T12:00:00Z,92.05135287563459,2000
1999-12-20T12:00:00Z,91.57292351954413,2000
1999-12-21T12:00:00Z,90.92744948553624,2000
1999-12-22T12:00:00Z,90.45204500359694,2000
1999-12-23T12:00:00Z,89.91323119119463,2000
1999-12-24T12:00:00Z,89.28198742880818,2000
1999-12-25T12:00:00Z,88.30377882858487,2000
1999-12-26T12:00:00Z,87.37540055923141,2000
1999-12-27T12:00:00Z,86.54958611930569,2000
1999-12-28T12:00:00Z,85.97327292430307,2000
1999-12-29T12:00:00Z,85.54346202902974,2000
1999-12-30T12:00:00Z,85.05198009012699,2000
1999-12-31T12:00:00Z,84.4648643498229,2000
2000-01-01T12:00:00Z,83.6940090177155,2000
2000-01-02T12:00:00Z,83.08482321708875,2000
2000-01-03T12:00:00Z,82.56642551799699,2000
2000-01-04T12:00:00Z,81.87726867392024,2000
2000-01-05T12:00:00Z,81.3329038454089,2000
2000-01-06T12:00:00Z,80.64652787444831,2000
2000-01-07T12:00:00Z,80.01353260308021,2000
2000-01-08T12:00:00Z,79.32384621632193,2000
2000-01-09T12:00:00Z,78.77089239210873,2000
2000-01-10T12:00:00Z,78.0438953804698,2000
2000-01-11T12:00:00Z,77.2875324974678,2000
2000-01-12T12:00:00Z,76.52057774251423,2000
2000-01-13T12:00:00Z,75.77039063699101,2000
2000-01-14T12:00:00Z,74.84260505992063,2000
2000-01-15T12:00:00Z,73.57562914907253,2000
2000-01-16T12:00:00Z,72.75095470636708,2000
2000-01-17T12:00:00Z,72.04471294995761,2000
2000-01-18T12:00:00Z,71.07865044422756,2000
2000-01-19T12:00:00Z,70.21303369331017,2000
2000-01-20T12:00:00Z,69.32155325374134,2000
2000-01-21T12:00:00Z,67.85021437179849,2000
2000-01-22T12:00:00Z,66.9487510113639,2000
2000-01-23T12:00:00Z,66.0307839547508,2000
2000-01-24T12:00:00Z,66.83962455021813,2000
2000-01-25T12:00:00Z,66.63614457513161,2000
2000-01-26T12:00:00Z,65.68966942314051,2000
2000-01-27T12:00:00Z,64.93026191056954,2000
2000-01-28T12:00:00Z,64.06521130237454,2000
2000-01-29T12:00:00Z,63.329963427785636,2000
2000-01-30T12:00:00Z,62.493024650990215,2000
2000-01-31T12:00:00Z,61.7229344894876,2000
2000-02-01T12:00:00Z,60.985794579975604,2000
2000-02-02T12:00:00Z,60.12696308852243,2000
2000-02-03T12:00:00Z,59.50866627364224,2000
2000-02-04T12:00:00Z,59.055492854218464,2000
2000-02-05T12:00:00Z,58.28359289461078,2000
2000-02-06T12:00:00Z,57.3657658124442,2000
2000-02-07T12:00:00Z,56.602935967219395,2000
2000-02-08T12:00:00Z,56.21533842950648,2000
2000-02-09T12:00:00Z,56.839644850265785,2000
2000-02-10T12:00:00Z,56.29585930424389,2000
2000-02-11T12:00:00Z,55.584799589764664,2000
2000-02-12T12:00:00Z,54.730683501208695,2000
2000-02-13T12:00:00Z,53.92582173796564,2000
2000-02-14T12:00:00Z,53.131816468127276,2000
2000-02-15T12:00:00Z,52.317541155617754,2000
2000-02-16T12:00:00Z,51.79339147658139,2000
2000-02-17T12:00:00Z,51.264131000246486,2000
2000-02-18T12:00:00Z,50.7549701729576,2000
2000-02-19T12:00:00Z,49.854012240459625,2000
2000-02-20T12:00:00Z,49.54334591074339,2000
2000-02-21T12:00:00Z,50.151816090639294,2000
2000-02-22T12:00:00Z,49.39864799256946,2000
2000-02-23T12:00:00Z,48.55694005928429,2000
2000-02-24T12:00:00Z,47.76433547900405,2000
2000-02-25T12:00:00Z,47.16057691248005,2000
2000-02-26T12:00:00Z,46.663985908567795,2000
2000-02-27T12:00:00Z,46.022814837057005,2000
2000-02-28T12:00:00Z,45.29829873335025,2000
2000-02-29T12:00:00Z,44.26037529234265,2000
2000-03-01T12:00:00Z,43.41007345024526,2000
2000-03-02T12:00:00Z,42.89336771012497,2000
2000-03-03T12:00:00Z,42.69288254013016,2000
2000-03-04T12:00:00Z,42.32363826383283,2000
2000-03-05T12:00:00Z,41.79303694314848,2000
2000-03-06T12:00:00Z,41.395659203577985,2000
2000-03-07T12:00:00Z,40.91110563592848,2000
2000-03-08T12:00:00Z,40.561505409794506,2000
2000-03-09T12:00:00Z,40.20139187113139,2000
2000-03-10T12:00:00Z,39.859690809793364,2000
2000-03-11T12:00:00Z,39.578425406837574,2000
2000-03-12T12:00:00Z,39.90529819069755,2000
2000-03-13T12:00:00Z,39.781470023591716,2000
2000-03-14T12:00:00Z,39.433715765391845,2000
2000-03-15T12:00:00Z,39.14691606051348,2000
2000-03-16T12:00:00Z,38.898267799748155,2000
2000-03-17T12:00:00Z,38.73726158393809,2000
2000-03-18T12:00:00Z,38.61200237903469,2000
2000-03-19T12:00:00Z,39.64651500928452,2000
2000-03-20T12:00:00Z,39.79652037503266,2000
2000-03-21T12:00:00Z,39.427486147362814,2000
2000-03-22T12:00:00Z,38.98526879249394,2000
2000-03-23T12:00:00Z,38.42783748624421,2000
2000-03-24T12:00:00Z,37.80577877115617,2000
2000-03-25T12:00:00Z,37.2311889131268,2000
2000-03-26T12:00:00Z,36.64177833378637,2000
2000-03-27T12:00:00Z,36.13072214200959,2000
2000-03-28T12:00:00Z,37.21972343888766,2000
2000-03-29T12:00:00Z,36.88766813364012,2000
2000-03-30T12:00:00Z,36.691468880143645,2000
2000-03-31T12:00:00Z,36.2037400838924,2000
2000-04-01T12:00:00Z,35.783399768410575,2000
2000-04-02T12:00:00Z,34.99468075363809,2000
2000-04-03T12:00:00Z,34.39451331840566,2000
2000-04-04T12:00:00Z,33.83101712405932,2000
2000-04-05T12:00:00Z,33.19046241334619,2000
2000-04-06T12:00:00Z,32.44872927193736,2000
2000-04-07T12:00:00Z,31.629583517805717,2000
2000-04-08T12:00:00Z,31.332511819474483,2000
2000-04-09T12:00:00Z,31.68264655632106,2000
2000-04-10T12:00:00Z,31.200065738652807,2000
2000-04-11T12:00:00Z,30.785675845177643,2000
2000-04-12T12:00:00Z,30.55748628869197,2000
2000-04-13T12:00:00Z,31.069232093980375,2000
2000-04-14T12:00:00Z,41.922564441884575,2000
2000-04-15T12:00:00Z,42.1895223067203,2000
2000-04-16T12:00:00Z,42.2319930545141,2000
2000-04-17T12:00:00Z,42.17221022424543,2000
2000-04-18T12:00:00Z,41.62680008859068,2000
2000-04-19T12:00:00Z,41.11577885610012,2000
2000-04-20T12:00:00Z,40.550808030685126,2000
2000-04-21T12:00:00Z,40.010210006338575,2000
2000-04-22T12:00:00Z,39.43454543344261,2000
2000-04-23T12:00:00Z,38.684067191230945,2000
2000-04-24T12:00:00Z,37.964427266066565,2000
2000-04-25T12:00:00Z,37.44435819180768,2000
2000-04-26T12:00:00Z,37.038640988538134,2000
2000-04-27T12:00:00Z,35.986380894597445,2000
2000-04-28T12:00:00Z,34.96305323362208,2000
2000-04-29T12:00:00Z,33.96173397995572,2000
2000-04-30T12:00:00Z,33.05823526456818,2000
2000-05-01T12:00:00Z,31.95238641785803,2000
2000-05-02T12:00:00Z,30.8155044802807,2000
2000-05-03T12:00:00Z,29.683858556810367,2000
2000-05-04T12:00:00Z,28.877336507796098,2000
2000-05-05T12:00:00Z,28.153519882723895,2000
2000-05-06T12:00:00Z,27.840129467850325,2000
2000-05-07T12:00:00Z,27.368222088461945,2000
2000-05-08T12:00:00Z,26.637786629533224,2000
2000-05-09T12:00:00Z,25.938595294094256,2000
2000-05-10T12:00:00Z,25.274097238962852,2000
2000-05-11T12:00:00Z,26.173553251690972,2000
2000-05-12T12:00:00Z,26.10536076225917,2000
2000-05-13T12:00:00Z,25.674352447930826,2000
2000-05-14T12:00:00Z,25.17652023947017,2000
2000-05-15T12:00:00Z,24.65030291899994,2000
2000-05-16T12:00:00Z,24.66605117926,2000
2000-05-17T12:00:00Z,24.33012170911765,2000
2000-05-18T12:00:00Z,23.84180522751651,2000
2000-05-19T12:00:00Z,23.697865969561214,2000
2000-05-20T12:00:00Z,23.47345319906966,2000
2000-05-21T12:00:00Z,22.91073875678966,2000
2000-05-22T12:00:00Z,22.258909427983788,2000
2000-05-23T12:00:00Z,21.92666603779464,2000
2000-05-24T12:00:00Z,21.19433403587227,2000
2000-05-25T12:00:00Z,20.316527608632327,2000
2000-05-26T12:00:00Z,19.999481299571386,2000
2000-05-27T12:00:00Z,20.66038031025997,2000
2000-05-28T12:00:00Z,20.13655854644501,2000
2000-05-29T12:00:00Z,20.69744359538737,2000
2000-05-30T12:00:00Z,20.45720615856077,2000
2000-06-01T12:00:00Z,19.851874119804947,2001
2000-06-02T12:00:00Z,21.14589639673994,2001
2000-06-03T12:00:00Z,20.114264364076647,2001
2000-06-04T12:00:00Z,20.493735180118517,2001
2000-06-05T12:00:00Z,19.941245174579585,2001
2000-06-06T12:00:00Z,20.867147364441905,2001
2000-06-07T12:00:00Z,21.455719957540474,2001
2000-06-08T12:00:00Z,24.550167891531558,2001
2000-06-09T12:00:00Z,27.423658969378,2001
2000-06-10T12:00:00Z,26.95378985344899,2001
2000-06-11T12:00:00Z,27.986493424734242,2001
2000-06-12T12:00:00Z,27.975854073875166,2001
2000-06-13T12:00:00Z,27.37190721416874,2001
2000-06-14T12:00:00Z,26.51572560320089,2001
2000-06-15T12:00:00Z,25.590579670778492,2001
2000-06-16T12:00:00Z,24.570930716658182,2001
2000-06-17T12:00:00Z,23.54276580444409,2001
2000-06-18T12:00:00Z,22.891370168044027,2001
2000-06-19T12:00:00Z,22.83804529987557,2001
2000-06-20T12:00:00Z,22.25102507116985,2001
2000-06-21T12:00:00Z,23.244800242679734,2001
2000-06-22T12:00:00Z,23.199837479250977,2001
2000-06-23T12:00:00Z,23.53965736164901,2001
2000-06-24T12:00:00Z,24.451004826958194,2001
2000-06-25T12:00:00Z,25.859624527426057,2001
2000-06-26T12:00:00Z,28.471305277366156,2001
2000-06-27T12:00:00Z,28.604483619877588,2001
2000-06-28T12:00:00Z,28.382511749908318,2001
2000-06-29T12:00:00Z,27.865914038719357,2001
2000-06-30T12:00:00Z,27.913468549118544,2001
2000-07-01T12:00:00Z,27.40502620301135,2001
2000-07-02T12:00:00Z,27.378851791592364,2001
2000-07-03T12:00:00Z,27.99668714480981,2001
2000-07-04T12:00:00Z,28.4466576716395,2001
2000-07-05T12:00:00Z,29.372946907963378,2001
2000-07-06T12:00:00Z,30.12438515180875,2001
2000-07-07T12:00:00Z,29.69812277397426,2001
2000-07-08T12:00:00Z,29.68944492809202,2001
2000-07-09T12:00:00Z,29.917425728874,2001
2000-07-10T12:00:00Z,30.584895030423848,2001
2000-07-11T12:00:00Z,31.011355912106154,2001
2000-07-12T12:00:00Z,30.59811283287776,2001
2000-07-13T12:00:00Z,30.25983132612369,2001
2000-07-14T12:00:00Z,30.11799107616221,2001
2000-07-15T12:00:00Z,30.164886428842163,2001
2000-07-16T12:00:00Z,30.578729845766688,2001
2000-07-17T12:00:00Z,30.574368974014035,2001
2000-07-18T12:00:00Z,30.800822902741228,2001
2000-07-19T12:00:00Z,32.04442180411574,2001
2000-07-20T12:00:00Z,31.738187992436913,2001
2000-07-21T12:00:00Z,31.813602017297956,2001
2000-07-22T12:00:00Z,32.468960368997976,2001
2000-07-23T12:00:00Z,33.03617176497562,2001
2000-07-24T12:00:00Z,33.42344382914799,2001
2000-07-25T12:00:00Z,35.11352207936709,2001
2000-07-26T12:00:00Z,34.925612060052586,2001
2000-07-27T12:00:00Z,36.26461965678764,2001
2000-07-28T12:00:00Z,36.304029072267824,2001
2000-07-29T12:00:00Z,37.50928277174155,2001
2000-07-30T12:00:00Z,37.50809143743761,2001
2000-07-31T12:00:00Z,39.100102628857776,2001
2000-08-01T12:00:00Z,39.18286317712044,2001
2000-08-02T12:00:00Z,42.195242894932974,2001
2000-08-03T12:00:00Z,43.01294321976669,2001
2000-08-04T12:00:00Z,43.101029977872834,2001
2000-08-05T12:00:00Z,42.948168918767514,2001
2000-08-06T12:00:00Z,43.31117396363257,2001
2000-08-07T12:00:00Z,43.4348707353561,2001
2000-08-08T12:00:00Z,43.203350465313434,2001
2000-08-09T12:00:00Z,43.09912286265281,2001
2000-08-10T12:00:00Z,42.90374869133229,2001
2000-08-11T12:00:00Z,43.110049791799455,2001
2000-08-12T12:00:00Z,43.0222837954992,2001
2000-08-13T12:00:00Z,42.843632815337564,2001
2000-08-14T12:00:00Z,42.71807687641549,2001
2000-08-15T12:00:00Z,43.06591859118411,2001
2000-08-16T12:00:00Z,43.20354676775826,2001
2000-08-17T12:00:00Z,42.903878681661126,2001
2000-08-18T12:00:00Z,42.80511458133178,2001
2000-08-19T12:00:00Z,42.700971190344454,2001
2000-08-20T12:00:00Z,42.49810012972991,2001
2000-08-21T12:00:00Z,42.45186499656856,2001
2000-08-22T12:00:00Z,42.32977501103173,2001
2000-08-23T12:00:00Z,42.066221860760905,2001
2000-08-24T12:00:00Z,41.56009319834031,2001
2000-08-25T12:00:00Z,41.04988713942392,2001
2000-08-26T12:00:00Z,40.68969286281904,2001
2000-08-27T12:00:00Z,42.913645164796385,2001
2000-08-28T12:00:00Z,43.11337061963828,2001
2000-08-29T12:00:00Z,43.187055625526504,2001
2000-08-30T12:00:00Z,43.59178978565859,2001
2000-08-31T12:00:00Z,44.07001023730191,2001
2000-09-01T12:00:00Z,43.81300351715546,2001
2000-09-02T12:00:00Z,43.8065114996715,2001
2000-09-03T12:00:00Z,43.637652616266294,2001
2000-09-04T12:00:00Z,43.32350665563298,2001
2000-09-05T12:00:00Z,43.31419634347056,2001
2000-09-06T12:00:00Z,44.279097895173166,2001
2000-09-07T12:00:00Z,44.705606747760555,2001
2000-09-08T12:00:00Z,45.33736558352392,2001
2000-09-09T12:00:00Z,45.59986395970318,2001
2000-09-10T12:00:00Z,46.82339905462511,2001
2000-09-11T12:00:00Z,46.84652322541473,2001
2000-09-12T12:00:00Z,47.35182190856751,2001
2000-09-13T12:00:00Z,47.55484672184826,2001
2000-09-14T12:00:00Z,47.383465140468,2001
2000-09-15T12:00:00Z,47.344163808839795,2001
2000-09-16T12:00:00Z,47.421067009590026,2001
2000-09-17T12:00:00Z,48.466978392346434,2001
2000-09-18T12:00:00Z,49.43514499080775,2001
2000-09-19T12:00:00Z,50.7279921853764,2001
2000-09-20T12:00:00Z,51.86717360049719,2001
2000-09-21T12:00:00Z,51.87677357564376,2001
2000-09-22T12:00:00Z,51.66271629630983,2001
2000-09-23T12:00:00Z,51.48192585909088,2001
2000-09-24T12:00:00Z,51.33676427556286,2001
2000-09-25T12:00:00Z,51.15608781243629,2001
2000-09-26T12:00:00Z,51.685332876661974,2001
2000-09-27T12:00:00Z,51.78604247030843,2001
2000-09-28T12:00:00Z,51.8917804276364,2001
2000-09-29T12:00:00Z,52.80765703930137,2001
2000-09-30T12:00:00Z,54.24121993304586,2001
2000-10-01T12:00:00Z,54.30902749732646,2001
2000-10-02T12:00:00Z,54.88838134930387,2001
2000-10-03T12:00:00Z,57.4203389836559,2001
2000-10-04T12:00:00Z,63.615334383227115,2001
2000-10-05T12:00:00Z,63.867114228979155,2001
2000-10-06T12:00:00Z,64.0567426241009,2001
2000-10-07T12:00:00Z,65.26150482260115,2001
2000-10-08T12:00:00Z,65.50120597523562,2001
2000-10-09T12:00:00Z,65.7606687860426,2001
2000-10-10T12:00:00Z,65.72990303977778,2001
2000-10-11T12:00:00Z,65.55201588008815,2001
2000-10-12T12:00:00Z,65.39364393585517,2001
2000-10-13T12:00:00Z,65.41347376429255,2001
2000-10-14T12:00:00Z,65.29817688043202,2001
2000-10-15T12:00:00Z,65.2704661986609,2001
2000-10-16T12:00:00Z,65.21386900903511,2001
2000-10-17T12:00:00Z,65.10058772928642,2001
2000-10-18T12:00:00Z,65.01781709850657,2001
2000-10-19T12:00:00Z,64.88747498226795,2001
2000-10-20T12:00:00Z,64.79253998901147,2001
2000-10-21T12:00:00Z,64.69662021804014,2001
2000-10-22T12:00:00Z,64.4982748803938,2001
2000-10-23T12:00:00Z,64.23355823601516,2001
2000-10-24T12:00:00Z,64.21704502940965,2001
2000-10-25T12:00:00Z,64.00598398081614,2001
2000-10-26T12:00:00Z,63.90147990985909,2001
2000-10-27T12:00:00Z,63.78959803360983,2001
2000-10-28T12:00:00Z,63.68174360351929,2001
2000-10-29T12:00:00Z,63.19172039844351,2001
2000-10-30T12:00:00Z,63.098266487144464,2001
2000-10-31T12:00:00Z,62.87945676093053,2001
2000-11-01T12:00:00Z,62.34274636161635,2001
2000-11-02T12:00:00Z,62.05769828013767,2001
2000-11-03T12:00:00Z,61.79069771906825,2001
2000-11-04T12:00:00Z,61.527493083841726,2001
2000-11-05T12:00:00Z,61.23408540795503,2001
2000-11-06T12:00:00Z,60.799753487717986,2001
2000-11-07T12:00:00Z,60.33757433236253,2001
2000-11-08T12:00:00Z,59.975259523443214,2001
2000-11-09T12:00:00Z,59.796247002888244,2001
2000-11-10T12:00:00Z,59.648840322420135,2001
2000-11-11T12:00:00Z,59.426663827238215,2001
2000-11-12T12:00:00Z,59.19967498275857,2001
2000-11-13T12:00:00Z,58.96092587512771,2001
2000-11-14T12:00:00Z,58.451146291127515,2001
2000-11-15T12:00:00Z,58.22020070168095,2001
2000-11-16T12:00:00Z,58.17837942726396,2001
2000-11-17T12:00:00Z,57.83505828436363,2001
2000-11-18T12:00:00Z,57.51902306916546,2001
2000-11-19T12:00:00Z,57.25309165080436,2001
2000-11-20T12:00:00Z,57.118893626212504,2001
2000-11-21T12:00:00Z,56.580313853611116,2001
2000-11-22T12:00:00Z,55.991143764960384,2001
2000-11-23T12:00:00Z,55.59541572978129,2001
2000-11-24T12:00:00Z,55.277670825393024,2001
2000-11-25T12:00:00Z,55.11307056291989,2001
2000-11-26T12:00:00Z,54.83504581279789,2001
2000-11-27T12:00:00Z,54.62220152023672,2001
2000-11-28T12:00:00Z,54.249922889109925,2001
2000-11-29T12:00:00Z,53.86945871171225,2001
2000-11-30T12:00:00Z,53.66357210430473,2001
2000-12-01T12:00:00Z,53.313994137055154,2001
2000-12-02T12:00:00Z,53.030607927181656,2001
2000-12-03T12:00:00Z,52.66253789342229,2001
2000-12-04T12:00:00Z,52.247401557286196,2001
2000-12-05T12:00:00Z,51.95840073089508,2001
2000-12-06T12:00:00Z,51.64432197026171,2001
2000-12-07T12:00:00Z,51.31915562611965,2001
2000-12-08T12:00:00Z,51.091124206799265,2001
2000-12-09T12:00:00Z,50.64227087138725,2001
2000-12-10T12:00:00Z,50.8176583219733,2001
2000-12-11T12:00:00Z,50.96310509702869,2001
2000-12-12T12:00:00Z,50.808777155244,2001
2000-12-13T12:00:00Z,51.07318348189493,2001
2000-12-14T12:00:00Z,50.878808633109806,2001
2000-12-15T12:00:00Z,50.79780048628946,2001
2000-12-16T12:00:00Z,50.52975198646184,2001
2000-12-17T12:00:00Z,50.21439901167716,2001
2000-12-18T12:00:00Z,49.68969948991159,2001
2000-12-19T12:00:00Z,49.30196542631171,2001
2000-12-20T12:00:00Z,48.68470999174799,2001
2000-12-21T12:00:00Z,48.379610481559695,2001
2000-12-22T12:00:00Z,48.118180996369084,2001
2000-12-23T12:00:00Z,47.768189417078744,2001
2000-12-24T12:00:00Z,47.64494244095517,2001
2000-12-25T12:00:00Z,47.38446119751269,2001
2000-12-26T12:00:00Z,46.96419354434777,2001
2000-12-27T12:00:00Z,46.584772269026416,2001
2000-12-28T12:00:00Z,46.35466965673638,2001
2000-12-29T12:00:00Z,46.19900804003628,2001
2000-12-30T12:00:00Z,45.65730328436876,2001
2000-12-31T12:00:00Z,45.276173319870935,2001
2001-01-01T12:00:00Z,44.84944411187953,2001
2001-01-02T12:00:00Z,44.45353058447149,2001
2001-01-03T12:00:00Z,44.062075232200876,2001
2001-01-04T12:00:00Z,43.826488158484025,2001
2001-01-05T12:00:00Z,43.44163680920432,2001
2001-01-06T12:00:00Z,43.16993576306101,2001
2001-01-07T12:00:00Z,42.79392903996715,2001
2001-01-08T12:00:00Z,42.51933655627273,2001
2001-01-09T12:00:00Z,42.39869482387092,2001
2001-01-10T12:00:00Z,41.912243779576606,2001
2001-01-11T12:00:00Z,41.55425440027961,2001
2001-01-12T12:00:00Z,41.287776805143125,2001
2001-01-13T12:00:00Z,40.976935882659895,2001
2001-01-14T12:00:00Z,40.70613832479476,2001
2001-01-15T12:00:00Z,40.47360886938213,2001
2001-01-16T12:00:00Z,40.1141047921092,2001
2001-01-17T12:00:00Z,39.90756361285726,2001
2001-01-18T12:00:00Z,39.70150677658658,2001
2001-01-19T12:00:00Z,39.28948225857758,2001
2001-01-20T12:00:00Z,39.545434483812464,2001
2001-01-21T12:00:00Z,39.549720906038516,2001
2001-01-22T12:00:00Z,39.38515945187427,2001
2001-01-23T12:00:00Z,39.141870085608126,2001
2001-01-24T12:00:00Z,38.806498002920165,2001
2001-01-25T12:00:00Z,38.37567050569989,2001
2001-01-26T12:00:00Z,38.0220319247918,2001
2001-01-27T12:00:00Z,37.729891579667466,2001
2001-01-28T12:00:00Z,37.442863988390066,2001
2001-01-29T12:00:00Z,37.13714041478203,2001
2001-01-30T12:00:00Z,36.826717033454884,2001
2001-01-31T12:00:00Z,36.567043482935496,2001
2001-02-01T12:00:00Z,36.2805988149294,2001
2001-02-02T12:00:00Z,35.95275636111181,2001
2001-02-03T12:00:00Z,35.49315294106706,2001
2001-02-04T12:00:00Z,35.12431327668792,2001
2001-02-05T12:00:00Z,34.663746143288435,2001
2001-02-06T12:00:00Z,34.18817953557116,2001
2001-02-07T12:00:00Z,33.75924777126484,2001
2001-02-08T12:00:00Z,33.289471478110386,2001
2001-02-09T12:00:00Z,32.93535590901229,2001
2001-02-10T12:00:00Z,32.5594326012422,2001
2001-02-11T12:00:00Z,32.23462414526982,2001
2001-02-12T12:00:00Z,31.874711293550614,2001
2001-02-13T12:00:00Z,31.341451495009835,2001
2001-02-14T12:00:00Z,30.983634475039807,2001
2001-02-15T12:00:00Z,30.58853110740767,2001
2001-02-16T12:00:00Z,30.18034023200243,2001
2001-02-17T12:00:00Z,29.818310983036547,2001
2001-02-18T12:00:00Z,29.474670396426085,2001
2001-02-19T12:00:00Z,28.917530355012982,2001
2001-02-20T12:00:00Z,28.313779182182362,2001
2001-02-21T12:00:00Z,27.94537923546272,2001
2001-02-22T12:00:00Z,27.459555437697862,2001
2001-02-23T12:00:00Z,27.085778264421577,2001
2001-02-24T12:00:00Z,26.56388566418186,2001
2001-02-25T12:00:00Z,26.15902794172611,2001
2001-02-26T12:00:00Z,25.721080985981757,2001
2001-02-27T12:00:00Z,25.3405505307935,2001
2001-02-28T12:00:00Z,24.791707970814283,2001
2001-03-01T12:00:00Z,24.245049875370384,2001
2001-03-02T12:00:00Z,23.82737602412379,2001
2001-03-03T12:00:00Z,23.374933415569082,2001
2001-03-04T12:00:00Z,22.96224171684828,2001
2001-03-05T12:00:00Z,24.445779000632978,2001
2001-03-06T12:00:00Z,23.811812159967907,2001
2001-03-07T12:00:00Z,23.22148898925049,2001
2001-03-08T12:00:00Z,22.77375988196526,2001
2001-03-09T12:00:00Z,22.193567737105656,2001
2001-03-10T12:00:00Z,21.902550379816613,2001
2001-03-11T12:00:00Z,21.790724410507302,2001
2001-03-12T12:00:00Z,21.364553873740633,2001
2001-03-13T12:00:00Z,20.954381820321725,2001
2001-03-14T12:00:00Z,20.416157688719824,2001
2001-03-15T12:00:00Z,19.945894501061947,2001
2001-03-16T12:00:00Z,19.48647776548206,2001
2001-03-17T12:00:00Z,19.118617963419034,2001
2001-03-18T12:00:00Z,21.768544824665437,2001
2001-03-19T12:00:00Z,23.930046367588055,2001
2001-03-20T12:00:00Z,28.06344029884819,2001
2001-03-21T12:00:00Z,27.33576271958743,2001
2001-03-22T12:00:00Z,26.951755400110162,2001
2001-03-23T12:00:00Z,26.172043482843957,2001
2001-03-24T12:00:00Z,25.64328853284519,2001
2001-03-25T12:00:00Z,25.15486729466851,2001
2001-03-26T12:00:00Z,24.51831467278932,2001
2001-03-27T12:00:00Z,24.033326717072356,2001
2001-03-28T12:00:00Z,23.50771050776417,2001
2001-03-29T12:00:00Z,23.418303470806084,2001
2001-03-30T12:00:00Z,26.258707729584454,2001
2001-03-31T12:00:00Z,26.1311423468175,2001
2001-04-01T12:00:00Z,26.931860950655327,2001
2001-04-02T12:00:00Z,26.439210801333385,2001
2001-04-03T12:00:00Z,25.805656348436123,2001
2001-04-04T12:00:00Z,25.163731868494466,2001
2001-04-05T12:00:00Z,24.721899841528277,2001
2001-04-06T12:00:00Z,24.40762244203381,2001
2001-04-07T12:00:00Z,24.129534629267994,2001
2001-04-08T12:00:00Z,23.398294301253276,2001
2001-04-09T12:00:00Z,22.675083499077772,2001
2001-04-10T12:00:00Z,22.11315288211889,2001
2001-04-11T12:00:00Z,21.38163299194409,2001
2001-04-12T12:00:00Z,20.569801067404928,2001
2001-04-13T12:00:00Z,19.986959371583936,2001
2001-04-14T12:00:00Z,19.303398093422086,2001
2001-04-15T12:00:00Z,18.6078183197589,2001
2001-04-16T12:00:00Z,17.5279177440879,2001
2001-04-17T12:00:00Z,16.870881559466916,2001
2001-04-18T12:00:00Z,16.08068754062298,2001
2001-04-19T12:00:00Z,15.295841681578235,2001
2001-04-20T12:00:00Z,14.606575680408351,2001
2001-04-21T12:00:00Z,14.03976322350276,2001
2001-04-22T12:00:00Z,13.529302060425318,2001
2001-04-23T12:00:00Z,13.116167387707762,2001
2001-04-24T12:00:00Z,12.815367043626187,2001
2001-04-25T12:00:00Z,12.7446422245092,2001
2001-04-26T12:00:00Z,12.961585689606464,2001
2001-04-27T12:00:00Z,12.552347477281888,2001
2001-04-28T12:00:00Z,12.211862700244374,2001
2001-04-29T12:00:00Z,11.950961590671367,2001
2001-04-30T12:00:00Z,11.741613677539151,2001
2001-05-01T12:00:00Z,11.667550103565713,2001
2001-05-02T12:00:00Z,12.122814636138934,2001
2001-05-03T12:00:00Z,11.90530137380727,2001
2001-05-04T12:00:00Z,14.075478515441931,2001
2001-05-05T12:00:00Z,13.870195314422222,2001
2001-05-06T12:00:00Z,13.111628820171024,2001
2001-05-07T12:00:00Z,12.380988397352267,2001
2001-05-08T12:00:00Z,12.065362283835958,2001
2001-05-09T12:00:00Z,11.489854443051819,2001
2001-05-10T12:00:00Z,10.983980923694412,2001
2001-05-11T12:00:00Z,10.885962284319259,2001
2001-05-12T12:00:00Z,10.434454315496763,2001
2001-05-13T12:00:00Z,9.981592163470381,2001
2001-05-14T12:00:00Z,9.54914921861819,2001
2001-05-15T12:00:00Z,9.162999384833727,2001
2001-05-16T12:00:00Z,8.792269637503164,2001
2001-05-17T12:00:00Z,8.432164311766552,2001
2001-05-18T12:00:00Z,8.153329694778817,2001
2001-05-19T12:00:00Z,7.804053294565696,2001
2001-05-20T12:00:00Z,7.530620938800521,2001
2001-05-21T12:00:00Z,7.071709635733986,2001
2001-05-22T12:00:00Z,6.866421910625199,2001
2001-05-23T12:00:00Z,9.190800498042481,2001
2001-05-24T12:00:00Z,13.549904828452034,2001
2001-05-25T12:00:00Z,13.79746683872454,2001
2001-05-26T12:00:00Z,13.814270461184863,2001
2001-05-27T12:00:00Z,15.38658682829474,2001
2001-05-28T12:00:00Z,16.016957409451948,2001
2001-05-29T12:00:00Z,15.809428482192965,2001
2001-05-30T12:00:00Z,15.377112214123338,2001
2001-06-01T12:00:00Z,17.311360657250873,2002
2001-06-02T12:00:00Z,18.394038046486163,2002
2001-06-03T12:00:00Z,19.34449807655046,2002
2001-06-04T12:00:00Z,19.427166705941037,2002
2001-06-05T12:00:00Z,19.073538283066043,2002
2001-06-06T12:00:00Z,18.63171549421195,2002
2001-06-07T12:00:00Z,18.464309532197564,2002
2001-06-08T12:00:00Z,21.785447345497943,2002
2001-06-09T12:00:00Z,21.90580057282611,2002
2001-06-10T12:00:00Z,21.507138802036955,2002
2001-06-11T12:00:00Z,20.835233101389974,2002
2001-06-12T12:00:00Z,20.183549346649226,2002
2001-06-13T12:00:00Z,19.86824557161932,2002
2001-06-14T12:00:00Z,21.160863442698425,2002
2001-06-15T12:00:00Z,20.803876422591458,2002
2001-06-16T12:00:00Z,20.688776099760517,2002
2001-06-17T12:00:00Z,20.382093265947642,2002
2001-06-18T12:00:00Z,20.662876241280063,2002
2001-06-19T12:00:00Z,20.34901839669908,2002
2001-06-20T12:00:00Z,19.864395075239102,2002
2001-06-21T12:00:00Z,20.106686148732166,2002
2001-06-22T12:00:00Z,21.178785467119223,2002
2001-06-23T12:00:00Z,21.79641842169896,2002
2001-06-24T12:00:00Z,22.516031492950678,2002
2001-06-25T12:00:00Z,22.50420993605844,2002
2001-06-26T12:00:00Z,22.88015103354451,2002
2001-06-27T12:00:00Z,22.852520620601222,2002
2001-06-28T12:00:00Z,24.111717034187155,2002
2001-06-29T12:00:00Z,24.205175865461673,2002
2001-06-30T12:00:00Z,23.64804431615508,2002
2001-07-01T12:00:00Z,22.884896645091146,2002
2001-07-02T12:00:00Z,22.50200346893512,2002
2001-07-03T12:00:00Z,22.01408166776679,2002
2001-07-04T12:00:00Z,21.51753780408469,2002
2001-07-05T12:00:00Z,23.207691451211712,2002
2001-07-06T12:00:00Z,23.015934681563444,2002
2001-07-07T12:00:00Z,23.57768802837333,2002
2001-07-08T12:00:00Z,24.080565962308025,2002
2001-07-09T12:00:00Z,25.626054755784683,2002
2001-07-10T12:00:00Z,27.208750543439898,2002
2001-07-11T12:00:00Z,27.984448110835597,2002
2001-07-12T12:00:00Z,28.50228204252338,2002
2001-07-13T12:00:00Z,28.214961001024893,2002
2001-07-14T12:00:00Z,28.803644854220074,2002
2001-07-15T12:00:00Z,32.90159724326497,2002
2001-07-16T12:00:00Z,32.858756897759854,2002
2001-07-17T12:00:00Z,32.85824462762477,2002
2001-07-18T12:00:00Z,34.235283014655614,2002
2001-07-19T12:00:00Z,34.6809067591694,2002
2001-07-20T12:00:00Z,35.51730108003668,2002
2001-07-21T12:00:00Z,37.197435231429054,2002
2001-07-22T12:00:00Z,40.09909483023439,2002
2001-07-23T12:00:00Z,44.1903559656721,2002
2001-07-24T12:00:00Z,45.81529101055399,2002
2001-07-25T12:00:00Z,45.81056070127527,2002
2001-07-26T12:00:00Z,45.93536959798592,2002
2001-07-27T12:00:00Z,45.84981878288649,2002
2001-07-28T12:00:00Z,46.09320490333086,2002
2001-07-29T12:00:00Z,46.421651889409716,2002
2001-07-30T12:00:00Z,47.245286819101025,2002
2001-07-31T12:00:00Z,47.37616918754921,2002
2001-08-01T12:00:00Z,50.3227724282414,2002
2001-08-02T12:00:00Z,53.274852725225216,2002
2001-08-03T12:00:00Z,55.770238529656126,2002
2001-08-04T12:00:00Z,57.50930417706742,2002
2001-08-05T12:00:00Z,58.19547779286916,2002
2001-08-06T12:00:00Z,59.34700159577459,2002
2001-08-07T12:00:00Z,59.70306336071653,2002
2001-08-08T12:00:00Z,59.76722375175233,2002
2001-08-09T12:00:00Z,59.72208429941819,2002
2001-08-10T12:00:00Z,59.790186551923014,2002
2001-08-11T12:00:00Z,59.732246380618896,2002
2001-08-12T12:00:00Z,59.802508399382134,2002
2001-08-13T12:00:00Z,59.70999999066349,2002
2001-08-14T12:00:00Z,59.65372639354575,2002
2001-08-15T12:00:00Z,59.64494486432913,2002
2001-08-16T12:00:00Z,59.84721897630972,2002
2001-08-17T12:00:00Z,59.92593978076333,2002
2001-08-18T12:00:00Z,59.78839896693513,2002
2001-08-19T12:00:00Z,59.56844923205911,2002
2001-08-20T12:00:00Z,59.80273965653647,2002
2001-08-21T12:00:00Z,60.21975649196943,2002
2001-08-22T12:00:00Z,60.022054419377355,2002
2001-08-23T12:00:00Z,60.66352841721085,2002
2001-08-24T12:00:00Z,60.14550721752622,2002
2001-08-25T12:00:00Z,59.7908623895033,2002
2001-08-26T12:00:00Z,59.22509183923713,2002
2001-08-27T12:00:00Z,58.49779038638073,2002
2001-08-28T12:00:00Z,57.897953930484654,2002
2001-08-29T12:00:00Z,57.29122769196161,2002
2001-08-30T12:00:00Z,56.764538772390786,2002
2001-08-31T12:00:00Z,55.8162601450352,2002
2001-09-01T12:00:00Z,55.21882045862556,2002
2001-09-02T12:00:00Z,55.10036990709768,2002
2001-09-03T12:00:00Z,54.61096281567661,2002
2001-09-04T12:00:00Z,54.235849923978826,2002
2001-09-05T12:00:00Z,54.09176668008073,2002
2001-09-06T12:00:00Z,54.153500797795765,2002
2001-09-07T12:00:00Z,54.86199209056504,2002
2001-09-08T12:00:00Z,55.12186183597631,2002
2001-09-09T12:00:00Z,57.181009579791805,2002
2001-09-10T12:00:00Z,57.31558948143843,2002
2001-09-11T12:00:00Z,57.39954202991799,2002
2001-09-12T12:00:00Z,59.78219056429803,2002
2001-09-13T12:00:00Z,61.675044056892965,2002
2001-09-14T12:00:00Z,63.530726784635746,2002
2001-09-15T12:00:00Z,63.82143311480526,2002
2001-09-16T12:00:00Z,63.809004888322875,2002
2001-09-17T12:00:00Z,63.65312912225294,2002
2001-09-18T12:00:00Z,63.85869851481364,2002
2001-09-19T12:00:00Z,64.05140018062671,2002
2001-09-20T12:00:00Z,63.65235723530953,2002
2001-09-21T12:00:00Z,63.4791946342482,2002
2001-09-22T12:00:00Z,63.298296900373344,2002
2001-09-23T12:00:00Z,63.009151870645155,2002
2001-09-24T12:00:00Z,62.836014501048766,2002
2001-09-25T12:00:00Z,62.61609030427801,2002
2001-09-26T12:00:00Z,62.43077767731976,2002
2001-09-27T12:00:00Z,63.308750413461006,2002
2001-09-28T12:00:00Z,65.79113181193718,2002
2001-09-29T12:00:00Z,77.3658657520205,2002
2001-09-30T12:00:00Z,77.57612396130394,2002
2001-10-01T12:00:00Z,77.43356246353268,2002
2001-10-02T12:00:00Z,77.3216735917648,2002
2001-10-03T12:00:00Z,77.44865911995213,2002
2001-10-04T12:00:00Z,77.45775731480902,2002
2001-10-05T12:00:00Z,77.80828328810556,2002
2001-10-06T12:00:00Z,78.37139020026196,2002
2001-10-07T12:00:00Z,78.80273933387761,2002
2001-10-08T12:00:00Z,79.06982642015298,2002
2001-10-09T12:00:00Z,79.42194593231622,2002
2001-10-10T12:00:00Z,79.53038237262216,2002
2001-10-11T12:00:00Z,79.49338481607877,2002
2001-10-12T12:00:00Z,79.3777956261775,2002
2001-10-13T12:00:00Z,79.2466537622041,2002
2001-10-14T12:00:00Z,79.15728138018027,2002
2001-10-15T12:00:00Z,79.34412304627087,2002
2001-10-16T12:00:00Z,79.68497756747479,2002
2001-10-17T12:00:00Z,79.4851773953681,2002
2001-10-18T12:00:00Z,79.16193805916551,2002
2001-10-19T12:00:00Z,79.69747755923669,2002
2001-10-20T12:00:00Z,80.034623881193,2002
2001-10-21T12:00:00Z,81.83695990065293,2002
2001-10-22T12:00:00Z,84.9891102178124,2002
2001-10-23T12:00:00Z,86.19396017723335,2002
2001-10-24T12:00:00Z,86.08285058610227,2002
2001-10-25T12:00:00Z,85.87460293509535,2002
2001-10-26T12:00:00Z,86.12918242996298,2002
2001-10-27T12:00:00Z,85.52501039556493,2002
2001-10-28T12:00:00Z,84.98743348559292,2002
2001-10-29T12:00:00Z,84.50846369193569,2002
2001-10-30T12:00:00Z,84.20703153375672,2002
2001-10-31T12:00:00Z,83.89167264813639,2002
2001-11-01T12:00:00Z,83.74646251703639,2002
2001-11-02T12:00:00Z,83.91510868816226,2002
2001-11-03T12:00:00Z,84.33451175975742,2002
2001-11-04T12:00:00Z,84.28151413403232,2002
2001-11-05T12:00:00Z,86.48005183356639,2002
2001-11-06T12:00:00Z,86.4243262553544,2002
2001-11-07T12:00:00Z,86.14703848094517,2002
2001-11-08T12:00:00Z,85.96372830917825,2002
2001-11-09T12:00:00Z,85.75183166110308,2002
2001-11-10T12:00:00Z,85.5205822734684,2002
2001-11-11T12:00:00Z,85.22225115981442,2002
2001-11-12T12:00:00Z,84.79788985135102,2002
2001-11-13T12:00:00Z,84.44875319674834,2002
2001-11-14T12:00:00Z,84.17038655180951,2002
2001-11-15T12:00:00Z,83.94415345446535,2002
2001-11-16T12:00:00Z,83.23543299610341,2002
2001-11-17T12:00:00Z,83.05281498250521,2002
2001-11-18T12:00:00Z,82.7231137619522,2002
2001-11-19T12:00:00Z,82.32220050283156,2002
2001-11-20T12:00:00Z,82.0254211791919,2002
2001-11-21T12:00:00Z,81.55930697252883,2002
2001-11-22T12:00:00Z,81.28719128915915,2002
2001-11-23T12:00:00Z,80.83783884626273,2002
2001-11-24T12:00:00Z,80.3124692078186,2002
2001-11-25T12:00:00Z,80.05698959542808,2002
2001-11-26T12:00:00Z,79.70827079319854,2002
2001-11-27T12:00:00Z,79.141722252931,2002
2001-11-28T12:00:00Z,78.49699233203286,2002
2001-11-29T12:00:00Z,77.59243332989286,2002
2001-11-30T12:00:00Z,77.0946355177817,2002
2001-12-01T12:00:00Z,76.69004739625196,2002
2001-12-02T12:00:00Z,76.2379013478005,2002
2001-12-03T12:00:00Z,75.38139666149412,2002
2001-12-04T12:00:00Z,74.49001162597071,2002
2001-12-05T12:00:00Z,73.61421357162283,2002
2001-12-06T12:00:00Z,73.00473461368517,2002
2001-12-07T12:00:00Z,72.78720497355607,2002
2001-12-08T12:00:00Z,72.25148559689308,2002
2001-12-09T12:00:00Z,71.71312428264469,2002
2001-12-10T12:00:00Z,71.35560662144304,2002
2001-12-11T12:00:00Z,70.7966173786422,2002
2001-12-12T12:00:00Z,70.21399539977259,2002
2001-12-13T12:00:00Z,69.89430895406612,2002
2001-12-14T12:00:00Z,69.23037594324397,2002
2001-12-15T12:00:00Z,68.5358208174039,2002
2001-12-16T12:00:00Z,68.2091788627748,2002
2001-12-17T12:00:00Z,67.87206570374157,2002
2001-12-18T12:00:00Z,67.39605007160189,2002
2001-12-19T12:00:00Z,66.88918495292641,2002
2001-12-20T12:00:00Z,66.41592401047988,2002
2001-12-21T12:00:00Z,65.65745067539227,2002
2001-12-22T12:00:00Z,65.3946799041986,2002
2001-12-23T12:00:00Z,65.28923280666743,2002
2001-12-24T12:00:00Z,64.92250657610788,2002
2001-12-25T12:00:00Z,64.79084578058144,2002
2001-12-26T12:00:00Z,65.20231609424575,2002
2001-12-27T12:00:00Z,64.80302889846224,2002
2001-12-28T12:00:00Z,64.36808066319476,2002
2001-12-29T12:00:00Z,64.25277020935535,2002
2001-12-30T12:00:00Z,63.989709377002775,2002
2001-12-31T12:00:00Z,63.93933105926422,2002
2002-01-01T12:00:00Z,65.51627043899691,2002
2002-01-02T12:00:00Z,65.27724064790924,2002
2002-01-03T12:00:00Z,65.71113007012855,2002
2002-01-04T12:00:00Z,64.94544634850496,2002
2002-01-05T12:00:00Z,64.68703961157841,2002
2002-01-06T12:00:00Z,64.81597755537393,2002
2002-01-07T12:00:00Z,64.8892356881712,2002
2002-01-08T12:00:00Z,64.59872153224384,2002
2002-01-09T12:00:00Z,64.38367607926779,2002
2002-01-10T12:00:00Z,63.95876840867178,2002
2002-01-11T12:00:00Z,63.76876418692092,2002
2002-01-12T12:00:00Z,63.54082652173789,2002
2002-01-13T12:00:00Z,63.398913918388196,2002
2002-01-14T12:00:00Z,63.24727002917898,2002
2002-01-15T12:00:00Z,63.246569454419664,2002
2002-01-16T12:00:00Z,63.17209789548438,2002
2002-01-17T12:00:00Z,63.10833763117982,2002
2002-01-18T12:00:00Z,62.880090719221876,2002
2002-01-19T12:00:00Z,62.61139515794961,2002
2002-01-20T12:00:00Z,62.47936560454023,2002
2002-01-21T12:00:00Z,62.194382537677036,2002
2002-01-22T12:00:00Z,61.68252607413088,2002
2002-01-23T12:00:00Z,61.37927049981239,2002
2002-01-24T12:00:00Z,61.09001202689149,2002
2002-01-25T12:00:00Z,60.6983885716448,2002
2002-01-26T12:00:00Z,60.35112980760781,2002
2002-01-27T12:00:00Z,60.04987307515914,2002
2002-01-28T12:00:00Z,59.82347834632292,2002
2002-01-29T12:00:00Z,59.443963994218976,2002
2002-01-30T12:00:00Z,59.09697829339772,2002
2002-01-31T12:00:00Z,58.55952019053587,2002
2002-02-01T12:00:00Z,58.287788480359346,2002
2002-02-02T12:00:00Z,58.032588990777285,2002
2002-02-03T12:00:00Z,58.466753112390215,2002
2002-02-04T12:00:00Z,57.83965462614264,2002
2002-02-05T12:00:00Z,57.38855757138367,2002
2002-02-06T12:00:00Z,57.03360662935162,2002
2002-02-07T12:00:00Z,56.61380330745374,2002
2002-02-08T12:00:00Z,56.11537539980407,2002
2002-02-09T12:00:00Z,55.71392240564338,2002
2002-02-10T12:00:00Z,55.70537908790922,2002
2002-02-11T12:00:00Z,56.61548899174023,2002
2002-02-12T12:00:00Z,56.47685798915046,2002
2002-02-13T12:00:00Z,55.94051506394888,2002
2002-02-14T12:00:00Z,55.983336942383254,2002
2002-02-15T12:00:00Z,55.845560388502136,2002
2002-02-16T12:00:00Z,55.96638595178303,2002
2002-02-17T12:00:00Z,56.127910190666945,2002
2002-02-18T12:00:00Z,55.578701305332196,2002
2002-02-19T12:00:00Z,55.11062371265981,2002
2002-02-20T12:00:00Z,54.76455197623195,2002
2002-02-21T12:00:00Z,54.40479193895108,2002
2002-02-22T12:00:00Z,54.03171172482423,2002
2002-02-23T12:00:00Z,57.17927216940035,2002
2002-02-24T12:00:00Z,57.239886425180785,2002
2002-02-25T12:00:00Z,56.90072962732893,2002
2002-02-26T12:00:00Z,56.34180207186712,2002
2002-02-27T12:00:00Z,55.86972110430209,2002
2002-02-28T12:00:00Z,54.99774869473737,2002
2002-03-01T12:00:00Z,54.56548251888319,2002
2002-03-02T12:00:00Z,53.88607078236452,2002
2002-03-03T12:00:00Z,53.24200162332646,2002
2002-03-04T12:00:00Z,52.77691762749135,2002
2002-03-05T12:00:00Z,52.093281524511745,2002
2002-03-06T12:00:00Z,50.80658907738716,2002
2002-03-07T12:00:00Z,50.373240749494144,2002
2002-03-08T12:00:00Z,50.88104484434534,2002
2002-03-09T12:00:00Z,50.552469845081276,2002
2002-03-10T12:00:00Z,50.14605560028131,2002
2002-03-11T12:00:00Z,49.38454582337927,2002
2002-03-12T12:00:00Z,48.80694642550372,2002
2002-03-13T12:00:00Z,48.20631304342159,2002
2002-03-14T12:00:00Z,47.32329854067029,2002
2002-03-15T12:00:00Z,46.70665799091158,2002
2002-03-16T12:00:00Z,47.301517795500956,2002
2002-03-17T12:00:00Z,46.66821946737362,2002
2002-03-18T12:00:00Z,45.94122461137045,2002
2002-03-19T12:00:00Z,45.31961140120609,2002
2002-03-20T12:00:00Z,44.64803076448309,2002
2002-03-21T12:00:00Z,43.836867906264935,2002
2002-03-22T12:00:00Z,42.981693439449316,2002
2002-03-23T12:00:00Z,42.3560908133925,2002
2002-03-24T12:00:00Z,41.64090534477943,2002
2002-03-25T12:00:00Z,40.86989812730813,2002
2002-03-26T12:00:00Z,40.421988225798444,2002
2002-03-27T12:00:00Z,41.69575892026795,2002
2002-03-28T12:00:00Z,41.4498422390412,2002
2002-03-29T12:00:00Z,40.867266494210924,2002
2002-03-30T12:00:00Z,40.222358454181965,2002
2002-03-31T12:00:00Z,39.45850738452163,2002
2002-04-01T12:00:00Z,38.781192850480195,2002
2002-04-02T12:00:00Z,37.95837732325361,2002
2002-04-03T12:00:00Z,37.693650191317936,2002
2002-04-04T12:00:00Z,37.23724516495017,2002
2002-04-05T12:00:00Z,36.75770640931018,2002
2002-04-06T12:00:00Z,36.09436205181449,2002
2002-04-07T12:00:00Z,35.260896075179495,2002
2002-04-08T12:00:00Z,34.56126396028167,2002
2002-04-09T12:00:00Z,33.697348925905736,2002
2002-04-10T12:00:00Z,33.33932696721764,2002
2002-04-11T12:00:00Z,32.95609164910182,2002
2002-04-12T12:00:00Z,32.29595916601592,2002
2002-04-13T12:00:00Z,31.60508145868385,2002
2002-04-14T12:00:00Z,31.882423226963493,2002
2002-04-15T12:00:00Z,33.93456288448121,2002
2002-04-16T12:00:00Z,33.90106991800492,2002
2002-04-17T12:00:00Z,33.61430273073193,2002
2002-04-18T12:00:00Z,33.0382728118988,2002
2002-04-19T12:00:00Z,32.589859615204645,2002
2002-04-20T12:00:00Z,32.002956914415456,2002
2002-04-21T12:00:00Z,31.424193608238802,2002
2002-04-22T12:00:00Z,30.738350303572098,2002
2002-04-23T12:00:00Z,30.196860962737873,2002
2002-04-24T12:00:00Z,29.60556697559414,2002
2002-04-25T12:00:00Z,28.92134010026608,2002
2002-04-26T12:00:00Z,28.261544262497598,2002
2002-04-27T12:00:00Z,27.445116357740414,2002
2002-04-28T12:00:00Z,26.792560254733722,2002
2002-04-29T12:00:00Z,26.079230715288826,2002
2002-04-30T12:00:00Z,25.46721902262614,2002
2002-05-01T12:00:00Z,24.643272262600703,2002
2002-05-02T12:00:00Z,23.90957999501174,2002
2002-05-03T12:00:00Z,22.997909866268934,2002
2002-05-04T12:00:00Z,22.235810005815,2002
2002-05-05T12:00:00Z,21.409927544367836,2002
2002-05-06T12:00:00Z,20.47451843783465,2002
2002-05-07T12:00:00Z,19.72544206139851,2002
2002-05-08T12:00:00Z,18.777659795494515,2002
2002-05-09T12:00:00Z,17.475586717830993,2002
2002-05-10T12:00:00Z,16.361916716540726,2002
2002-05-11T12:00:00Z,15.427032715557718,2002
2002-05-12T12:00:00Z,14.486447545390824,2002
2002-05-13T12:00:00Z,13.662949432208285,2002
2002-05-14T12:00:00Z,13.700421006649501,2002
2002-05-15T12:00:00Z,15.185396104067761,2002
2002-05-16T12:00:00Z,15.923892311228917,2002
2002-05-17T12:00:00Z,15.593507195777642,2002
2002-05-18T12:00:00Z,14.739894049998593,2002
2002-05-19T12:00:00Z,15.657397402355466,2002
2002-05-20T12:00:00Z,20.824003440431298,2002
2002-05-21T12:00:00Z,21.52016197941442,2002
2002-05-22T12:00:00Z,21.235570508273835,2002
2002-05-23T12:00:00Z,20.476857224837993,2002
2002-05-24T12:00:00Z,19.992723283041144,2002
2002-05-25T12:00:00Z,19.153986321571136,2002
2002-05-26T12:00:00Z,18.433579777269642,2002
2002-05-27T12:00:00Z,17.653766449011222,2002
2002-05-28T12:00:00Z,16.92066135417936,2002
2002-05-29T12:00:00Z,17.22818930705436,2002
2002-05-30T12:00:00Z,16.95840711313304,2002
2002-06-01T12:00:00Z,22.63894242559569,2003
2002-06-02T12:00:00Z,21.574009786055484,2003
2002-06-03T12:00:00Z,21.37912319116987,2003
2002-06-04T12:00:00Z,21.52782621194877,2003
2002-06-05T12:00:00Z,20.53006137053839,2003
2002-06-06T12:00:00Z,19.711222510746875,2003
2002-06-07T12:00:00Z,20.18904486314651,2003
2002-06-08T12:00:00Z,22.772079888831804,2003
2002-06-09T12:00:00Z,24.39077327204237,2003
2002-06-10T12:00:00Z,23.368012767533163,2003
2002-06-11T12:00:00Z,25.576577292421156,2003
2002-06-12T12:00:00Z,25.42159946764309,2003
2002-06-13T12:00:00Z,27.61650672413735,2003
2002-06-14T12:00:00Z,33.471088418577274,2003
2002-06-15T12:00:00Z,43.68671513805149,2003
2002-06-16T12:00:00Z,44.30707929916702,2003
2002-06-17T12:00:00Z,44.419542933912,2003
2002-06-18T12:00:00Z,44.204296741359734,2003
2002-06-19T12:00:00Z,44.08442024363682,2003
2002-06-20T12:00:00Z,45.34549619998486,2003
2002-06-21T12:00:00Z,50.74216172161686,2003
2002-06-22T12:00:00Z,51.25527263931979,2003
2002-06-23T12:00:00Z,52.89394801551165,2003
2002-06-24T12:00:00Z,56.223339021313166,2003
2002-06-25T12:00:00Z,58.06765745010788,2003
2002-06-26T12:00:00Z,58.89329629954136,2003
2002-06-27T12:00:00Z,59.286029552512346,2003
2002-06-28T12:00:00Z,60.35053452032372,2003
2002-06-29T12:00:00Z,60.62702427013377,2003
2002-06-30T12:00:00Z,60.68299622241079,2003
2002-07-01T12:00:00Z,61.54564059874792,2003
2002-07-02T12:00:00Z,63.07045931435661,2003
2002-07-03T12:00:00Z,63.62987849665174,2003
2002-07-04T12:00:00Z,63.79753444376432,2003
2002-07-05T12:00:00Z,64.06880651152484,2003
2002-07-06T12:00:00Z,64.58776978582554,2003
2002-07-07T12:00:00Z,65.35838401853931,2003
2002-07-08T12:00:00Z,67.7614022559868,2003
2002-07-09T12:00:00Z,69.99335941069843,2003
2002-07-10T12:00:00Z,70.708653397952,2003
2002-07-11T12:00:00Z,72.27480058721532,2003
2002-07-12T12:00:00Z,72.81632849379221,2003
2002-07-13T12:00:00Z,74.66968097927045,2003
2002-07-14T12:00:00Z,74.97174592638845,2003
2002-07-15T12:00:00Z,75.24044166386449,2003
2002-07-16T12:00:00Z,75.66084649509918,2003
2002-07-17T12:00:00Z,75.49851326121494,2003
2002-07-18T12:00:00Z,76.35683296080042,2003
2002-07-19T12:00:00Z,76.44805750077401,2003
2002-07-20T12:00:00Z,76.38761963412371,2003
2002-07-21T12:00:00Z,76.51414373726207,2003
2002-07-22T12:00:00Z,78.58043150738749,2003
2002-07-23T12:00:00Z,78.69010193017549,2003
2002-07-24T12:00:00Z,79.31114278929492,2003
2002-07-25T12:00:00Z,79.81935052122266,2003
2002-07-26T12:00:00Z,80.54121176268286,2003
2002-07-27T12:00:00Z,80.15227370785608,2003
2002-07-28T12:00:00Z,79.93867639817374,2003
2002-07-29T12:00:00Z,79.62070923675373,2003
2002-07-30T12:00:00Z,79.59077183815556,2003
2002-07-31T12:00:00Z,80.42300512523228,2003
2002-08-01T12:00:00Z,80.06558765303824,2003
2002-08-02T12:00:00Z,79.59364301456115,2003
2002-08-03T12:00:00Z,79.19507360658605,2003
2002-08-04T12:00:00Z,79.08995384760938,2003
2002-08-05T12:00:00Z,78.97057795395877,2003
2002-08-06T12:00:00Z,78.9081719895645,2003
2002-08-07T12:00:00Z,79.08081276658487,2003
2002-08-08T12:00:00Z,80.65616123448895,2003
2002-08-09T12:00:00Z,79.97373372691794,2003
2002-08-10T12:00:00Z,79.41635515822861,2003
2002-08-11T12:00:00Z,79.11233369704843,2003
2002-08-12T12:00:00Z,79.24654064624697,2003
2002-08-13T12:00:00Z,79.51955765768233,2003
2002-08-14T12:00:00Z,80.80514271672644,2003
2002-08-15T12:00:00Z,80.71518316652221,2003
2002-08-16T12:00:00Z,80.09475924486733,2003
2002-08-17T12:00:00Z,80.27593754549261,2003
2002-08-18T12:00:00Z,80.10554025898311,2003
2002-08-19T12:00:00Z,80.26932417395305,2003
2002-08-20T12:00:00Z,80.14907021342313,2003
2002-08-21T12:00:00Z,80.29481923973482,2003
2002-08-22T12:00:00Z,79.50666653473505,2003
2002-08-23T12:00:00Z,78.85110280495171,2003
2002-08-24T12:00:00Z,78.14177646648405,2003
2002-08-25T12:00:00Z,77.42090851544047,2003
2002-08-26T12:00:00Z,76.61028543345286,2003
2002-08-27T12:00:00Z,76.43432821309273,2003
2002-08-28T12:00:00Z,76.7284618691191,2003
2002-08-29T12:00:00Z,76.46466241343406,2003
2002-08-30T12:00:00Z,77.17838353258304,2003
2002-08-31T12:00:00Z,78.20644196279763,2003
2002-09-01T12:00:00Z,78.0859718666008,2003
2002-09-02T12:00:00Z,77.80187512988735,2003
2002-09-03T12:00:00Z,77.70531778272641,2003
2002-09-04T12:00:00Z,78.04475432351884,2003
2002-09-05T12:00:00Z,78.02518075486465,2003
2002-09-06T12:00:00Z,78.25955707753712,2003
2002-09-07T12:00:00Z,78.41332355400868,2003
2002-09-08T12:00:00Z,77.93751381483347,2003
2002-09-09T12:00:00Z,77.55279175106752,2003
2002-09-10T12:00:00Z,77.3572741750478,2003
2002-09-11T12:00:00Z,77.75226736497794,2003
2002-09-12T12:00:00Z,80.68211188313485,2003
2002-09-13T12:00:00Z,80.7492869559633,2003
2002-09-14T12:00:00Z,80.519540481247,2003
2002-09-15T12:00:00Z,80.2242160675836,2003
2002-09-16T12:00:00Z,79.94105162732102,2003
2002-09-17T12:00:00Z,79.38886032836767,2003
2002-09-18T12:00:00Z,79.1028231052703,2003
2002-09-19T12:00:00Z,78.73147680034306,2003
2002-09-20T12:00:00Z,78.4316714057396,2003
2002-09-21T12:00:00Z,78.10178511630437,2003
2002-09-22T12:00:00Z,77.84143211030646,2003
2002-09-23T12:00:00Z,77.66030617423878,2003
2002-09-24T12:00:00Z,77.39730426946227,2003
2002-09-25T12:00:00Z,77.45403968522702,2003
2002-09-26T12:00:00Z,77.1526914503879,2003
2002-09-27T12:00:00Z,77.08312462873636,2003
2002-09-28T12:00:00Z,76.95098179003115,2003
2002-09-29T12:00:00Z,76.50101824956664,2003
2002-09-30T12:00:00Z,76.08551595650108,2003
2002-10-01T12:00:00Z,75.96016579383708,2003
2002-10-02T12:00:00Z,75.51442052135228,2003
2002-10-03T12:00:00Z,74.98194497605606,2003
2002-10-04T12:00:00Z,74.17183792398015,2003
2002-10-05T12:00:00Z,73.79961960259925,2003
2002-10-06T12:00:00Z,73.24586078344024,2003
2002-10-07T12:00:00Z,72.4902177157342,2003
2002-10-08T12:00:00Z,71.56553291773896,2003
2002-10-09T12:00:00Z,71.23660904644633,2003
2002-10-10T12:00:00Z,70.49168315674633,2003
2002-10-11T12:00:00Z,70.47051610643447,2003
2002-10-12T12:00:00Z,70.46621743690203,2003
2002-10-13T12:00:00Z,70.11768757317262,2003
2002-10-14T12:00:00Z,69.95278802515864,2003
2002-10-15T12:00:00Z,69.50336847837342,2003
2002-10-16T12:00:00Z,70.97673225288413,2003
2002-10-17T12:00:00Z,70.80517681558904,2003
2002-10-18T12:00:00Z,70.00025721174124,2003
2002-10-19T12:00:00Z,69.21279762144495,2003
2002-10-20T12:00:00Z,68.94319310500083,2003
2002-10-21T12:00:00Z,68.31734113687516,2003
2002-10-22T12:00:00Z,67.94569752126235,2003
2002-10-23T12:00:00Z,67.34912436381742,2003
2002-10-24T12:00:00Z,66.94863660934806,2003
2002-10-25T12:00:00Z,66.48135451492465,2003
2002-10-26T12:00:00Z,65.82983840091113,2003
2002-10-27T12:00:00Z,65.42434079330984,2003
2002-10-28T12:00:00Z,64.96153251039246,2003
2002-10-29T12:00:00Z,64.49775146823052,2003
2002-10-30T12:00:00Z,64.0759974401299,2003
2002-10-31T12:00:00Z,63.631233032263175,2003
2002-11-01T12:00:00Z,64.61547923188189,2003
2002-11-02T12:00:00Z,64.98266624674943,2003
2002-11-03T12:00:00Z,64.69165449136734,2003
2002-11-04T12:00:00Z,64.38512189072195,2003
2002-11-05T12:00:00Z,64.09962848052338,2003
2002-11-06T12:00:00Z,63.63554164929953,2003
2002-11-07T12:00:00Z,63.33660847252546,2003
2002-11-08T12:00:00Z,62.83159386875677,2003
2002-11-09T12:00:00Z,62.596544250872725,2003
2002-11-10T12:00:00Z,62.47935748314815,2003
2002-11-11T12:00:00Z,62.26922819781747,2003
2002-11-12T12:00:00Z,62.027925670969324,2003
2002-11-13T12:00:00Z,62.30003667006467,2003
2002-11-14T12:00:00Z,62.136978339348,2003
2002-11-15T12:00:00Z,62.11278622266269,2003
2002-11-16T12:00:00Z,62.070517223612164,2003
2002-11-17T12:00:00Z,65.78644284875935,2003
2002-11-18T12:00:00Z,65.37154838548281,2003
2002-11-19T12:00:00Z,65.30717042626631,2003
2002-11-20T12:00:00Z,65.17040429346991,2003
2002-11-21T12:00:00Z,65.25436118068134,2003
2002-11-22T12:00:00Z,65.18270732145075,2003
2002-11-23T12:00:00Z,65.00596132375698,2003
2002-11-24T12:00:00Z,64.91419941033156,2003
2002-11-25T12:00:00Z,64.722162893166,2003
2002-11-26T12:00:00Z,64.75868775906073,2003
2002-11-27T12:00:00Z,64.64535735049645,2003
2002-11-28T12:00:00Z,64.49998269083976,2003
2002-11-29T12:00:00Z,64.31423354992698,2003
2002-11-30T12:00:00Z,63.75747010403217,2003
2002-12-01T12:00:00Z,63.68824925505621,2003
2002-12-02T12:00:00Z,63.749367552026705,2003
2002-12-03T12:00:00Z,63.495874886607155,2003
2002-12-04T12:00:00Z,63.267944248979795,2003
2002-12-05T12:00:00Z,63.24206991487445,2003
2002-12-06T12:00:00Z,63.05043006443877,2003
2002-12-07T12:00:00Z,62.82023875986521,2003
2002-12-08T12:00:00Z,62.70332829796345,2003
2002-12-09T12:00:00Z,64.48002069126579,2003
2002-12-10T12:00:00Z,68.81812683865205,2003
2002-12-11T12:00:00Z,68.52950942480571,2003
2002-12-12T12:00:00Z,68.45333630951421,2003
2002-12-13T12:00:00Z,68.69620437713604,2003
2002-12-14T12:00:00Z,68.93308866531747,2003
2002-12-15T12:00:00Z,68.58270274656006,2003
2002-12-16T12:00:00Z,68.46387697710702,2003
2002-12-17T12:00:00Z,68.07225529533986,2003
2002-12-18T12:00:00Z,67.82893497213033,2003
2002-12-19T12:00:00Z,67.81211471786453,2003
2002-12-20T12:00:00Z,67.73108788429082,2003
2002-12-21T12:00:00Z,67.56787585582859,2003
2002-12-22T12:00:00Z,67.20221852541113,2003
2002-12-23T12:00:00Z,67.10384449217945,2003
2002-12-24T12:00:00Z,66.84179523424538,2003
2002-12-25T12:00:00Z,66.82885944249749,2003
2002-12-26T12:00:00Z,66.51468338992113,2003
2002-12-27T12:00:00Z,66.18372354581818,2003
2002-12-28T12:00:00Z,65.69291954978755,2003
2002-12-29T12:00:00Z,65.29905640042035,2003
2002-12-30T12:00:00Z,64.93114777160535,2003
2002-12-31T12:00:00Z,64.62280810058081,2003
2003-01-01T12:00:00Z,63.96998415182076,2003
2003-01-02T12:00:00Z,63.70795607952994,2003
2003-01-03T12:00:00Z,64.19312479743431,2003
2003-01-04T12:00:00Z,64.03225516472023,2003
2003-01-05T12:00:00Z,63.70918900478937,2003
2003-01-06T12:00:00Z,63.25733133555174,2003
2003-01-07T12:00:00Z,62.83847095555864,2003
2003-01-08T12:00:00Z,62.44264474284098,2003
2003-01-09T12:00:00Z,61.995850753555345,2003
2003-01-10T12:00:00Z,61.32967599595315,2003
2003-01-11T12:00:00Z,61.18176872285455,2003
2003-01-12T12:00:00Z,60.930450206040334,2003
2003-01-13T12:00:00Z,60.53528867285625,2003
2003-01-14T12:00:00Z,60.93539419786331,2003
2003-01-15T12:00:00Z,60.55351024597937,2003
2003-01-16T12:00:00Z,60.1607485624152,2003
2003-01-17T12:00:00Z,59.69363333754148,2003
2003-01-18T12:00:00Z,59.227916170611095,2003
2003-01-19T12:00:00Z,58.872286258232975,2003
2003-01-20T12:00:00Z,58.43365413983854,2003
2003-01-21T12:00:00Z,57.98704141160293,2003
2003-01-22T12:00:00Z,57.560230529730234,2003
2003-01-23T12:00:00Z,57.15397859835382,2003
2003-01-24T12:00:00Z,56.49040549861219,2003
2003-01-25T12:00:00Z,56.18471065537259,2003
2003-01-26T12:00:00Z,55.76706197151683,2003
2003-01-27T12:00:00Z,55.315423678264835,2003
2003-01-28T12:00:00Z,54.953324309350776,2003
2003-01-29T12:00:00Z,54.38546186102745,2003
2003-01-30T12:00:00Z,54.0901269781139,2003
2003-01-31T12:00:00Z,53.848716944080664,2003
2003-02-01T12:00:00Z,53.38432838105841,2003
2003-02-02T12:00:00Z,52.82108767531772,2003
2003-02-03T12:00:00Z,52.34471156000733,2003
2003-02-04T12:00:00Z,51.886632167585034,2003
2003-02-05T12:00:00Z,51.477313054845084,2003
2003-02-06T12:00:00Z,51.071263849341946,2003
2003-02-07T12:00:00Z,50.68049944012052,2003
2003-02-08T12:00:00Z,50.215995049433715,2003
2003-02-09T12:00:00Z,49.789073303350804,2003
2003-02-10T12:00:00Z,49.30017999009451,2003
2003-02-11T12:00:00Z,48.82698587006842,2003
2003-02-12T12:00:00Z,48.205408717603405,2003
2003-02-13T12:00:00Z,47.58725207625711,2003
2003-02-14T12:00:00Z,47.14204463031954,2003
2003-02-15T12:00:00Z,46.79903476854678,2003
2003-02-16T12:00:00Z,46.57413427058851,2003
2003-02-17T12:00:00Z,46.942208082431364,2003
2003-02-18T12:00:00Z,46.72555471968351,2003
2003-02-19T12:00:00Z,46.49070470863713,2003
2003-02-20T12:00:00Z,47.515119727671895,2003
2003-02-21T12:00:00Z,48.80366750899088,2003
2003-02-22T12:00:00Z,48.631161573624,2003
2003-02-23T12:00:00Z,48.896856354894794,2003
2003-02-24T12:00:00Z,48.672078622910675,2003
2003-02-25T12:00:00Z,48.431643350437575,2003
2003-02-26T12:00:00Z,48.93053158243473,2003
2003-02-27T12:00:00Z,48.64450965931692,2003
2003-02-28T12:00:00Z,48.29789252873302,2003
2003-03-01T12:00:00Z,47.998292226167806,2003
2003-03-02T12:00:00Z,47.60049347399807,2003
2003-03-03T12:00:00Z,47.00941837770751,2003
2003-03-04T12:00:00Z,46.60259536532635,2003
2003-03-05T12:00:00Z,46.14938380350663,2003
2003-03-06T12:00:00Z,45.64070020239726,2003
2003-03-07T12:00:00Z,45.158463634269,2003
2003-03-08T12:00:00Z,44.59170150756836,2003
2003-03-09T12:00:00Z,44.01502042883659,2003
2003-03-10T12:00:00Z,43.60849205891244,2003
2003-03-11T12:00:00Z,43.55009481502137,2003
2003-03-12T12:00:00Z,43.18418979930821,2003
2003-03-13T12:00:00Z,42.60152580842474,2003
2003-03-14T12:00:00Z,42.21001570483633,2003
2003-03-15T12:00:00Z,41.82533001914022,2003
2003-03-16T12:00:00Z,41.588027427778606,2003
2003-03-17T12:00:00Z,46.83299772540609,2003
2003-03-18T12:00:00Z,46.61913658604339,2003
2003-03-19T12:00:00Z,46.273383398576634,2003
2003-03-20T12:00:00Z,45.834931513758285,2003
2003-03-21T12:00:00Z,46.43902165459242,2003
2003-03-22T12:00:00Z,46.17063551172212,2003
2003-03-23T12:00:00Z,45.86637946611117,2003
2003-03-24T12:00:00Z,46.26281421800967,2003
2003-03-25T12:00:00Z,45.63127263920995,2003
2003-03-26T12:00:00Z,45.08825013332905,2003
2003-03-27T12:00:00Z,44.8875516057372,2003
2003-03-28T12:00:00Z,46.94556178485983,2003
2003-03-29T12:00:00Z,46.65213876322636,2003
2003-03-30T12:00:00Z,46.18282836886602,2003
2003-03-31T12:00:00Z,45.607750238740095,2003
2003-04-01T12:00:00Z,44.875748735598336,2003
2003-04-02T12:00:00Z,44.3090318200398,2003
2003-04-03T12:00:00Z,43.80974078850612,2003
2003-04-04T12:00:00Z,43.09310350378045,2003
2003-04-05T12:00:00Z,42.480421053698194,2003
2003-04-06T12:00:00Z,41.91599441189643,2003
2003-04-07T12:00:00Z,41.32777553299765,2003
2003-04-08T12:00:00Z,40.49929618721031,2003
2003-04-09T12:00:00Z,40.01063808768398,2003
2003-04-10T12:00:00Z,39.25200499069498,2003
2003-04-11T12:00:00Z,38.26427188088383,2003
2003-04-12T12:00:00Z,37.68760306318863,2003
2003-04-13T12:00:00Z,36.96027546581138,2003
2003-04-14T12:00:00Z,36.32164953194054,2003
2003-04-15T12:00:00Z,35.64950244814318,2003
2003-04-16T12:00:00Z,35.3863224860216,2003
2003-04-17T12:00:00Z,35.662079232713026,2003
2003-04-18T12:00:00Z,35.61185742969204,2003
2003-04-19T12:00:00Z,37.397678018259874,2003
2003-04-20T12:00:00Z,37.25779032349658,2003
2003-04-21T12:00:00Z,36.88949189532211,2003
2003-04-22T12:00:00Z,36.40658760871727,2003
2003-04-23T12:00:00Z,36.00340041702353,2003
2003-04-24T12:00:00Z,35.314832969990476,2003
2003-04-25T12:00:00Z,34.72265678776476,2003
2003-04-26T12:00:00Z,37.90509360667539,2003
2003-04-27T12:00:00Z,38.56296418938869,2003
2003-04-28T12:00:00Z,38.46399819614935,2003
2003-04-29T12:00:00Z,40.99739810643828,2003
2003-04-30T12:00:00Z,41.54709193888151,2003
2003-05-01T12:00:00Z,42.90598060502646,2003
2003-05-02T12:00:00Z,42.45607275639598,2003
2003-05-03T12:00:00Z,42.144658542351586,2003
2003-05-04T12:00:00Z,42.26832687661686,2003
2003-05-05T12:00:00Z,41.788588813914465,2003
2003-05-06T12:00:00Z,41.1687693581584,2003
2003-05-07T12:00:00Z,40.41886688809089,2003
2003-05-08T12:00:00Z,39.410279597217766,2003
2003-05-09T12:00:00Z,39.11626927010228,2003
2003-05-10T12:00:00Z,38.31479453010765,2003
2003-05-11T12:00:00Z,37.69824394496101,2003
2003-05-12T12:00:00Z,37.01146804864491,2003
2003-05-13T12:00:00Z,36.30933541914054,2003
2003-05-14T12:00:00Z,39.04399709810235,2003
2003-05-15T12:00:00Z,38.77218800014411,2003
2003-05-16T12:00:00Z,38.395120777480244,2003
2003-05-17T12:00:00Z,37.933966995358254,2003
2003-05-18T12:00:00Z,37.43898829944705,2003
2003-05-19T12:00:00Z,37.15467286867944,2003
2003-05-20T12:00:00Z,36.728740344307845,2003
2003-05-21T12:00:00Z,35.854195657145425,2003
2003-05-22T12:00:00Z,35.47601125908241,2003
2003-05-23T12:00:00Z,35.95721853859209,2003
2003-05-24T12:00:00Z,36.71390430013363,2003
2003-05-25T12:00:00Z,38.36751769214028,2003
2003-05-26T12:00:00Z,38.860500495878604,2003
2003-05-27T12:00:00Z,39.211768731001115,2003
2003-05-28T12:00:00Z,45.545918412600436,2003
2003-05-29T12:00:00Z,48.74305868577871,2003
2003-05-30T12:00:00Z,48.97501404412721,2003
2003-06-01T12:00:00Z,48.86278261162953,2004
2003-06-02T12:00:00Z,48.85547387363958,2004
2003-06-03T12:00:00Z,49.691151031420915,2004
2003-06-04T12:00:00Z,50.295422458477056,2004
2003-06-05T12:00:00Z,51.13342068906165,2004
2003-06-06T12:00:00Z,51.39561564005558,2004
2003-06-07T12:00:00Z,51.84263948144209,2004
2003-06-08T12:00:00Z,52.30238429471699,2004
2003-06-09T12:00:00Z,54.955928800201875,2004
2003-06-10T12:00:00Z,55.52176528729289,2004
2003-06-11T12:00:00Z,57.18893870609423,2004
2003-06-12T12:00:00Z,57.34825845271009,2004
2003-06-13T12:00:00Z,57.695031475577444,2004
2003-06-14T12:00:00Z,57.535221006030724,2004
2003-06-15T12:00:00Z,57.775560229140694,2004
2003-06-16T12:00:00Z,57.833077211614565,2004
2003-06-17T12:00:00Z,57.89474813396085,2004
2003-06-18T12:00:00Z,58.07596856101802,2004
2003-06-19T12:00:00Z,59.713583320933466,2004
2003-06-20T12:00:00Z,60.35019289553344,2004
2003-06-21T12:00:00Z,60.4749043149439,2004
2003-06-22T12:00:00Z,62.167461830052204,2004
2003-06-23T12:00:00Z,65.71435691499396,2004
2003-06-24T12:00:00Z,66.75794168482588,2004
2003-06-25T12:00:00Z,67.22822133495053,2004
2003-06-26T12:00:00Z,67.07305012309916,2004
2003-06-27T12:00:00Z,68.62113227912889,2004
2003-06-28T12:00:00Z,69.36819067842315,2004
2003-06-29T12:00:00Z,69.53804159822333,2004
2003-06-30T12:00:00Z,69.23630827347104,2004
2003-07-01T12:00:00Z,69.05222960611125,2004
2003-07-02T12:00:00Z,68.91657605826246,2004
2003-07-03T12:00:00Z,68.95436241959982,2004
2003-07-04T12:00:00Z,69.18258549141612,2004
2003-07-05T12:00:00Z,69.32912375273358,2004
2003-07-06T12:00:00Z,70.00987365621968,2004
2003-07-07T12:00:00Z,69.8119884873123,2004
2003-07-08T12:00:00Z,69.63938819139248,2004
2003-07-09T12:00:00Z,69.51470063500727,2004
2003-07-10T12:00:00Z,69.1657732601429,2004
2003-07-11T12:00:00Z,68.759140424265,2004
2003-07-12T12:00:00Z,68.30193356088914,2004
2003-07-13T12:00:00Z,67.80424177081697,2004
2003-07-14T12:00:00Z,67.67864612883697,2004
2003-07-15T12:00:00Z,68.64819254243024,2004
2003-07-16T12:00:00Z,70.47900246000604,2004
2003-07-17T12:00:00Z,70.39767593814001,2004
2003-07-18T12:00:00Z,69.85058713431263,2004
2003-07-19T12:00:00Z,69.35195972051318,2004
2003-07-20T12:00:00Z,68.45525546379982,2004
2003-07-21T12:00:00Z,68.8409906443394,2004
2003-07-22T12:00:00Z,68.61226809890097,2004
2003-07-23T12:00:00Z,69.2320889825941,2004
2003-07-24T12:00:00Z,68.90891204998746,2004
2003-07-25T12:00:00Z,68.34796972795382,2004
2003-07-26T12:00:00Z,68.22256975454275,2004
2003-07-27T12:00:00Z,68.01723897621599,2004
2003-07-28T12:00:00Z,67.57548594117236,2004
2003-07-29T12:00:00Z,67.51774524626936,2004
2003-07-30T12:00:00Z,67.42037149897291,2004
2003-07-31T12:00:00Z,67.26650480603342,2004
2003-08-01T12:00:00Z,67.71402953753731,2004
2003-08-02T12:00:00Z,67.84888031701522,2004
2003-08-03T12:00:00Z,68.34946805042068,2004
2003-08-04T12:00:00Z,68.13550637193119,2004
2003-08-05T12:00:00Z,68.20596236358807,2004
2003-08-06T12:00:00Z,68.94266521222733,2004
2003-08-07T12:00:00Z,69.34304812774018,2004
2003-08-08T12:00:00Z,69.96965852953677,2004
2003-08-09T12:00:00Z,70.20279090620474,2004
2003-08-10T12:00:00Z,70.32394227255013,2004
2003-08-11T12:00:00Z,70.1738846108952,2004
2003-08-12T12:00:00Z,70.46059161885884,2004
2003-08-13T12:00:00Z,70.40129888679857,2004
2003-08-14T12:00:00Z,71.27644955475458,2004
2003-08-15T12:00:00Z,71.56427842925677,2004
2003-08-16T12:00:00Z,71.39091151191148,2004
2003-08-17T12:00:00Z,71.6469579352257,2004
2003-08-18T12:00:00Z,71.84778236155748,2004
2003-08-19T12:00:00Z,73.45226190128795,2004
2003-08-20T12:00:00Z,74.46988551203333,2004
2003-08-21T12:00:00Z,75.80229706927267,2004
2003-08-22T12:00:00Z,76.7489178754215,2004
2003-08-23T12:00:00Z,77.04239424789603,2004
2003-08-24T12:00:00Z,77.40241516516032,2004
2003-08-25T12:00:00Z,78.73778815175075,2004
2003-08-26T12:00:00Z,78.98385225374969,2004
2003-08-27T12:00:00Z,79.06983280696765,2004
2003-08-28T12:00:00Z,80.20468012186747,2004
2003-08-29T12:00:00Z,80.31860720446242,2004
2003-08-30T12:00:00Z,80.22825279075654,2004
2003-08-31T12:00:00Z,80.25771078465581,2004
2003-09-01T12:00:00Z,80.30852028904522,2004
2003-09-02T12:00:00Z,81.7221028740419,2004
2003-09-03T12:00:00Z,82.00312581831778,2004
2003-09-04T12:00:00Z,82.40988061924358,2004
2003-09-05T12:00:00Z,83.46375252232268,2004
2003-09-06T12:00:00Z,86.75517153039118,2004
2003-09-07T12:00:00Z,87.0526158379164,2004
2003-09-08T12:00:00Z,87.01277978275805,2004
2003-09-09T12:00:00Z,86.80243657231688,2004
2003-09-10T12:00:00Z,86.46786542273455,2004
2003-09-11T12:00:00Z,86.06250654699993,2004
2003-09-12T12:00:00Z,85.77567653964934,2004
2003-09-13T12:00:00Z,87.05009989060538,2004
2003-09-14T12:00:00Z,87.63066411147092,2004
2003-09-15T12:00:00Z,88.01255911384861,2004
2003-09-16T12:00:00Z,87.66710612955534,2004
2003-09-17T12:00:00Z,87.70973284057177,2004
2003-09-18T12:00:00Z,87.46429528257556,2004
2003-09-19T12:00:00Z,87.20390012268543,2004
2003-09-20T12:00:00Z,87.36187466562474,2004
2003-09-21T12:00:00Z,87.64969832495292,2004
2003-09-22T12:00:00Z,87.29456565733362,2004
2003-09-23T12:00:00Z,86.71860843285444,2004
2003-09-24T12:00:00Z,86.60177316877322,2004
2003-09-25T12:00:00Z,86.65196974261764,2004
2003-09-26T12:00:00Z,89.63871530350912,2004
2003-09-27T12:00:00Z,89.46847450425686,2004
2003-09-28T12:00:00Z,90.36503990553207,2004
2003-09-29T12:00:00Z,95.019340428179,2004
2003-09-30T12:00:00Z,97.85979383407987,2004
2003-10-01T12:00:00Z,97.43161115777943,2004
2003-10-02T12:00:00Z,97.12990509197965,2004
2003-10-03T12:00:00Z,96.62947317534174,2004
2003-10-04T12:00:00Z,96.22865226759336,2004
2003-10-05T12:00:00Z,95.85606726616102,2004
2003-10-06T12:00:00Z,95.40320006829933,2004
2003-10-07T12:00:00Z,94.95322056880738,2004
2003-10-08T12:00:00Z,94.43076861998816,2004
2003-10-09T12:00:00Z,94.0554710118157,2004
2003-10-10T12:00:00Z,93.53001171997656,2004
2003-10-11T12:00:00Z,93.00965765785442,2004
2003-10-12T12:00:00Z,92.7030607199483,2004
2003-10-13T12:00:00Z,92.12271341965737,2004
2003-10-14T12:00:00Z,91.62212291733547,2004
2003-10-15T12:00:00Z,91.15828014893238,2004
2003-10-16T12:00:00Z,90.4098374561843,2004
2003-10-17T12:00:00Z,89.8006955897944,2004
2003-10-18T12:00:00Z,89.23012241576343,2004
2003-10-19T12:00:00Z,88.59368793508143,2004
2003-10-20T12:00:00Z,87.93667246698976,2004
2003-10-21T12:00:00Z,87.28410870941656,2004
2003-10-22T12:00:00Z,86.56711382714302,2004
2003-10-23T12:00:00Z,85.86542050339322,2004
2003-10-24T12:00:00Z,85.2923889983966,2004
2003-10-25T12:00:00Z,84.67280880448055,2004
2003-10-26T12:00:00Z,84.4610014482394,2004
2003-10-27T12:00:00Z,83.70404242668312,2004
2003-10-28T12:00:00Z,83.58171863018143,2004
2003-10-29T12:00:00Z,85.65005781726344,2004
2003-10-30T12:00:00Z,84.69358809665069,2004
2003-10-31T12:00:00Z,83.85748353259035,2004
2003-11-01T12:00:00Z,83.31095239768575,2004
2003-11-02T12:00:00Z,82.46208761177452,2004
2003-11-03T12:00:00Z,82.9666965807278,2004
2003-11-04T12:00:00Z,83.27781186392727,2004
2003-11-05T12:00:00Z,85.52995406472904,2004
2003-11-06T12:00:00Z,86.22677911164594,2004
2003-11-07T12:00:00Z,86.23161041772359,2004
2003-11-08T12:00:00Z,85.92817758012119,2004
2003-11-09T12:00:00Z,85.47384083821663,2004
2003-11-10T12:00:00Z,85.17686941356236,2004
2003-11-11T12:00:00Z,84.41399158827902,2004
2003-11-12T12:00:00Z,83.75013278441723,2004
2003-11-13T12:00:00Z,83.11283063516692,2004
2003-11-14T12:00:00Z,82.22909849563901,2004
2003-11-15T12:00:00Z,81.68978545904588,2004
2003-11-16T12:00:00Z,81.05401557551649,2004
2003-11-17T12:00:00Z,80.3900059755505,2004
2003-11-18T12:00:00Z,79.77616804977627,2004
2003-11-19T12:00:00Z,79.0490108666194,2004
2003-11-20T12:00:00Z,78.40252475017692,2004
2003-11-21T12:00:00Z,77.63936559154233,2004
2003-11-22T12:00:00Z,76.99219403555813,2004
2003-11-23T12:00:00Z,76.39241228063591,2004
2003-11-24T12:00:00Z,75.825656293607,2004
2003-11-25T12:00:00Z,75.09862786048747,2004
2003-11-26T12:00:00Z,74.3446715022535,2004
2003-11-27T12:00:00Z,73.93794582071745,2004
2003-11-28T12:00:00Z,73.3278875185046,2004
2003-11-29T12:00:00Z,72.5923484179812,2004
2003-11-30T12:00:00Z,71.70448693845826,2004
2003-12-01T12:00:00Z,70.97037581390582,2004
2003-12-02T12:00:00Z,70.2637768901603,2004
2003-12-03T12:00:00Z,69.68761878422656,2004
2003-12-04T12:00:00Z,69.2011122975295,2004
2003-12-05T12:00:00Z,68.62152131875261,2004
2003-12-06T12:00:00Z,69.0387707500309,2004
2003-12-07T12:00:00Z,68.1860506278566,2004
2003-12-08T12:00:00Z,67.47375113218934,2004
2003-12-09T12:00:00Z,67.06168551064567,2004
2003-12-10T12:00:00Z,67.0362378276603,2004
2003-12-11T12:00:00Z,66.97993850708008,2004
2003-12-12T12:00:00Z,66.3572912599487,2004
2003-12-13T12:00:00Z,65.95463095643811,2004
2003-12-14T12:00:00Z,65.77096335875036,2004
2003-12-15T12:00:00Z,67.81024688922079,2004
2003-12-16T12:00:00Z,67.4306285837559,2004
2003-12-17T12:00:00Z,67.09438240449444,2004
2003-12-18T12:00:00Z,66.62621180826702,2004
2003-12-19T12:00:00Z,65.98620279148516,2004
2003-12-20T12:00:00Z,65.52176609966092,2004
2003-12-21T12:00:00Z,65.0808777606051,2004
2003-12-22T12:00:00Z,64.67050711866904,2004
2003-12-23T12:00:00Z,64.30211530478329,2004
2003-12-24T12:00:00Z,64.01170665601377,2004
2003-12-25T12:00:00Z,63.65255967742609,2004
2003-12-26T12:00:00Z,63.358098653096526,2004
2003-12-27T12:00:00Z,62.91970086741319,2004
2003-12-28T12:00:00Z,62.44439534105508,2004
2003-12-29T12:00:00Z,62.04215499292109,2004
2003-12-30T12:00:00Z,61.54474706255038,2004
2003-12-31T12:00:00Z,61.303251290507276,2004
2004-01-01T12:00:00Z,60.980883719038665,2004
2004-01-02T12:00:00Z,60.49823258004649,2004
2004-01-03T12:00:00Z,60.1459184428068,2004
2004-01-04T12:00:00Z,59.948321650824866,2004
2004-01-05T12:00:00Z,59.48856318519011,2004
2004-01-06T12:00:00Z,59.05436675878936,2004
2004-01-07T12:00:00Z,58.70305027815848,2004
2004-01-08T12:00:00Z,58.404373908085816,2004
2004-01-09T12:00:00Z,58.050457984727515,2004
2004-01-10T12:00:00Z,57.70873482240197,2004
2004-01-11T12:00:00Z,57.31498852359655,2004
2004-01-12T12:00:00Z,57.105188409797286,2004
2004-01-13T12:00:00Z,56.69800181580505,2004
2004-01-14T12:00:00Z,56.503612932503835,2004
2004-01-15T12:00:00Z,55.94210137388416,2004
2004-01-16T12:00:00Z,55.66152432584162,2004
2004-01-17T12:00:00Z,55.391068660504956,2004
2004-01-18T12:00:00Z,55.262194587144585,2004
2004-01-19T12:00:00Z,56.90955259875759,2004
2004-01-20T12:00:00Z,56.56098267269764,2004
2004-01-21T12:00:00Z,56.126177139602596,2004
2004-01-22T12:00:00Z,55.86818556851374,2004
2004-01-23T12:00:00Z,55.48109591186011,2004
2004-01-24T12:00:00Z,55.09584218410224,2004
2004-01-25T12:00:00Z,54.73806616240228,2004
2004-01-26T12:00:00Z,54.497890721843426,2004
2004-01-27T12:00:00Z,54.429433521712404,2004
2004-01-28T12:00:00Z,54.2520340414339,2004
2004-01-29T12:00:00Z,53.80351486846796,2004
2004-01-30T12:00:00Z,53.58669210753186,2004
2004-01-31T12:00:00Z,56.68356008821429,2004
2004-02-01T12:00:00Z,60.062543870162735,2004
2004-02-02T12:00:00Z,59.85402464566291,2004
2004-02-03T12:00:00Z,59.71768643173831,2004
2004-02-04T12:00:00Z,59.53367193458891,2004
2004-02-05T12:00:00Z,59.35097675517997,2004
2004-02-06T12:00:00Z,59.08122471727578,2004
2004-02-07T12:00:00Z,58.7788698646074,2004
2004-02-08T12:00:00Z,58.26617473517626,2004
2004-02-09T12:00:00Z,57.76709473855351,2004
2004-02-10T12:00:00Z,57.41225024419555,2004
2004-02-11T12:00:00Z,57.14067337823329,2004
2004-02-12T12:00:00Z,56.74011647408067,2004
2004-02-13T12:00:00Z,56.22588475163854,2004
2004-02-14T12:00:00Z,56.18313973695129,2004
2004-02-15T12:00:00Z,56.259203182556845,2004
2004-02-16T12:00:00Z,55.90958372503966,2004
2004-02-17T12:00:00Z,55.37082325661333,2004
2004-02-18T12:00:00Z,54.70902024047705,2004
2004-02-19T12:00:00Z,54.128186171542545,2004
2004-02-20T12:00:00Z,53.53323553047569,2004
2004-02-21T12:00:00Z,52.97976480219703,2004
2004-02-22T12:00:00Z,52.5848029055993,2004
2004-02-23T12:00:00Z,52.080662995666245,2004
2004-02-24T12:00:00Z,51.4504942158846,2004
2004-02-25T12:00:00Z,51.418065032775914,2004
2004-02-26T12:00:00Z,55.50051745098368,2004
2004-02-27T12:00:00Z,54.97705228241461,2004
2004-02-28T12:00:00Z,54.200171085625406,2004
2004-02-29T12:00:00Z,53.862272828942515,2004
2004-03-01T12:00:00Z,53.426528614870286,2004
2004-03-02T12:00:00Z,52.81116235020208,2004
2004-03-03T12:00:00Z,52.311367735150476,2004
2004-03-04T12:00:00Z,51.868639558678844,2004
2004-03-05T12:00:00Z,51.171057254308415,2004
2004-03-06T12:00:00Z,50.53720186596226,2004
2004-03-07T12:00:00Z,49.95276160832287,2004
2004-03-08T12:00:00Z,49.19851682510788,2004
2004-03-09T12:00:00Z,48.37377021437143,2004
2004-03-10T12:00:00Z,47.74074378468423,2004
2004-03-11T12:00:00Z,46.907299011999356,2004
2004-03-12T12:00:00Z,46.216491337657764,2004
2004-03-13T12:00:00Z,45.59095124105672,2004
2004-03-14T12:00:00Z,45.03255565393879,2004
2004-03-15T12:00:00Z,44.49262593846587,2004
2004-03-16T12:00:00Z,44.13445531871409,2004
2004-03-17T12:00:00Z,43.949463762490424,2004
2004-03-18T12:00:00Z,43.58219409203487,2004
2004-03-19T12:00:00Z,42.951692181857815,2004
2004-03-20T12:00:00Z,42.32191259044334,2004
2004-03-21T12:00:00Z,41.8160361740213,2004
2004-03-22T12:00:00Z,41.31201827719173,2004
2004-03-23T12:00:00Z,40.62751942104255,2004
2004-03-24T12:00:00Z,40.10741995506538,2004
2004-03-25T12:00:00Z,39.67651896714163,2004
2004-03-26T12:00:00Z,39.73812269635307,2004
2004-03-27T12:00:00Z,39.46102510302383,2004
2004-03-28T12:00:00Z,38.86317807010497,2004
2004-03-29T12:00:00Z,38.364283634361996,2004
2004-03-30T12:00:00Z,37.91874739218416,2004
2004-03-31T12:00:00Z,37.332426845777086,2004
2004-04-01T12:00:00Z,36.8038316805633,2004
2004-04-02T12:00:00Z,36.09157506191023,2004
2004-04-03T12:00:00Z,35.32187660368317,2004
2004-04-04T12:00:00Z,34.79524776731055,2004
2004-04-05T12:00:00Z,34.0007168861943,2004
2004-04-06T12:00:00Z,33.57295722252034,2004
2004-04-07T12:00:00Z,32.994791006856005,2004
2004-04-08T12:00:00Z,32.4358560645659,2004
2004-04-09T12:00:00Z,31.883683198357886,2004
2004-04-10T12:00:00Z,31.64256933769496,2004
2004-04-11T12:00:00Z,32.62285817906609,2004
2004-04-12T12:00:00Z,33.83436719485937,2004
2004-04-13T12:00:00Z,37.389592109501685,2004
2004-04-14T12:00:00Z,38.46672084650453,2004
2004-04-15T12:00:00Z,38.07240529051782,2004
2004-04-16T12:00:00Z,37.464234782895716,2004
2004-04-17T12:00:00Z,36.90776668656137,2004
2004-04-18T12:00:00Z,36.24875527824123,2004
2004-04-19T12:00:00Z,35.79282667483837,2004
2004-04-20T12:00:00Z,34.866766196778954,2004
2004-04-21T12:00:00Z,34.368267533016834,2004
2004-04-22T12:00:00Z,33.971770004519605,2004
2004-04-23T12:00:00Z,33.38080364655218,2004
2004-04-24T12:00:00Z,32.89102733271095,2004
2004-04-25T12:00:00Z,32.31080912799984,2004
2004-04-26T12:00:00Z,31.704699609547085,2004
2004-04-27T12:00:00Z,31.130691397883755,2004
2004-04-28T12:00:00Z,30.52307085656233,2004
2004-04-29T12:00:00Z,30.399292438417834,2004
2004-04-30T12:00:00Z,29.867539731342063,2004
2004-05-01T12:00:00Z,29.37852175506061,2004
2004-05-02T12:00:00Z,28.80512882866542,2004
2004-05-03T12:00:00Z,29.230819164383675,2004
2004-05-04T12:00:00Z,33.99888835556863,2004
2004-05-05T12:00:00Z,33.42016032676033,2004
2004-05-06T12:00:00Z,32.74177474380612,2004
2004-05-07T12:00:00Z,31.928779769101112,2004
2004-05-08T12:00:00Z,31.21233295150052,2004
2004-05-09T12:00:00Z,30.6713458326096,2004
2004-05-10T12:00:00Z,29.958557325705268,2004
2004-05-11T12:00:00Z,29.271247733332974,2004
2004-05-12T12:00:00Z,28.55254084604832,2004
2004-05-13T12:00:00Z,27.793696453275263,2004
2004-05-14T12:00:00Z,27.071321143028474,2004
2004-05-15T12:00:00Z,26.289690513130285,2004
2004-05-16T12:00:00Z,25.897467580611075,2004
2004-05-17T12:00:00Z,25.22215345367816,2004
2004-05-18T12:00:00Z,24.512172355720505,2004
2004-05-19T12:00:00Z,23.694753274991974,2004
2004-05-20T12:00:00Z,22.86274645095395,2004
2004-05-21T12:00:00Z,22.172133850207498,2004
2004-05-22T12:00:00Z,21.095126840263053,2004
2004-05-23T12:00:00Z,20.239401750387227,2004
2004-05-24T12:00:00Z,19.249834318109524,2004
2004-05-25T12:00:00Z,18.655326916489262,2004
2004-05-26T12:00:00Z,17.950951622572212,2004
2004-05-27T12:00:00Z,17.53542772280505,2004
2004-05-28T12:00:00Z,16.739535408958247,2004
2004-05-29T12:00:00Z,16.019800283412557,2004
2004-05-30T12:00:00Z,15.428509257407551,2004
2004-06-01T12:00:00Z,14.8846827817664,2005
2004-06-02T12:00:00Z,14.227840892697925,2005
2004-06-03T12:00:00Z,13.638988927373216,2005
2004-06-04T12:00:00Z,15.463229036931871,2005
2004-06-05T12:00:00Z,16.875725055641947,2005
2004-06-06T12:00:00Z,16.6091419716545,2005
2004-06-07T12:00:00Z,16.19555128357263,2005
2004-06-08T12:00:00Z,17.0475631306539,2005
2004-06-09T12:00:00Z,16.8948465220286,2005
2004-06-10T12:00:00Z,17.379068073714357,2005
2004-06-11T12:00:00Z,18.225747246333203,2005
2004-06-12T12:00:00Z,17.59773939987393,2005
2004-06-13T12:00:00Z,17.823751761946195,2005
2004-06-14T12:00:00Z,16.995905303497405,2005
2004-06-15T12:00:00Z,17.69398174503283,2005
2004-06-16T12:00:00Z,19.37993279258577,2005
2004-06-17T12:00:00Z,18.825292453411173,2005
2004-06-18T12:00:00Z,19.403211047853905,2005
2004-06-19T12:00:00Z,21.027335170935782,2005
2004-06-20T12:00:00Z,21.648460321821133,2005
2004-06-21T12:00:00Z,21.91816264280103,2005
2004-06-22T12:00:00Z,21.814408735379388,2005
2004-06-23T12:00:00Z,21.752501249170333,2005
2004-06-24T12:00:00Z,20.57396389527026,2005
2004-06-25T12:00:00Z,19.754230199492326,2005
2004-06-26T12:00:00Z,19.00328977020758,2005
2004-06-27T12:00:00Z,18.04887331097013,2005
2004-06-28T12:00:00Z,17.420387101016075,2005
2004-06-29T12:00:00Z,18.788204232017367,2005
2004-06-30T12:00:00Z,18.846353243694523,2005
2004-07-01T12:00:00Z,20.17993873225477,2005
2004-07-02T12:00:00Z,21.4083449690372,2005
2004-07-03T12:00:00Z,21.68569354290153,2005
2004-07-04T12:00:00Z,22.46420806170797,2005
2004-07-05T12:00:00Z,22.538489899523757,2005
2004-07-06T12:00:00Z,22.70820436895287,2005
2004-07-07T12:00:00Z,23.07550824353562,2005
2004-07-08T12:00:00Z,22.870106807495922,2005
2004-07-09T12:00:00Z,22.341462174789164,2005
2004-07-10T12:00:00Z,21.800147799724723,2005
2004-07-11T12:00:00Z,23.392817446337393,2005
2004-07-12T12:00:00Z,25.493871383346622,2005
2004-07-13T12:00:00Z,24.84508891068466,2005
2004-07-14T12:00:00Z,23.69905712308466,2005
2004-07-15T12:00:00Z,23.832028206480285,2005
2004-07-16T12:00:00Z,25.011786718889134,2005
2004-07-17T12:00:00Z,25.502765037660193,2005
2004-07-18T12:00:00Z,25.910539481764292,2005
2004-07-19T12:00:00Z,26.505259698640106,2005
2004-07-20T12:00:00Z,28.19746594809456,2005
2004-07-21T12:00:00Z,28.5403985502338,2005
2004-07-22T12:00:00Z,28.650683198778946,2005
2004-07-23T12:00:00Z,28.353585074458497,2005
2004-07-24T12:00:00Z,28.639193895839973,2005
2004-07-25T12:00:00Z,30.048571892677128,2005
2004-07-26T12:00:00Z,30.06926538505165,2005
2004-07-27T12:00:00Z,31.231936014835608,2005
2004-07-28T12:00:00Z,35.53290995624727,2005
2004-07-29T12:00:00Z,35.2921625307812,2005
2004-07-30T12:00:00Z,35.7098543273523,2005
2004-07-31T12:00:00Z,35.7446467417332,2005
2004-08-01T12:00:00Z,36.33445464913975,2005
2004-08-02T12:00:00Z,38.58426770380177,2005
2004-08-03T12:00:00Z,41.99051743606357,2005
2004-08-04T12:00:00Z,42.95142343906707,2005
2004-08-05T12:00:00Z,43.20458087566447,2005
2004-08-06T12:00:00Z,44.75834537682307,2005
2004-08-07T12:00:00Z,44.950066827912494,2005
2004-08-08T12:00:00Z,45.414840295490706,2005
2004-08-09T12:00:00Z,45.76219740182823,2005
2004-08-10T12:00:00Z,45.866974833487895,2005
2004-08-11T12:00:00Z,45.97289722582217,2005
2004-08-12T12:00:00Z,47.279296687354424,2005
2004-08-13T12:00:00Z,48.45108071128694,2005
2004-08-14T12:00:00Z,48.806178858985284,2005
2004-08-15T12:00:00Z,50.33192519134723,2005
2004-08-16T12:00:00Z,50.89119331666504,2005
2004-08-17T12:00:00Z,52.06914294631308,2005
2004-08-18T12:00:00Z,53.85042530144484,2005
2004-08-19T12:00:00Z,54.43919216721231,2005
2004-08-20T12:00:00Z,55.39531668175032,2005
2004-08-21T12:00:00Z,56.32769292775356,2005
2004-08-22T12:00:00Z,57.519735975900524,2005
2004-08-23T12:00:00Z,58.74852592042627,2005
2004-08-24T12:00:00Z,59.27035859536467,2005
2004-08-25T12:00:00Z,61.405046471021954,2005
2004-08-26T12:00:00Z,62.977020913566314,2005
2004-08-27T12:00:00Z,64.20112521074887,2005
2004-08-28T12:00:00Z,65.05841791236479,2005
2004-08-29T12:00:00Z,65.59029588201622,2005
2004-08-30T12:00:00Z,66.26567615172644,2005
2004-08-31T12:00:00Z,66.89697899729747,2005
2004-09-01T12:00:00Z,67.57859392629531,2005
2004-09-02T12:00:00Z,67.76609379357039,2005
2004-09-03T12:00:00Z,67.90536065607924,2005
2004-09-04T12:00:00Z,69.2312683100892,2005
2004-09-05T12:00:00Z,72.18453878117809,2005
2004-09-06T12:00:00Z,73.7755798632754,2005
2004-09-07T12:00:00Z,74.69836406101348,2005
2004-09-08T12:00:00Z,75.2924467314484,2005
2004-09-09T12:00:00Z,76.94814084973532,2005
2004-09-10T12:00:00Z,77.3159702577917,2005
2004-09-11T12:00:00Z,77.9351221232194,2005
2004-09-12T12:00:00Z,78.21519045266264,2005
2004-09-13T12:00:00Z,78.58412523046538,2005
2004-09-14T12:00:00Z,79.10016692721636,2005
2004-09-15T12:00:00Z,79.86471747551124,2005
2004-09-16T12:00:00Z,80.2159017872939,2005
2004-09-17T12:00:00Z,81.06313783248599,2005
2004-09-18T12:00:00Z,83.5431228413436,2005
2004-09-19T12:00:00Z,84.54120186094617,2005
2004-09-20T12:00:00Z,84.91802963641281,2005
2004-09-21T12:00:00Z,85.44963984269187,2005
2004-09-22T12:00:00Z,87.02042897160925,2005
2004-09-23T12:00:00Z,87.4232179244693,2005
2004-09-24T12:00:00Z,87.60977872174588,2005
2004-09-25T12:00:00Z,87.76660507513365,2005
2004-09-26T12:00:00Z,89.36801125492674,2005
2004-09-27T12:00:00Z,91.250074204672,2005
2004-09-28T12:00:00Z,92.1818227441853,2005
2004-09-29T12:00:00Z,93.70752020860476,2005
2004-09-30T12:00:00Z,96.03638865580156,2005
2004-10-01T12:00:00Z,96.2052592075579,2005
2004-10-02T12:00:00Z,96.29967752558497,2005
2004-10-03T12:00:00Z,96.40083536789956,2005
2004-10-04T12:00:00Z,96.53249192538202,2005
2004-10-05T12:00:00Z,96.47827011822368,2005
2004-10-06T12:00:00Z,96.56401803440582,2005
2004-10-07T12:00:00Z,97.71129221879013,2005
2004-10-08T12:00:00Z,97.54233662010884,2005
2004-10-09T12:00:00Z,97.36066500612841,2005
2004-10-10T12:00:00Z,97.296624365007375,2005
2004-10-11T12:00:00Z,97.25211950712885,2005
2004-10-12T12:00:00Z,97.3698017575745,2005
2004-10-13T12:00:00Z,97.45361620577496,2005
2004-10-14T12:00:00Z,97.2187091436083,2005
2004-10-15T12:00:00Z,98.26858262609564,2005
2004-10-16T12:00:00Z,97.96102511446563,2005
2004-10-17T12:00:00Z,97.57555846847599,2005
2004-10-18T12:00:00Z,97.19218246194511,2005
2004-10-19T12:00:00Z,96.84149940184082,2005
2004-10-20T12:00:00Z,97.30132679061111,2005
2004-10-21T12:00:00Z,100.4341340411117,2005
2004-10-22T12:00:00Z,99.92544073735301,2005
2004-10-23T12:00:00Z,99.20348113757376,2005
2004-10-24T12:00:00Z,98.63639746187116,2005
2004-10-25T12:00:00Z,97.85996853211145,2005
2004-10-26T12:00:00Z,97.00599232875592,2005
2004-10-27T12:00:00Z,95.94339727254135,2005
2004-10-28T12:00:00Z,94.66443797879829,2005
2004-10-29T12:00:00Z,93.73765703097173,2005
2004-10-30T12:00:00Z,92.77453371401525,2005
2004-10-31T12:00:00Z,91.81405017672003,2005
2004-11-01T12:00:00Z,90.96317591492688,2005
2004-11-02T12:00:00Z,90.32774308861983,2005
2004-11-03T12:00:00Z,89.43598104796155,2005
2004-11-04T12:00:00Z,88.69201790821646,2005
2004-11-05T12:00:00Z,87.77131575027768,2005
2004-11-06T12:00:00Z,86.83399568636688,2005
2004-11-07T12:00:00Z,85.8791564273205,2005
2004-11-08T12:00:00Z,84.80304830604923,2005
2004-11-09T12:00:00Z,83.95370799192213,2005
2004-11-10T12:00:00Z,82.92653876603829,2005
2004-11-11T12:00:00Z,82.2074384569192,2005
2004-11-12T12:00:00Z,81.41106981164192,2005
2004-11-13T12:00:00Z,80.52831542684993,2005
2004-11-14T12:00:00Z,79.89089025532905,2005
2004-11-15T12:00:00Z,78.84890024634844,2005
2004-11-16T12:00:00Z,78.0991894310652,2005
2004-11-17T12:00:00Z,77.19546168280992,2005
2004-11-18T12:00:00Z,76.38895572097128,2005
2004-11-19T12:00:00Z,75.74062468008718,2005
2004-11-20T12:00:00Z,75.03954889335243,2005
2004-11-21T12:00:00Z,74.32253418701025,2005
2004-11-22T12:00:00Z,73.40782861417829,2005
2004-11-23T12:00:00Z,72.829068335502825,2005
2004-11-24T12:00:00Z,71.99676788961666,2005
2004-11-25T12:00:00Z,71.69835462839073,2005
2004-11-26T12:00:00Z,71.13719859177579,2005
2004-11-27T12:00:00Z,70.3813196924824,2005
2004-11-28T12:00:00Z,69.84030544278717,2005
2004-11-29T12:00:00Z,68.88514894601036,2005
2004-11-30T12:00:00Z,68.26843085286141,2005
2004-12-01T12:00:00Z,67.4549233929154,2005
2004-12-02T12:00:00Z,66.76263964583792,2005
2004-12-03T12:00:00Z,66.0483257977921,2005
2004-12-04T12:00:00Z,65.22229733893309,2005
2004-12-05T12:00:00Z,64.46713470797661,2005
2004-12-06T12:00:00Z,63.86958229005444,2005
2004-12-07T12:00:00Z,63.44437369087462,2005
2004-12-08T12:00:00Z,62.95585936218518,2005
2004-12-09T12:00:00Z,62.64202826396391,2005
2004-12-10T12:00:00Z,62.114878102412966,2005
2004-12-11T12:00:00Z,61.68007978223081,2005
2004-12-12T12:00:00Z,60.99691822576037,2005
2004-12-13T12:00:00Z,60.43796696745856,2005
2004-12-14T12:00:00Z,60.03942422803891,2005
2004-12-15T12:00:00Z,59.54750680494394,2005
2004-12-16T12:00:00Z,59.27084831599354,2005
2004-12-17T12:00:00Z,59.1289404770108,2005
2004-12-18T12:00:00Z,59.0918757250442,2005
2004-12-19T12:00:00Z,58.93932868852255,2005
2004-12-20T12:00:00Z,58.52823993383086,2005
2004-12-21T12:00:00Z,58.19030391690827,2005
2004-12-22T12:00:00Z,58.03460820363393,2005
2004-12-23T12:00:00Z,57.89877769227649,2005
2004-12-24T12:00:00Z,57.87139828504026,2005
2004-12-25T12:00:00Z,57.98049665198186,2005
2004-12-26T12:00:00Z,57.799869333689415,2005
2004-12-27T12:00:00Z,57.379245913665166,2005
2004-12-28T12:00:00Z,57.116119657080546,2005
2004-12-29T12:00:00Z,56.91791857082685,2005
2004-12-30T12:00:00Z,56.783471789986486,2005
2004-12-31T12:00:00Z,57.039354437614676,2005
2005-01-01T12:00:00Z,57.2982226979897,2005
2005-01-02T12:00:00Z,57.21117661767329,2005
2005-01-03T12:00:00Z,56.967249803365746,2005
2005-01-04T12:00:00Z,56.82928156495166,2005
2005-01-05T12:00:00Z,56.53857510205722,2005
2005-01-06T12:00:00Z,56.45099869415155,2005
2005-01-07T12:00:00Z,56.25542850185456,2005
2005-01-08T12:00:00Z,56.11080287299474,2005
2005-01-09T12:00:00Z,55.76328844414833,2005
2005-01-10T12:00:00Z,55.60761268080246,2005
2005-01-11T12:00:00Z,55.266680549845844,2005
2005-01-12T12:00:00Z,55.053383978813365,2005
2005-01-13T12:00:00Z,54.800873043012245,2005
2005-01-14T12:00:00Z,54.71002696814763,2005
2005-01-15T12:00:00Z,55.389509167868574,2005
2005-01-16T12:00:00Z,55.49801934373257,2005
2005-01-17T12:00:00Z,55.05867456803439,2005
2005-01-18T12:00:00Z,54.71174632337326,2005
2005-01-19T12:00:00Z,54.40673978927969,2005
2005-01-20T12:00:00Z,54.18287262347335,2005
2005-01-21T12:00:00Z,53.915687114804825,2005
2005-01-22T12:00:00Z,53.63989887798197,2005
2005-01-23T12:00:00Z,53.382442398849335,2005
2005-01-24T12:00:00Z,52.875262468105745,2005
2005-01-25T12:00:00Z,52.678058088791175,2005
2005-01-26T12:00:00Z,52.41279637978044,2005
2005-01-27T12:00:00Z,52.09460265921059,2005
2005-01-28T12:00:00Z,51.90900263932199,2005
2005-01-29T12:00:00Z,51.61659280311296,2005
2005-01-30T12:00:00Z,51.27556930706754,2005
2005-01-31T12:00:00Z,50.86435034465275,2005
2005-02-01T12:00:00Z,50.450257150870854,2005
2005-02-02T12:00:00Z,50.045920941239,2005
2005-02-03T12:00:00Z,49.758738208260446,2005
2005-02-04T12:00:00Z,49.38621509096618,2005
2005-02-05T12:00:00Z,49.08972502527082,2005
2005-02-06T12:00:00Z,48.670244286713945,2005
2005-02-07T12:00:00Z,48.19964192052337,2005
2005-02-08T12:00:00Z,47.81970287384784,2005
2005-02-09T12:00:00Z,47.455909729003906,2005
2005-02-10T12:00:00Z,47.12762286181069,2005
2005-02-11T12:00:00Z,46.366882402023016,2005
2005-02-12T12:00:00Z,45.80031943821807,2005
2005-02-13T12:00:00Z,45.37651170251179,2005
2005-02-14T12:00:00Z,45.00848806984209,2005
2005-02-15T12:00:00Z,44.62286336220305,2005
2005-02-16T12:00:00Z,44.247461324690626,2005
2005-02-17T12:00:00Z,43.78279326815911,2005
2005-02-18T12:00:00Z,43.27697049548831,2005
2005-02-19T12:00:00Z,42.71811577854717,2005
2005-02-20T12:00:00Z,42.2472892834458,2005
2005-02-21T12:00:00Z,41.7609175537329,2005
2005-02-22T12:00:00Z,41.409190319223754,2005
2005-02-23T12:00:00Z,41.021217929723385,2005
2005-02-24T12:00:00Z,40.40556427670155,2005
2005-02-25T12:00:00Z,40.202093610666296,2005
2005-02-26T12:00:00Z,39.88979794525714,2005
2005-02-27T12:00:00Z,39.65678179214011,2005
2005-02-28T12:00:00Z,39.2514735051952,2005
2005-03-01T12:00:00Z,38.831345403130065,2005
2005-03-02T12:00:00Z,38.20708440175368,2005
2005-03-03T12:00:00Z,37.68849854678112,2005
2005-03-04T12:00:00Z,39.91701559742983,2005
2005-03-05T12:00:00Z,39.56224476769075,2005
2005-03-06T12:00:00Z,38.963790456477795,2005
2005-03-07T12:00:00Z,38.565948310124355,2005
2005-03-08T12:00:00Z,38.439193357159866,2005
2005-03-09T12:00:00Z,40.23049242537967,2005
2005-03-10T12:00:00Z,43.43439829642714,2005
2005-03-11T12:00:00Z,43.13482491184868,2005
2005-03-12T12:00:00Z,42.79452473229109,2005
2005-03-13T12:00:00Z,42.22569431426215,2005
2005-03-14T12:00:00Z,42.081201076221525,2005
2005-03-15T12:00:00Z,42.02170478532467,2005
2005-03-16T12:00:00Z,41.67050785780954,2005
2005-03-17T12:00:00Z,41.54943392043637,2005
2005-03-18T12:00:00Z,45.83314420108532,2005
2005-03-19T12:00:00Z,45.55934518128723,2005
2005-03-20T12:00:00Z,45.343019861908964,2005
2005-03-21T12:00:00Z,45.199450693662534,2005
2005-03-22T12:00:00Z,44.98428702626174,2005
2005-03-23T12:00:00Z,44.765013531717486,2005
2005-03-24T12:00:00Z,44.434588264689594,2005
2005-03-25T12:00:00Z,44.142635588025215,2005
2005-03-26T12:00:00Z,43.843996898099626,2005
2005-03-27T12:00:00Z,43.43657820254797,2005
2005-03-28T12:00:00Z,43.149443248252204,2005
2005-03-29T12:00:00Z,42.75323661616554,2005
2005-03-30T12:00:00Z,42.04943731407527,2005
2005-03-31T12:00:00Z,41.56800477062791,2005
2005-04-01T12:00:00Z,41.01941233076017,2005
2005-04-02T12:00:00Z,40.64692653662871,2005
2005-04-03T12:00:00Z,40.33754697729888,2005
2005-04-04T12:00:00Z,39.81014232715591,2005
2005-04-05T12:00:00Z,39.33410428281165,2005
2005-04-06T12:00:00Z,38.536448137160896,2005
2005-04-07T12:00:00Z,37.852553865905286,2005
2005-04-08T12:00:00Z,43.52533318943511,2005
2005-04-09T12:00:00Z,43.52988931098668,2005
2005-04-10T12:00:00Z,43.16845654382917,2005
2005-04-11T12:00:00Z,42.368816197240285,2005
2005-04-12T12:00:00Z,41.7097378452166,2005
2005-04-13T12:00:00Z,41.09817945163409,2005
2005-04-14T12:00:00Z,40.36230474928574,2005
2005-04-15T12:00:00Z,39.488687738373955,2005
2005-04-16T12:00:00Z,38.72309133830583,2005
2005-04-17T12:00:00Z,37.935793599184215,2005
2005-04-18T12:00:00Z,37.20917147823487,2005
2005-04-19T12:00:00Z,36.21812749266553,2005
2005-04-20T12:00:00Z,35.484183013403424,2005
2005-04-21T12:00:00Z,34.729893369165524,2005
2005-04-22T12:00:00Z,34.05014138773808,2005
2005-04-23T12:00:00Z,32.88645851991101,2005
2005-04-24T12:00:00Z,31.933932770635813,2005
2005-04-25T12:00:00Z,30.60883996296444,2005
2005-04-26T12:00:00Z,29.58573054981289,2005
2005-04-27T12:00:00Z,30.123459823416177,2005
2005-04-28T12:00:00Z,30.82069899267827,2005
2005-04-29T12:00:00Z,30.33438772374309,2005
2005-04-30T12:00:00Z,29.677950302426087,2005
2005-05-01T12:00:00Z,29.214236016322126,2005
2005-05-02T12:00:00Z,28.859228437363065,2005
2005-05-03T12:00:00Z,28.538092093190247,2005
2005-05-04T12:00:00Z,29.746458411717313,2005
2005-05-05T12:00:00Z,40.472229047385106,2005
2005-05-06T12:00:00Z,40.48891057893768,2005
2005-05-07T12:00:00Z,39.8279179674319,2005
2005-05-08T12:00:00Z,39.511583304219286,2005
2005-05-09T12:00:00Z,39.136964416961575,2005
2005-05-10T12:00:00Z,38.7024058963842,2005
2005-05-11T12:00:00Z,37.895988446048584,2005
2005-05-12T12:00:00Z,36.84864098881273,2005
2005-05-13T12:00:00Z,35.972528003402005,2005
2005-05-14T12:00:00Z,34.996873570689914,2005
2005-05-15T12:00:00Z,34.21421238899803,2005
2005-05-16T12:00:00Z,34.300267341398666,2005
2005-05-17T12:00:00Z,33.369561488855794,2005
2005-05-18T12:00:00Z,32.41651657919149,2005
2005-05-19T12:00:00Z,31.492015097194184,2005
2005-05-20T12:00:00Z,30.428433407404214,2005
2005-05-21T12:00:00Z,29.43243005451644,2005
2005-05-22T12:00:00Z,28.827006737629524,2005
2005-05-23T12:00:00Z,28.94484462177389,2005
2005-05-24T12:00:00Z,28.66014216285161,2005
2005-05-25T12:00:00Z,27.450070757027795,2005
2005-05-26T12:00:00Z,25.857942003365686,2005
2005-05-27T12:00:00Z,27.357983225895104,2005
2005-05-28T12:00:00Z,26.779504131827444,2005
2005-05-29T12:00:00Z,25.953348712429143,2005
2005-05-30T12:00:00Z,25.67995185371495,2005
2005-06-01T12:00:00Z,35.40166823050185,2006
2005-06-02T12:00:00Z,38.44962726357316,2006
2005-06-03T12:00:00Z,39.78680584226172,2006
2005-06-04T12:00:00Z,41.92674709153018,2006
2005-06-05T12:00:00Z,42.101315942866115,2006
2005-06-06T12:00:00Z,44.52526116328248,2006
2005-06-07T12:00:00Z,44.61511751299643,2006
2005-06-08T12:00:00Z,44.30044872373182,2006
2005-06-09T12:00:00Z,44.882986719764205,2006
2005-06-10T12:00:00Z,51.30449693447541,2006
2005-06-11T12:00:00Z,52.73832839480688,2006
2005-06-12T12:00:00Z,53.34544522903891,2006
2005-06-13T12:00:00Z,53.38428446970518,2006
2005-06-14T12:00:00Z,52.842656419887895,2006
2005-06-15T12:00:00Z,52.49975582504959,2006
2005-06-16T12:00:00Z,52.20619920434248,2006
2005-06-17T12:00:00Z,53.00717753711831,2006
2005-06-18T12:00:00Z,53.204971578926404,2006
2005-06-19T12:00:00Z,53.6372891467849,2006
2005-06-20T12:00:00Z,58.30710037039223,2006
2005-06-21T12:00:00Z,62.80549373981405,2006
2005-06-22T12:00:00Z,63.62174869713557,2006
2005-06-23T12:00:00Z,64.89000195490077,2006
2005-06-24T12:00:00Z,67.69295048613569,2006
2005-06-25T12:00:00Z,68.57516090013199,2006
2005-06-26T12:00:00Z,69.33910704202543,2006
2005-06-27T12:00:00Z,70.86923370407095,2006
2005-06-28T12:00:00Z,75.30781921542328,2006
2005-06-29T12:00:00Z,79.20309848476472,2006
2005-06-30T12:00:00Z,80.66045509159886,2006
2005-07-01T12:00:00Z,81.61101397655649,2006
2005-07-02T12:00:00Z,82.59457545975546,2006
2005-07-03T12:00:00Z,83.41055769711537,2006
2005-07-04T12:00:00Z,83.63119207747195,2006
2005-07-05T12:00:00Z,83.93718057230839,2006
2005-07-06T12:00:00Z,84.00991190616857,2006
2005-07-07T12:00:00Z,84.14830877284626,2006
2005-07-08T12:00:00Z,84.58997271056653,2006
2005-07-09T12:00:00Z,94.53753061414695,2006
2005-07-10T12:00:00Z,96.07820414295436,2006
2005-07-11T12:00:00Z,96.84673201544383,2006
2005-07-12T12:00:00Z,97.561844409835075,2006
2005-07-13T12:00:00Z,98.07878665203239,2006
2005-07-14T12:00:00Z,99.41250785411155,2006
2005-07-15T12:00:00Z,99.63892515076087,2006
2005-07-16T12:00:00Z,99.61196584306796,2006
2005-07-17T12:00:00Z,100.14405997584663,2006
2005-07-18T12:00:00Z,99.79946032125362,2006
2005-07-19T12:00:00Z,99.75091218176043,2006
2005-07-20T12:00:00Z,99.50072359337946,2006
2005-07-21T12:00:00Z,99.38757004992434,2006
2005-07-22T12:00:00Z,99.00878056124004,2006
2005-07-23T12:00:00Z,98.65912081942132,2006
2005-07-24T12:00:00Z,98.3440425417419,2006
2005-07-25T12:00:00Z,98.047051489818,2006
2005-07-26T12:00:00Z,98.08575284531106,2006
2005-07-27T12:00:00Z,98.5946710194094,2006
2005-07-28T12:00:00Z,98.179882617074,2006
2005-07-29T12:00:00Z,97.87149906215656,2006
2005-07-30T12:00:00Z,98.15687284372349,2006
2005-07-31T12:00:00Z,98.631177720297,2006
2005-08-01T12:00:00Z,98.8406160625785,2006
2005-08-02T12:00:00Z,98.42220426535421,2006
2005-08-03T12:00:00Z,98.48522557909072,2006
2005-08-04T12:00:00Z,98.24479825409429,2006
2005-08-05T12:00:00Z,97.6667239481486,2006
2005-08-06T12:00:00Z,97.55929529502424,2006
2005-08-07T12:00:00Z,97.77112377054618,2006
2005-08-08T12:00:00Z,97.99234704908383,2006
2005-08-09T12:00:00Z,97.59669869920059,2006
2005-08-10T12:00:00Z,97.1301319531931,2006
2005-08-11T12:00:00Z,96.91759656872946,2006
2005-08-12T12:00:00Z,96.54464451195454,2006
2005-08-13T12:00:00Z,96.90837053917951,2006
2005-08-14T12:00:00Z,96.35343187786393,2006
2005-08-15T12:00:00Z,96.22893575886873,2006
2005-08-16T12:00:00Z,96.0943709398074,2006
2005-08-17T12:00:00Z,95.3263969055249,2006
2005-08-18T12:00:00Z,94.94990507056059,2006
2005-08-19T12:00:00Z,94.50526166891866,2006
2005-08-20T12:00:00Z,94.26183570124964,2006
2005-08-21T12:00:00Z,94.22736840342503,2006
2005-08-22T12:00:00Z,93.72677429464669,2006
2005-08-23T12:00:00Z,94.02469515328502,2006
2005-08-24T12:00:00Z,93.62752007780206,2006
2005-08-25T12:00:00Z,93.53797183525941,2006
2005-08-26T12:00:00Z,95.21087291559633,2006
2005-08-27T12:00:00Z,97.28668573765106,2006
2005-08-28T12:00:00Z,98.00447235610861,2006
2005-08-29T12:00:00Z,97.56963830088597,2006
2005-08-30T12:00:00Z,96.9827815206307,2006
2005-08-31T12:00:00Z,96.39534674165631,2006
2005-09-01T12:00:00Z,96.28045603266432,2006
2005-09-02T12:00:00Z,97.5328444404808,2006
2005-09-03T12:00:00Z,97.95172889631668,2006
2005-09-04T12:00:00Z,98.12682923544075,2006
2005-09-05T12:00:00Z,97.77856669343011,2006
2005-09-06T12:00:00Z,97.32681481968376,2006
2005-09-07T12:00:00Z,96.9077882337656,2006
2005-09-08T12:00:00Z,96.32723341577412,2006
2005-09-09T12:00:00Z,95.48689990166639,2006
2005-09-10T12:00:00Z,95.1302436801153,2006
2005-09-11T12:00:00Z,96.68087944071952,2006
2005-09-12T12:00:00Z,96.20602319736858,2006
2005-09-13T12:00:00Z,95.60823808062484,2006
2005-09-14T12:00:00Z,94.572278991314775,2006
2005-09-15T12:00:00Z,93.7962879897165,2006
2005-09-16T12:00:00Z,93.01765160883839,2006
2005-09-17T12:00:00Z,93.1003503942461,2006
2005-09-18T12:00:00Z,92.96382765606913,2006
2005-09-19T12:00:00Z,92.48302420585829,2006
2005-09-20T12:00:00Z,93.69172280122223,2006
2005-09-21T12:00:00Z,94.0119802890313,2006
2005-09-22T12:00:00Z,93.50726397307818,2006
2005-09-23T12:00:00Z,93.12232885835553,2006
2005-09-24T12:00:00Z,92.64149945355777,2006
2005-09-25T12:00:00Z,91.67441411238626,2006
2005-09-26T12:00:00Z,90.95575955991053,2006
2005-09-27T12:00:00Z,90.9743516895681,2006
2005-09-28T12:00:00Z,90.55813013041313,2006
2005-09-29T12:00:00Z,90.8676605247493,2006
2005-09-30T12:00:00Z,92.91550171182195,2006
2005-10-01T12:00:00Z,93.06782249125736,2006
2005-10-02T12:00:00Z,92.85178370896256,2006
2005-10-03T12:00:00Z,93.55194627502112,2006
2005-10-04T12:00:00Z,93.76360915789864,2006
2005-10-05T12:00:00Z,94.62569486758777,2006
2005-10-06T12:00:00Z,95.23357357260848,2006
2005-10-07T12:00:00Z,98.016548941646,2006
2005-10-08T12:00:00Z,97.80085526702644,2006
2005-10-09T12:00:00Z,97.20528688528042,2006
2005-10-10T12:00:00Z,96.89921311010625,2006
2005-10-11T12:00:00Z,97.13574137970868,2006
2005-10-12T12:00:00Z,96.67894051728595,2006
2005-10-13T12:00:00Z,95.51058872316723,2006
2005-10-14T12:00:00Z,94.70397666606205,2006
2005-10-15T12:00:00Z,94.027758384938,2006
2005-10-16T12:00:00Z,93.17600779541968,2006
2005-10-17T12:00:00Z,92.16809874490556,2006
2005-10-18T12:00:00Z,91.45358327855303,2006
2005-10-19T12:00:00Z,90.95315559767074,2006
2005-10-20T12:00:00Z,90.60185565502256,2006
2005-10-21T12:00:00Z,90.4273180054846,2006
2005-10-22T12:00:00Z,90.29055244249001,2006
2005-10-23T12:00:00Z,89.86751430536647,2006
2005-10-24T12:00:00Z,94.18185521144673,2006
2005-10-25T12:00:00Z,93.70016784530667,2006
2005-10-26T12:00:00Z,93.27428451611314,2006
2005-10-27T12:00:00Z,92.88286603162156,2006
2005-10-28T12:00:00Z,92.59719907901355,2006
2005-10-29T12:00:00Z,92.07337236547441,2006
2005-10-30T12:00:00Z,91.48981501688554,2006
2005-10-31T12:00:00Z,91.09132905855962,2006
2005-11-01T12:00:00Z,90.92581661890279,2006
2005-11-02T12:00:00Z,92.01734306459021,2006
2005-11-03T12:00:00Z,91.85954489247415,2006
2005-11-04T12:00:00Z,91.58740461151544,2006
2005-11-05T12:00:00Z,91.46757115099197,2006
2005-11-06T12:00:00Z,91.20147640317518,2006
2005-11-07T12:00:00Z,90.89484037091508,2006
2005-11-08T12:00:00Z,90.45205434468527,2006
2005-11-09T12:00:00Z,89.96308496174301,2006
2005-11-10T12:00:00Z,89.53488613190447,2006
2005-11-11T12:00:00Z,89.00294209041492,2006
2005-11-12T12:00:00Z,88.45027344857567,2006
2005-11-13T12:00:00Z,87.91812788260219,2006
2005-11-14T12:00:00Z,87.414375762847925,2006
2005-11-15T12:00:00Z,86.97415851760069,2006
2005-11-16T12:00:00Z,86.58047823800108,2006
2005-11-17T12:00:00Z,86.1517610418346,2006
2005-11-18T12:00:00Z,86.07805898308253,2006
2005-11-19T12:00:00Z,85.97244016238866,2006
2005-11-20T12:00:00Z,85.747075388084,2006
2005-11-21T12:00:00Z,85.533879328718,2006
2005-11-22T12:00:00Z,84.80872785937808,2006
2005-11-23T12:00:00Z,83.94073174195728,2006
2005-11-24T12:00:00Z,83.55575959240525,2006
2005-11-25T12:00:00Z,82.9149720982012,2006
2005-11-26T12:00:00Z,82.47869743754497,2006
2005-11-27T12:00:00Z,81.90289381698855,2006
2005-11-28T12:00:00Z,81.46800627133484,2006
2005-11-29T12:00:00Z,81.1803478293599,2006
2005-11-30T12:00:00Z,81.54489995479298,2006
2005-12-01T12:00:00Z,80.74688007192263,2006
2005-12-02T12:00:00Z,79.79078034948431,2006
2005-12-03T12:00:00Z,79.15220494032907,2006
2005-12-04T12:00:00Z,78.4151486063261,2006
2005-12-05T12:00:00Z,77.97595515534344,2006
2005-12-06T12:00:00Z,77.49682785839683,2006
2005-12-07T12:00:00Z,77.2469608510549,2006
2005-12-08T12:00:00Z,77.12781916196717,2006
2005-12-09T12:00:00Z,76.55356906142575,2006
2005-12-10T12:00:00Z,76.07933831858506,2006
2005-12-11T12:00:00Z,75.61278379700036,2006
2005-12-12T12:00:00Z,74.76067311562102,2006
2005-12-13T12:00:00Z,73.86610150580357,2006
2005-12-14T12:00:00Z,73.07109742373424,2006
2005-12-15T12:00:00Z,72.43729152576468,2006
2005-12-16T12:00:00Z,71.89399791779314,2006
2005-12-17T12:00:00Z,71.15595481748987,2006
2005-12-18T12:00:00Z,70.65223521762933,2006
2005-12-19T12:00:00Z,70.09877833850955,2006
2005-12-20T12:00:00Z,69.50717172010545,2006
2005-12-21T12:00:00Z,68.84498244012697,2006
2005-12-22T12:00:00Z,67.8915903106305,2006
2005-12-23T12:00:00Z,67.46426048576295,2006
2005-12-24T12:00:00Z,67.17260227992854,2006
2005-12-25T12:00:00Z,66.75521422433653,2006
2005-12-26T12:00:00Z,66.17490924498816,2006
2005-12-27T12:00:00Z,65.52452130881197,2006
2005-12-28T12:00:00Z,64.97152154118126,2006
2005-12-29T12:00:00Z,64.12501847393582,2006
2005-12-30T12:00:00Z,63.8040315940413,2006
2005-12-31T12:00:00Z,63.49584026599831,2006
2006-01-01T12:00:00Z,62.96791295656274,2006
2006-01-02T12:00:00Z,62.60238182466046,2006
2006-01-03T12:00:00Z,62.11967841035675,2006
2006-01-04T12:00:00Z,61.658129101108486,2006
2006-01-05T12:00:00Z,61.264559518668776,2006
2006-01-06T12:00:00Z,60.62801692438612,2006
2006-01-07T12:00:00Z,60.083398417362424,2006
2006-01-08T12:00:00Z,59.83231191514993,2006
2006-01-09T12:00:00Z,59.60736299776788,2006
2006-01-10T12:00:00Z,59.333041952553096,2006
2006-01-11T12:00:00Z,59.12792249747072,2006
2006-01-12T12:00:00Z,58.96539056751638,2006
2006-01-13T12:00:00Z,58.646980141477805,2006
2006-01-14T12:00:00Z,58.61279130053506,2006
2006-01-15T12:00:00Z,57.93045714434994,2006
2006-01-16T12:00:00Z,57.78414458862378,2006
2006-01-17T12:00:00Z,57.35300410544722,2006
2006-01-18T12:00:00Z,57.34068665621734,2006
2006-01-19T12:00:00Z,57.32601755253197,2006
2006-01-20T12:00:00Z,57.37841973994117,2006
2006-01-21T12:00:00Z,57.295609472465856,2006
2006-01-22T12:00:00Z,57.257059247177665,2006
2006-01-23T12:00:00Z,57.13065655759229,2006
2006-01-24T12:00:00Z,56.9617649483409,2006
2006-01-25T12:00:00Z,56.37579699254851,2006
2006-01-26T12:00:00Z,56.039618033882235,2006
2006-01-27T12:00:00Z,55.68968701834584,2006
2006-01-28T12:00:00Z,55.4249530625186,2006
2006-01-29T12:00:00Z,55.16492285496758,2006
2006-01-30T12:00:00Z,55.12396453051919,2006
2006-01-31T12:00:00Z,54.98524120172914,2006
2006-02-01T12:00:00Z,54.75740801623001,2006
2006-02-02T12:00:00Z,54.463290813516984,2006
2006-02-03T12:00:00Z,54.295250071689765,2006
2006-02-04T12:00:00Z,62.31506401890398,2006
2006-02-05T12:00:00Z,63.56554129085072,2006
2006-02-06T12:00:00Z,63.153613149440424,2006
2006-02-07T12:00:00Z,62.810617683744745,2006
2006-02-08T12:00:00Z,62.52910213092879,2006
2006-02-09T12:00:00Z,61.99514220157067,2006
2006-02-10T12:00:00Z,61.484752590955196,2006
2006-02-11T12:00:00Z,61.046404156058436,2006
2006-02-12T12:00:00Z,60.55022834315583,2006
2006-02-13T12:00:00Z,60.17776991095311,2006
2006-02-14T12:00:00Z,59.67648622298856,2006
2006-02-15T12:00:00Z,59.24603754099644,2006
2006-02-16T12:00:00Z,58.79540207147169,2006
2006-02-17T12:00:00Z,58.381988937295546,2006
2006-02-18T12:00:00Z,57.86144578564146,2006
2006-02-19T12:00:00Z,57.380990358477376,2006
2006-02-20T12:00:00Z,56.94148116864054,2006
2006-02-21T12:00:00Z,56.54620894287329,2006
2006-02-22T12:00:00Z,55.98794077396679,2006
2006-02-23T12:00:00Z,55.30027743535766,2006
2006-02-24T12:00:00Z,54.796838086453754,2006
2006-02-25T12:00:00Z,54.757974946148465,2006
2006-02-26T12:00:00Z,54.607192544645365,2006
2006-02-27T12:00:00Z,54.13071837079117,2006
2006-02-28T12:00:00Z,53.66129226547269,2006
2006-03-01T12:00:00Z,53.178686506961306,2006
2006-03-02T12:00:00Z,52.63132522116182,2006
2006-03-03T12:00:00Z,52.03803825035164,2006
2006-03-04T12:00:00Z,51.40063058250166,2006
2006-03-05T12:00:00Z,50.99118213848075,2006
2006-03-06T12:00:00Z,50.45959428262053,2006
2006-03-07T12:00:00Z,49.86191597511186,2006
2006-03-08T12:00:00Z,49.19184684181328,2006
2006-03-09T12:00:00Z,48.56266198161125,2006
2006-03-10T12:00:00Z,48.016322007205005,2006
2006-03-11T12:00:00Z,47.49603944948925,2006
2006-03-12T12:00:00Z,46.95067211762115,2006
2006-03-13T12:00:00Z,46.46745320888215,2006
2006-03-14T12:00:00Z,45.94139926592318,2006
2006-03-15T12:00:00Z,45.313647388625306,2006
2006-03-16T12:00:00Z,44.72249748124716,2006
2006-03-17T12:00:00Z,44.189135434174155,2006
2006-03-18T12:00:00Z,43.597679515763105,2006
2006-03-19T12:00:00Z,43.069659175312154,2006
2006-03-20T12:00:00Z,42.428358257639246,2006
2006-03-21T12:00:00Z,41.81809136906139,2006
2006-03-22T12:00:00Z,41.183817643209636,2006
2006-03-23T12:00:00Z,40.703149528938205,2006
2006-03-24T12:00:00Z,40.811298516816414,2006
2006-03-25T12:00:00Z,40.10279615066977,2006
2006-03-26T12:00:00Z,39.42449721191626,2006
2006-03-27T12:00:00Z,38.79443989360697,2006
2006-03-28T12:00:00Z,38.315455241623795,2006
2006-03-29T12:00:00Z,37.77141728255301,2006
2006-03-30T12:00:00Z,37.23043999903633,2006
2006-03-31T12:00:00Z,36.66865777540293,2006
2006-04-01T12:00:00Z,36.01639179076416,2006
2006-04-02T12:00:00Z,35.40847780837509,2006
2006-04-03T12:00:00Z,34.79367732257992,2006
2006-04-04T12:00:00Z,34.26358452140749,2006
2006-04-05T12:00:00Z,33.610417547380415,2006
2006-04-06T12:00:00Z,32.860302664808835,2006
2006-04-07T12:00:00Z,32.2555817465047,2006
2006-04-08T12:00:00Z,31.505096003046706,2006
2006-04-09T12:00:00Z,31.056116887889512,2006
2006-04-10T12:00:00Z,30.94511118146854,2006
2006-04-11T12:00:00Z,30.66228955594379,2006
2006-04-12T12:00:00Z,30.06121479256395,2006
2006-04-13T12:00:00Z,29.3880241590842,2006
2006-04-14T12:00:00Z,28.733665402234493,2006
2006-04-15T12:00:00Z,28.081594358465953,2006
2006-04-16T12:00:00Z,27.41023506800715,2006
2006-04-17T12:00:00Z,26.740963185841835,2006
2006-04-18T12:00:00Z,26.740522182123634,2006
2006-04-19T12:00:00Z,25.603217895544425,2006
2006-04-20T12:00:00Z,26.16197682628391,2006
2006-04-21T12:00:00Z,25.50316986926101,2006
2006-04-22T12:00:00Z,24.838069615996233,2006
2006-04-23T12:00:00Z,24.187401609643892,2006
2006-04-24T12:00:00Z,23.600105725009783,2006
2006-04-25T12:00:00Z,23.58145708428505,2006
2006-04-26T12:00:00Z,22.94021821322381,2006
2006-04-27T12:00:00Z,22.440969401944805,2006
2006-04-28T12:00:00Z,21.74970807840385,2006
2006-04-29T12:00:00Z,20.98561728236628,2006
2006-04-30T12:00:00Z,20.131580290997466,2006
2006-05-01T12:00:00Z,19.407457702947937,2006
2006-05-02T12:00:00Z,18.668554277425766,2006
2006-05-03T12:00:00Z,17.97318811536765,2006
2006-05-04T12:00:00Z,17.304531715269494,2006
2006-05-05T12:00:00Z,16.555605604037883,2006
2006-05-06T12:00:00Z,15.91138011563947,2006
2006-05-07T12:00:00Z,15.217451488034913,2006
2006-05-08T12:00:00Z,14.57678755157782,2006
2006-05-09T12:00:00Z,14.175717899022734,2006
2006-05-10T12:00:00Z,13.606307848385157,2006
2006-05-11T12:00:00Z,13.07531761622529,2006
2006-05-12T12:00:00Z,12.957823885509763,2006
2006-05-13T12:00:00Z,12.542389053317267,2006
2006-05-14T12:00:00Z,11.868799414403009,2006
2006-05-15T12:00:00Z,11.391472643123963,2006
2006-05-16T12:00:00Z,15.918027515102448,2006
2006-05-17T12:00:00Z,18.25619927665468,2006
2006-05-18T12:00:00Z,18.2599575520992,2006
2006-05-19T12:00:00Z,17.930326838227327,2006
2006-05-20T12:00:00Z,17.61527456547875,2006
2006-05-21T12:00:00Z,16.957480249250445,2006
2006-05-22T12:00:00Z,16.445848543914263,2006
2006-05-23T12:00:00Z,16.150473321778517,2006
2006-05-24T12:00:00Z,15.90345586354531,2006
2006-05-25T12:00:00Z,15.987031631149355,2006
2006-05-26T12:00:00Z,16.186799290227405,2006
2006-05-27T12:00:00Z,17.29701451677438,2006
2006-05-28T12:00:00Z,17.416051243334095,2006
2006-05-29T12:00:00Z,17.10437287466213,2006
2006-05-30T12:00:00Z,17.41079433191731,2006
2006-06-01T12:00:00Z,16.507040942580527,2007
2006-06-02T12:00:00Z,16.5190522938198,2007
2006-06-03T12:00:00Z,16.846906834758535,2007
2006-06-04T12:00:00Z,16.454212463323987,2007
2006-06-05T12:00:00Z,16.700933919813938,2007
2006-06-06T12:00:00Z,16.690856352350135,2007
2006-06-07T12:00:00Z,16.280995918736174,2007
2006-06-08T12:00:00Z,16.099445928837913,2007
2006-06-09T12:00:00Z,16.022863972737678,2007
2006-06-10T12:00:00Z,15.973928885182437,2007
2006-06-11T12:00:00Z,16.042955484373095,2007
2006-06-12T12:00:00Z,16.166802342809024,2007
2006-06-13T12:00:00Z,15.979049945778666,2007
2006-06-14T12:00:00Z,15.539437376959423,2007
2006-06-15T12:00:00Z,15.253024052629659,2007
2006-06-16T12:00:00Z,16.187483068419276,2007
2006-06-17T12:00:00Z,16.85357996226072,2007
2006-06-18T12:00:00Z,18.809195327987624,2007
2006-06-19T12:00:00Z,19.526449438048182,2007
2006-06-20T12:00:00Z,19.13371498139947,2007
2006-06-21T12:00:00Z,18.841822131636906,2007
2006-06-22T12:00:00Z,18.371641260889668,2007
2006-06-23T12:00:00Z,17.779971572976663,2007
2006-06-24T12:00:00Z,17.427807884010356,2007
2006-06-25T12:00:00Z,19.10248865220242,2007
2006-06-26T12:00:00Z,21.47175434297906,2007
2006-06-27T12:00:00Z,20.9315593767538,2007
2006-06-28T12:00:00Z,20.799119707918766,2007
2006-06-29T12:00:00Z,21.546115870667418,2007
2006-06-30T12:00:00Z,21.421253671171282,2007
2006-07-01T12:00:00Z,21.26662386943998,2007
2006-07-02T12:00:00Z,22.1245758477699,2007
2006-07-03T12:00:00Z,24.2981680862619,2007
2006-07-04T12:00:00Z,24.896147349814704,2007
2006-07-05T12:00:00Z,24.56935495377731,2007
2006-07-06T12:00:00Z,25.29259937654803,2007
2006-07-07T12:00:00Z,26.287649812566784,2007
2006-07-08T12:00:00Z,26.882203068358496,2007
2006-07-09T12:00:00Z,29.70289281377123,2007
2006-07-10T12:00:00Z,29.771046250039543,2007
2006-07-11T12:00:00Z,30.114228729724026,2007
2006-07-12T12:00:00Z,35.86502995345145,2007
2006-07-13T12:00:00Z,37.33811740840919,2007
2006-07-14T12:00:00Z,37.30796789937057,2007
2006-07-15T12:00:00Z,36.78575958773699,2007
2006-07-16T12:00:00Z,36.54569985813628,2007
2006-07-17T12:00:00Z,36.43166946063302,2007
2006-07-18T12:00:00Z,37.11322277780772,2007
2006-07-19T12:00:00Z,37.82767234394918,2007
2006-07-20T12:00:00Z,39.429338428884044,2007
2006-07-21T12:00:00Z,41.80427300007528,2007
2006-07-22T12:00:00Z,44.043707274932956,2007
2006-07-23T12:00:00Z,44.957542696325234,2007
2006-07-24T12:00:00Z,45.01469289577143,2007
2006-07-25T12:00:00Z,45.062143153034434,2007
2006-07-26T12:00:00Z,44.639617748294825,2007
2006-07-27T12:00:00Z,44.2507962945985,2007
2006-07-28T12:00:00Z,44.2670281655644,2007
2006-07-29T12:00:00Z,44.73526891835378,2007
2006-07-30T12:00:00Z,45.017962290415454,2007
2006-07-31T12:00:00Z,44.86039069575611,2007
2006-08-01T12:00:00Z,44.62296906387155,2007
2006-08-02T12:00:00Z,44.31406514031056,2007
2006-08-03T12:00:00Z,43.93946189399816,2007
2006-08-04T12:00:00Z,43.91549379867069,2007
2006-08-05T12:00:00Z,44.48736630847659,2007
2006-08-06T12:00:00Z,44.9013445327292,2007
2006-08-07T12:00:00Z,44.67652945012194,2007
2006-08-08T12:00:00Z,44.45940736931959,2007
2006-08-09T12:00:00Z,44.60686082616851,2007
2006-08-10T12:00:00Z,44.42876623115929,2007
2006-08-11T12:00:00Z,44.15343235292761,2007
2006-08-12T12:00:00Z,43.90635337440568,2007
2006-08-13T12:00:00Z,43.54387146938898,2007
2006-08-14T12:00:00Z,43.21317957401562,2007
2006-08-15T12:00:00Z,44.90261537154849,2007
2006-08-16T12:00:00Z,46.069468465620844,2007
2006-08-17T12:00:00Z,46.43552797085236,2007
2006-08-18T12:00:00Z,46.36621049126967,2007
2006-08-19T12:00:00Z,46.92685815253942,2007
2006-08-20T12:00:00Z,48.279528365567124,2007
2006-08-21T12:00:00Z,49.23578064157066,2007
2006-08-22T12:00:00Z,49.7242448986399,2007
2006-08-23T12:00:00Z,50.05291245065196,2007
2006-08-24T12:00:00Z,50.10268221547951,2007
2006-08-25T12:00:00Z,50.13206209847508,2007
2006-08-26T12:00:00Z,50.37381090142445,2007
2006-08-27T12:00:00Z,50.84353074300911,2007
2006-08-28T12:00:00Z,51.069296898066675,2007
2006-08-29T12:00:00Z,51.04269629319985,2007
2006-08-30T12:00:00Z,54.603601564385606,2007
2006-08-31T12:00:00Z,55.89525245433091,2007
2006-09-01T12:00:00Z,56.3052128664233,2007
2006-09-02T12:00:00Z,57.68301787716798,2007
2006-09-03T12:00:00Z,59.01871637620108,2007
2006-09-04T12:00:00Z,61.91951451247226,2007
2006-09-05T12:00:00Z,66.42913304622401,2007
2006-09-06T12:00:00Z,67.52157132355268,2007
2006-09-07T12:00:00Z,67.8819763558885,2007
2006-09-08T12:00:00Z,68.30983415819888,2007
2006-09-09T12:00:00Z,70.09500141521379,2007
2006-09-10T12:00:00Z,70.81586572776388,2007
2006-09-11T12:00:00Z,71.56127431053706,2007
2006-09-12T12:00:00Z,72.73631368773242,2007
2006-09-13T12:00:00Z,73.34890428072833,2007
2006-09-14T12:00:00Z,74.28254269724059,2007
2006-09-15T12:00:00Z,75.40660735498165,2007
2006-09-16T12:00:00Z,76.81348006598022,2007
2006-09-17T12:00:00Z,78.43627066289012,2007
2006-09-18T12:00:00Z,78.89177220555645,2007
2006-09-19T12:00:00Z,79.3580806391212,2007
2006-09-20T12:00:00Z,81.43488293918365,2007
2006-09-21T12:00:00Z,82.50040509933902,2007
2006-09-22T12:00:00Z,83.1401288376358,2007
2006-09-23T12:00:00Z,83.3844150664496,2007
2006-09-24T12:00:00Z,83.46784823943415,2007
2006-09-25T12:00:00Z,84.96033253066183,2007
2006-09-26T12:00:00Z,85.00358787266595,2007
2006-09-27T12:00:00Z,84.93902783545464,2007
2006-09-28T12:00:00Z,84.96995238708605,2007
2006-09-29T12:00:00Z,84.71068526086653,2007
2006-09-30T12:00:00Z,84.30761419890094,2007
2006-10-01T12:00:00Z,83.83087908556594,2007
2006-10-02T12:00:00Z,83.39662467897045,2007
2006-10-03T12:00:00Z,82.76253459406385,2007
2006-10-04T12:00:00Z,82.09149478392895,2007
2006-10-05T12:00:00Z,81.2882076004843,2007
2006-10-06T12:00:00Z,80.60114281693832,2007
2006-10-07T12:00:00Z,79.96481327818908,2007
2006-10-08T12:00:00Z,79.06126896950322,2007
2006-10-09T12:00:00Z,78.15699901477835,2007
2006-10-10T12:00:00Z,77.99146468466317,2007
2006-10-11T12:00:00Z,77.1992629130729,2007
2006-10-12T12:00:00Z,76.40336075241007,2007
2006-10-13T12:00:00Z,76.13943587854085,2007
2006-10-14T12:00:00Z,75.4026560242761,2007
2006-10-15T12:00:00Z,74.41514479620555,2007
2006-10-16T12:00:00Z,73.25165609349443,2007
2006-10-17T12:00:00Z,72.26479680794188,2007
2006-10-18T12:00:00Z,71.54122922973998,2007
2006-10-19T12:00:00Z,70.90951869211729,2007
2006-10-20T12:00:00Z,70.04101514673262,2007
2006-10-21T12:00:00Z,69.29853396767545,2007
2006-10-22T12:00:00Z,68.6163515526875,2007
2006-10-23T12:00:00Z,67.81001360457888,2007
2006-10-24T12:00:00Z,66.64622781315319,2007
2006-10-25T12:00:00Z,65.48204423370086,2007
2006-10-26T12:00:00Z,64.73140881772376,2007
2006-10-27T12:00:00Z,64.0053867461371,2007
2006-10-28T12:00:00Z,64.02277103554509,2007
2006-10-29T12:00:00Z,63.51767994332042,2007
2006-10-30T12:00:00Z,62.843814788067775,2007
2006-10-31T12:00:00Z,62.315951058445535,2007
2006-11-01T12:00:00Z,62.08618310517584,2007
2006-11-02T12:00:00Z,62.059390712799825,2007
2006-11-03T12:00:00Z,62.714556803299985,2007
2006-11-04T12:00:00Z,62.44604694936257,2007
2006-11-05T12:00:00Z,61.92751603564175,2007
2006-11-06T12:00:00Z,61.50032328129101,2007
2006-11-07T12:00:00Z,61.226255898570045,2007
2006-11-08T12:00:00Z,60.97323613203995,2007
2006-11-09T12:00:00Z,60.67420483951305,2007
2006-11-10T12:00:00Z,60.30679649439985,2007
2006-11-11T12:00:00Z,60.01802752700193,2007
2006-11-12T12:00:00Z,59.740448375626386,2007
2006-11-13T12:00:00Z,59.3720415981501,2007
2006-11-14T12:00:00Z,59.006013294716546,2007
2006-11-15T12:00:00Z,58.65820013411258,2007
2006-11-16T12:00:00Z,59.01200601249379,2007
2006-11-17T12:00:00Z,58.74122023510947,2007
2006-11-18T12:00:00Z,58.424491001305356,2007
2006-11-19T12:00:00Z,57.993199850172786,2007
2006-11-20T12:00:00Z,57.43424775433097,2007
2006-11-21T12:00:00Z,56.92609825889436,2007
2006-11-22T12:00:00Z,56.46352597461465,2007
2006-11-23T12:00:00Z,56.25460262561745,2007
2006-11-24T12:00:00Z,55.93225477981796,2007
2006-11-25T12:00:00Z,55.73194038331616,2007
2006-11-26T12:00:00Z,55.512136600084766,2007
2006-11-27T12:00:00Z,55.305605544540505,2007
2006-11-28T12:00:00Z,54.96123953157367,2007
2006-11-29T12:00:00Z,54.70522001938113,2007
2006-11-30T12:00:00Z,54.452438981503015,2007
2006-12-01T12:00:00Z,54.220603249497806,2007
2006-12-02T12:00:00Z,53.826733264797234,2007
2006-12-03T12:00:00Z,53.56361974293984,2007
2006-12-04T12:00:00Z,53.2080554218441,2007
2006-12-05T12:00:00Z,52.821287437763914,2007
2006-12-06T12:00:00Z,52.50556860216091,2007
2006-12-07T12:00:00Z,52.201293618076924,2007
2006-12-08T12:00:00Z,51.830151503573795,2007
2006-12-09T12:00:00Z,51.44310000762299,2007
2006-12-10T12:00:00Z,51.027724562967045,2007
2006-12-11T12:00:00Z,50.711617532145425,2007
2006-12-12T12:00:00Z,50.347665847384725,2007
2006-12-13T12:00:00Z,50.028160703918786,2007
2006-12-14T12:00:00Z,50.13872107017806,2007
2006-12-15T12:00:00Z,50.940667310873764,2007
2006-12-16T12:00:00Z,51.33873656558361,2007
2006-12-17T12:00:00Z,51.614431137515176,2007
2006-12-18T12:00:00Z,51.41974696186251,2007
2006-12-19T12:00:00Z,51.17180278162507,2007
2006-12-20T12:00:00Z,50.85938686743852,2007
2006-12-21T12:00:00Z,50.52659714715382,2007
2006-12-22T12:00:00Z,50.30205994247318,2007
2006-12-23T12:00:00Z,50.15741373438569,2007
2006-12-24T12:00:00Z,50.10386419725332,2007
2006-12-25T12:00:00Z,49.88599107876178,2007
2006-12-26T12:00:00Z,51.12447748258576,2007
2006-12-27T12:00:00Z,50.820629026050256,2007
2006-12-28T12:00:00Z,50.36066203354788,2007
2006-12-29T12:00:00Z,50.04412913880237,2007
2006-12-30T12:00:00Z,49.842156463421674,2007
2006-12-31T12:00:00Z,49.63619803581398,2007
2007-01-01T12:00:00Z,49.25882079519765,2007
2007-01-02T12:00:00Z,49.0046678461854,2007
2007-01-03T12:00:00Z,49.019130036297426,2007
2007-01-04T12:00:00Z,48.7169232176819,2007
2007-01-05T12:00:00Z,48.43329763841543,2007
2007-01-06T12:00:00Z,48.30382898029769,2007
2007-01-07T12:00:00Z,47.98423400952134,2007
2007-01-08T12:00:00Z,47.683372932347126,2007
2007-01-09T12:00:00Z,47.400594147222805,2007
2007-01-10T12:00:00Z,46.78994321680098,2007
2007-01-11T12:00:00Z,46.377866002422074,2007
2007-01-12T12:00:00Z,46.047573547271746,2007
2007-01-13T12:00:00Z,45.690012356873105,2007
2007-01-14T12:00:00Z,45.33243599464311,2007
2007-01-15T12:00:00Z,44.996754267005485,2007
2007-01-16T12:00:00Z,44.829645936047164,2007
2007-01-17T12:00:00Z,44.52534527884462,2007
2007-01-18T12:00:00Z,44.087111495395014,2007
2007-01-19T12:00:00Z,43.766448947149044,2007
2007-01-20T12:00:00Z,43.380878626978465,2007
2007-01-21T12:00:00Z,42.97322462158569,2007
2007-01-22T12:00:00Z,42.6000878597779,2007
2007-01-23T12:00:00Z,42.26191802044865,2007
2007-01-24T12:00:00Z,42.02183319439628,2007
2007-01-25T12:00:00Z,42.14369364133765,2007
2007-01-26T12:00:00Z,41.814493702211706,2007
2007-01-27T12:00:00Z,41.40486627405964,2007
2007-01-28T12:00:00Z,41.5681073647026,2007
2007-01-29T12:00:00Z,41.176732018098335,2007
2007-01-30T12:00:00Z,40.63155139815543,2007
2007-01-31T12:00:00Z,40.26322703141256,2007
2007-02-01T12:00:00Z,39.81899046597541,2007
2007-02-02T12:00:00Z,39.50077350252606,2007
2007-02-03T12:00:00Z,39.13974903383581,2007
2007-02-04T12:00:00Z,39.447977630120945,2007
2007-02-05T12:00:00Z,40.30532753160061,2007
2007-02-06T12:00:00Z,40.00566350963206,2007
2007-02-07T12:00:00Z,39.74805719321834,2007
2007-02-08T12:00:00Z,39.40862745572223,2007
2007-02-09T12:00:00Z,39.049394949653866,2007
2007-02-10T12:00:00Z,38.62967829026358,2007
2007-02-11T12:00:00Z,38.17804003133699,2007
2007-02-12T12:00:00Z,38.256457275592,2007
2007-02-13T12:00:00Z,38.32422504756861,2007
2007-02-14T12:00:00Z,38.0741572228462,2007
2007-02-15T12:00:00Z,37.70709676347811,2007
2007-02-16T12:00:00Z,37.754848461917724,2007
2007-02-17T12:00:00Z,37.29381415053049,2007
2007-02-18T12:00:00Z,36.908560834677544,2007
2007-02-19T12:00:00Z,36.47302462114999,2007
2007-02-20T12:00:00Z,36.0832458935459,2007
2007-02-21T12:00:00Z,35.71128645440956,2007
2007-02-22T12:00:00Z,35.31367725402063,2007
2007-02-23T12:00:00Z,34.79026299461177,2007
2007-02-24T12:00:00Z,34.25340961165677,2007
2007-02-25T12:00:00Z,33.772363432739475,2007
2007-02-26T12:00:00Z,33.4628643202939,2007
2007-02-27T12:00:00Z,33.910389349284685,2007
2007-02-28T12:00:00Z,33.7405889267398,2007
2007-03-01T12:00:00Z,33.706707977862436,2007
2007-03-02T12:00:00Z,33.26653259817397,2007
2007-03-03T12:00:00Z,32.79450253976915,2007
2007-03-04T12:00:00Z,32.197969170051486,2007
2007-03-05T12:00:00Z,31.57626914634773,2007
2007-03-06T12:00:00Z,30.84767976748278,2007
2007-03-07T12:00:00Z,30.288008908990907,2007
2007-03-08T12:00:00Z,29.873159691181883,2007
2007-03-09T12:00:00Z,29.371349861039754,2007
2007-03-10T12:00:00Z,28.84132604936532,2007
2007-03-11T12:00:00Z,28.33120037369479,2007
2007-03-12T12:00:00Z,27.74523036753123,2007
2007-03-13T12:00:00Z,27.083365224690656,2007
2007-03-14T12:00:00Z,26.539123546598052,2007
2007-03-15T12:00:00Z,26.1214071478612,2007
2007-03-16T12:00:00Z,25.75206187476494,2007
2007-03-17T12:00:00Z,25.62079882836299,2007
2007-03-18T12:00:00Z,24.993376154633577,2007
2007-03-19T12:00:00Z,24.356207185686888,2007
2007-03-20T12:00:00Z,23.977252344636053,2007
2007-03-21T12:00:00Z,23.854626264841027,2007
2007-03-22T12:00:00Z,24.339250526817246,2007
2007-03-23T12:00:00Z,24.354334377570286,2007
2007-03-24T12:00:00Z,23.960530075686524,2007
2007-03-25T12:00:00Z,23.617927768663797,2007
2007-03-26T12:00:00Z,23.102193057787368,2007
2007-03-27T12:00:00Z,22.576928560363367,2007
2007-03-28T12:00:00Z,22.258797296021754,2007
2007-03-29T12:00:00Z,21.878014544491005,2007
2007-03-30T12:00:00Z,21.43147763422169,2007
2007-03-31T12:00:00Z,20.858911687053457,2007
2007-04-01T12:00:00Z,20.29305396626363,2007
2007-04-02T12:00:00Z,19.71562775381325,2007
2007-04-03T12:00:00Z,19.32165546337144,2007
2007-04-04T12:00:00Z,18.91067679713569,2007
2007-04-05T12:00:00Z,18.59938815001892,2007
2007-04-06T12:00:00Z,18.254114149856797,2007
2007-04-07T12:00:00Z,17.807530188603394,2007
2007-04-08T12:00:00Z,17.359521246843162,2007
2007-04-09T12:00:00Z,16.904453833659538,2007
2007-04-10T12:00:00Z,16.703388028754112,2007
2007-04-11T12:00:00Z,21.293918028375526,2007
2007-04-12T12:00:00Z,22.21160682261741,2007
2007-04-13T12:00:00Z,22.112857889542695,2007
2007-04-14T12:00:00Z,21.60238378807393,2007
2007-04-15T12:00:00Z,21.12319981300981,2007
2007-04-16T12:00:00Z,21.031266066580386,2007
2007-04-17T12:00:00Z,20.367616583647383,2007
2007-04-18T12:00:00Z,19.71221770965631,2007
2007-04-19T12:00:00Z,19.21077540168236,2007
2007-04-20T12:00:00Z,18.57423598822106,2007
2007-04-21T12:00:00Z,18.06618867953094,2007
2007-04-22T12:00:00Z,17.52389418127727,2007
2007-04-23T12:00:00Z,16.902744883609948,2007
2007-04-24T12:00:00Z,16.317388586034014,2007
2007-04-25T12:00:00Z,15.798676077162497,2007
2007-04-26T12:00:00Z,15.336641340250017,2007
2007-04-27T12:00:00Z,14.879229025563296,2007
2007-04-28T12:00:00Z,15.290680313796859,2007
2007-04-29T12:00:00Z,14.976210451726793,2007
2007-04-30T12:00:00Z,14.9046376485201,2007
2007-05-01T12:00:00Z,14.417830386559407,2007
2007-05-02T12:00:00Z,13.989038885033052,2007
2007-05-03T12:00:00Z,13.95916245065196,2007
2007-05-04T12:00:00Z,13.670103179528889,2007
2007-05-05T12:00:00Z,13.250052986991713,2007
2007-05-06T12:00:00Z,13.024859139500226,2007
2007-05-07T12:00:00Z,14.387442352532911,2007
2007-05-08T12:00:00Z,13.550619799288434,2007
2007-05-09T12:00:00Z,13.076055658314138,2007
2007-05-10T12:00:00Z,12.595410821247615,2007
2007-05-11T12:00:00Z,12.129503493832484,2007
2007-05-12T12:00:00Z,11.761034882562061,2007
2007-05-13T12:00:00Z,11.3825680916368,2007
2007-05-14T12:00:00Z,11.217730796186954,2007
2007-05-15T12:00:00Z,11.849944761719042,2007
2007-05-16T12:00:00Z,11.764547534523857,2007
2007-05-17T12:00:00Z,12.363586613426826,2007
2007-05-18T12:00:00Z,11.893536895495657,2007
2007-05-19T12:00:00Z,11.926417157974655,2007
2007-05-20T12:00:00Z,11.647412076422606,2007
2007-05-21T12:00:00Z,11.1251162143975,2007
2007-05-22T12:00:00Z,10.663724820343548,2007
2007-05-23T12:00:00Z,10.118199541244095,2007
2007-05-24T12:00:00Z,9.582383584318293,2007
2007-05-25T12:00:00Z,9.191916224909315,2007
2007-05-26T12:00:00Z,8.822038111603753,2007
2007-05-27T12:00:00Z,8.464610806323842,2007
2007-05-28T12:00:00Z,8.042808454910581,2007
2007-05-29T12:00:00Z,7.677230697659296,2007
2007-05-30T12:00:00Z,7.297638749532808,2007
2007-06-01T12:00:00Z,7.030501930314621,2008
2007-06-02T12:00:00Z,14.523807910079361,2008
2007-06-03T12:00:00Z,14.77894405097252,2008
2007-06-04T12:00:00Z,14.32706269491341,2008
2007-06-05T12:00:00Z,13.643924752036897,2008
2007-06-06T12:00:00Z,14.037522428680768,2008
2007-06-07T12:00:00Z,16.912030408249404,2008
2007-06-08T12:00:00Z,18.06393906994358,2008
2007-06-09T12:00:00Z,18.115475966391195,2008
2007-06-10T12:00:00Z,17.473906564512294,2008
2007-06-11T12:00:00Z,16.794405742112076,2008
2007-06-12T12:00:00Z,15.968221212477475,2008
2007-06-13T12:00:00Z,16.85894569438163,2008
2007-06-14T12:00:00Z,17.644719998566206,2008
2007-06-15T12:00:00Z,17.778648122456808,2008
2007-06-16T12:00:00Z,18.265718488687515,2008
2007-06-17T12:00:00Z,21.476990533289825,2008
2007-06-18T12:00:00Z,22.167639670003012,2008
2007-06-19T12:00:00Z,22.68569241245135,2008
2007-06-20T12:00:00Z,21.94641219690022,2008
2007-06-21T12:00:00Z,21.520189561025784,2008
2007-06-22T12:00:00Z,21.005942307479668,2008
2007-06-23T12:00:00Z,20.402742876717625,2008
2007-06-24T12:00:00Z,19.85553015129396,2008
2007-06-25T12:00:00Z,19.487434329998013,2008
2007-06-26T12:00:00Z,19.59616972403249,2008
2007-06-27T12:00:00Z,19.135416883298145,2008
2007-06-28T12:00:00Z,18.592926457890794,2008
2007-06-29T12:00:00Z,18.125726165496882,2008
2007-06-30T12:00:00Z,19.1627467704091,2008
2007-07-01T12:00:00Z,18.939525135134105,2008
2007-07-02T12:00:00Z,19.97308549383263,2008
2007-07-03T12:00:00Z,19.800754700439306,2008
2007-07-04T12:00:00Z,21.760927837625836,2008
2007-07-05T12:00:00Z,22.225982061888402,2008
2007-07-06T12:00:00Z,22.48898519780297,2008
2007-07-07T12:00:00Z,23.276141179845087,2008
2007-07-08T12:00:00Z,23.70907938315901,2008
2007-07-09T12:00:00Z,23.807111672605664,2008
2007-07-10T12:00:00Z,24.0008417734788,2008
2007-07-11T12:00:00Z,23.418382657239302,2008
2007-07-12T12:00:00Z,22.74686869877001,2008
2007-07-13T12:00:00Z,22.950133888322434,2008
2007-07-14T12:00:00Z,23.885747297409413,2008
2007-07-15T12:00:00Z,24.396939932692174,2008
2007-07-16T12:00:00Z,26.361164877925294,2008
2007-07-17T12:00:00Z,26.65232793513929,2008
2007-07-18T12:00:00Z,26.322721514504472,2008
2007-07-19T12:00:00Z,26.073215068137497,2008
2007-07-20T12:00:00Z,26.322958364412322,2008
2007-07-21T12:00:00Z,26.03867943986276,2008
2007-07-22T12:00:00Z,25.80215549526203,2008
2007-07-23T12:00:00Z,27.355994805219865,2008
2007-07-24T12:00:00Z,28.648023885670863,2008
2007-07-25T12:00:00Z,29.038033499714853,2008
2007-07-26T12:00:00Z,29.185944177894157,2008
2007-07-27T12:00:00Z,29.68215037336161,2008
2007-07-28T12:00:00Z,32.078784114240385,2008
2007-07-29T12:00:00Z,31.822061601626206,2008
2007-07-30T12:00:00Z,32.855526247350625,2008
2007-07-31T12:00:00Z,32.66597677778898,2008
2007-08-01T12:00:00Z,32.71465721656694,2008
2007-08-02T12:00:00Z,33.56114194717819,2008
2007-08-03T12:00:00Z,33.39981819615081,2008
2007-08-04T12:00:00Z,34.585765131519594,2008
2007-08-05T12:00:00Z,34.38321961309642,2008
2007-08-06T12:00:00Z,34.10764361943895,2008
2007-08-07T12:00:00Z,34.14221020008034,2008
2007-08-08T12:00:00Z,33.8876029290907,2008
2007-08-09T12:00:00Z,33.6851102832412,2008
2007-08-10T12:00:00Z,33.91687455660723,2008
2007-08-11T12:00:00Z,34.54440457504813,2008
2007-08-12T12:00:00Z,35.2251412083306,2008
2007-08-13T12:00:00Z,35.602624654054786,2008
2007-08-14T12:00:00Z,36.405735821372105,2008
2007-08-15T12:00:00Z,37.807561168430375,2008
2007-08-16T12:00:00Z,37.710083399122176,2008
2007-08-17T12:00:00Z,37.4918404861203,2008
2007-08-18T12:00:00Z,37.42908385791103,2008
2007-08-19T12:00:00Z,37.096082294924074,2008
2007-08-20T12:00:00Z,36.83175234002272,2008
2007-08-21T12:00:00Z,36.46471904349599,2008
2007-08-22T12:00:00Z,35.91132281966458,2008
2007-08-23T12:00:00Z,35.551516024309784,2008
2007-08-24T12:00:00Z,35.352603717842854,2008
2007-08-25T12:00:00Z,37.06465371583276,2008
2007-08-26T12:00:00Z,37.4519145533076,2008
2007-08-27T12:00:00Z,37.21656868882571,2008
2007-08-28T12:00:00Z,36.886412533014635,2008
2007-08-29T12:00:00Z,36.58554448549377,2008
2007-08-30T12:00:00Z,36.30396788607977,2008
2007-08-31T12:00:00Z,35.89302229123267,2008
2007-09-01T12:00:00Z,36.783113144369416,2008
2007-09-02T12:00:00Z,36.617778086991244,2008
2007-09-03T12:00:00Z,36.493227514165135,2008
2007-09-04T12:00:00Z,36.24013575351946,2008
2007-09-05T12:00:00Z,36.27240513124792,2008
2007-09-06T12:00:00Z,36.33501427232254,2008
2007-09-07T12:00:00Z,36.08886273206174,2008
2007-09-08T12:00:00Z,35.79360581130844,2008
2007-09-09T12:00:00Z,35.92000608438493,2008
2007-09-10T12:00:00Z,36.634105723563536,2008
2007-09-11T12:00:00Z,36.39421688187387,2008
2007-09-12T12:00:00Z,36.44367343877416,2008
2007-09-13T12:00:00Z,36.86649539446359,2008
2007-09-14T12:00:00Z,37.45202983176558,2008
2007-09-15T12:00:00Z,37.77334109822933,2008
2007-09-16T12:00:00Z,37.94885944304669,2008
2007-09-17T12:00:00Z,38.37359795573234,2008
2007-09-18T12:00:00Z,38.67743189261928,2008
2007-09-19T12:00:00Z,38.31608855688579,2008
2007-09-20T12:00:00Z,38.246921154862044,2008
2007-09-21T12:00:00Z,38.186372076170706,2008
2007-09-22T12:00:00Z,42.235368457466954,2008
2007-09-23T12:00:00Z,43.436956585275965,2008
2007-09-24T12:00:00Z,43.948103840077934,2008
2007-09-25T12:00:00Z,45.567607497482435,2008
2007-09-26T12:00:00Z,45.911212035546995,2008
2007-09-27T12:00:00Z,45.937198499326016,2008
2007-09-28T12:00:00Z,45.96752163315506,2008
2007-09-29T12:00:00Z,45.917940934975846,2008
2007-09-30T12:00:00Z,48.00029974092462,2008
2007-10-01T12:00:00Z,48.97210693359375,2008
2007-10-02T12:00:00Z,50.67130076563423,2008
2007-10-03T12:00:00Z,50.773937877524595,2008
2007-10-04T12:00:00Z,50.9751629958127,2008
2007-10-05T12:00:00Z,51.66277905002496,2008
2007-10-06T12:00:00Z,52.25406714463992,2008
2007-10-07T12:00:00Z,52.46267363119783,2008
2007-10-08T12:00:00Z,52.596765079967405,2008
2007-10-09T12:00:00Z,52.66556349298378,2008
2007-10-10T12:00:00Z,52.548486340024475,2008
2007-10-11T12:00:00Z,52.52026908613639,2008
2007-10-12T12:00:00Z,52.39446556260647,2008
2007-10-13T12:00:00Z,52.31072980426498,2008
2007-10-14T12:00:00Z,52.130284335131265,2008
2007-10-15T12:00:00Z,51.96545368508085,2008
2007-10-16T12:00:00Z,51.83082564090209,2008
2007-10-17T12:00:00Z,51.63023683562848,2008
2007-10-18T12:00:00Z,51.939662816643214,2008
2007-10-19T12:00:00Z,51.923283481426274,2008
2007-10-20T12:00:00Z,53.624873259143335,2008
2007-10-21T12:00:00Z,54.78114103055243,2008
2007-10-22T12:00:00Z,54.74530719466458,2008
2007-10-23T12:00:00Z,54.630450119997974,2008
2007-10-24T12:00:00Z,54.399306900857376,2008
2007-10-25T12:00:00Z,55.001579511215674,2008
2007-10-26T12:00:00Z,55.37249332054976,2008
2007-10-27T12:00:00Z,55.651712835228366,2008
2007-10-28T12:00:00Z,55.765263569447974,2008
2007-10-29T12:00:00Z,55.923108929849775,2008
2007-10-30T12:00:00Z,55.87301631394302,2008
2007-10-31T12:00:00Z,55.920140765853176,2008
2007-11-01T12:00:00Z,56.53093448998189,2008
2007-11-02T12:00:00Z,56.415586168349826,2008
2007-11-03T12:00:00Z,56.13261594812385,2008
2007-11-04T12:00:00Z,55.927470881708665,2008
2007-11-05T12:00:00Z,55.67092329596215,2008
2007-11-06T12:00:00Z,55.48880435323458,2008
2007-11-07T12:00:00Z,55.39417979898893,2008
2007-11-08T12:00:00Z,55.288544927733206,2008
2007-11-09T12:00:00Z,55.05969659339616,2008
2007-11-10T12:00:00Z,54.81512648886238,2008
2007-11-11T12:00:00Z,54.69401201317964,2008
2007-11-12T12:00:00Z,54.49010054251357,2008
2007-11-13T12:00:00Z,54.31793120898525,2008
2007-11-14T12:00:00Z,54.2098077134451,2008
2007-11-15T12:00:00Z,53.62884727665673,2008
2007-11-16T12:00:00Z,53.6007085318471,2008
2007-11-17T12:00:00Z,53.24861950980165,2008
2007-11-18T12:00:00Z,53.091948128776345,2008
2007-11-19T12:00:00Z,52.93855973983426,2008
2007-11-20T12:00:00Z,52.77111396034392,2008
2007-11-21T12:00:00Z,52.386271764506965,2008
2007-11-22T12:00:00Z,52.100814485235276,2008
2007-11-23T12:00:00Z,51.934899909666505,2008
2007-11-24T12:00:00Z,51.954179458297794,2008
2007-11-25T12:00:00Z,51.85657703511788,2008
2007-11-26T12:00:00Z,51.60613257597504,2008
2007-11-27T12:00:00Z,51.40503084838355,2008
2007-11-28T12:00:00Z,51.395433198211435,2008
2007-11-29T12:00:00Z,51.22792298534922,2008
2007-11-30T12:00:00Z,50.968129428618674,2008
2007-12-01T12:00:00Z,50.69595311742095,2008
2007-12-02T12:00:00Z,50.36758000877852,2008
2007-12-03T12:00:00Z,50.09919338077575,2008
2007-12-04T12:00:00Z,49.78520781363137,2008
2007-12-05T12:00:00Z,49.34193329562237,2008
2007-12-06T12:00:00Z,49.12204412907702,2008
2007-12-07T12:00:00Z,48.840504097666795,2008
2007-12-08T12:00:00Z,48.636951819535994,2008
2007-12-09T12:00:00Z,48.39978953900992,2008
2007-12-10T12:00:00Z,48.11322781677795,2008
2007-12-11T12:00:00Z,47.79057307663833,2008
2007-12-12T12:00:00Z,47.48545593463094,2008
2007-12-13T12:00:00Z,47.283130874588025,2008
2007-12-14T12:00:00Z,47.357117907473196,2008
2007-12-15T12:00:00Z,47.16295322402194,2008
2007-12-16T12:00:00Z,46.98481296019849,2008
2007-12-17T12:00:00Z,46.60226164453388,2008
2007-12-18T12:00:00Z,46.13881665500396,2008
2007-12-19T12:00:00Z,45.83566488759133,2008
2007-12-20T12:00:00Z,45.569671468385764,2008
2007-12-21T12:00:00Z,45.29399357631525,2008
2007-12-22T12:00:00Z,44.95618630256492,2008
2007-12-23T12:00:00Z,44.69364102414502,2008
2007-12-24T12:00:00Z,44.48089814486443,2008
2007-12-25T12:00:00Z,44.25204001176694,2008
2007-12-26T12:00:00Z,44.03975386868427,2008
2007-12-27T12:00:00Z,43.736493930461954,2008
2007-12-28T12:00:00Z,43.45922795497663,2008
2007-12-29T12:00:00Z,43.15884654795115,2008
2007-12-30T12:00:00Z,42.82308602290162,2008
2007-12-31T12:00:00Z,42.53445236855949,2008
2008-01-01T12:00:00Z,42.206325881125046,2008
2008-01-02T12:00:00Z,41.688069840713254,2008
2008-01-03T12:00:00Z,41.01658123041529,2008
2008-01-04T12:00:00Z,40.55929507991834,2008
2008-01-05T12:00:00Z,40.49666785850594,2008
2008-01-06T12:00:00Z,40.47224265397775,2008
2008-01-07T12:00:00Z,40.29295218684535,2008
2008-01-08T12:00:00Z,40.02849115922055,2008
2008-01-09T12:00:00Z,39.65840787149577,2008
2008-01-10T12:00:00Z,39.39789852011897,2008
2008-01-11T12:00:00Z,39.05151281145138,2008
2008-01-12T12:00:00Z,38.9987583881234,2008
2008-01-13T12:00:00Z,39.1975114887606,2008
2008-01-14T12:00:00Z,39.38576649446722,2008
2008-01-15T12:00:00Z,39.03672050700334,2008
2008-01-16T12:00:00Z,38.686534888456876,2008
2008-01-17T12:00:00Z,38.3237383155388,2008
2008-01-18T12:00:00Z,38.09310499350325,2008
2008-01-19T12:00:00Z,37.81229087587024,2008
2008-01-20T12:00:00Z,38.508636344172814,2008
2008-01-21T12:00:00Z,38.263338165649344,2008
2008-01-22T12:00:00Z,37.99410930420727,2008
2008-01-23T12:00:00Z,37.8465582808121,2008
2008-01-24T12:00:00Z,37.83827045854867,2008
2008-01-25T12:00:00Z,37.563986837184565,2008
2008-01-26T12:00:00Z,37.16680987380405,2008
2008-01-27T12:00:00Z,36.91896085275743,2008
2008-01-28T12:00:00Z,36.388699587047924,2008
2008-01-29T12:00:00Z,35.97740970375871,2008
2008-01-30T12:00:00Z,35.60444231954391,2008
2008-01-31T12:00:00Z,35.21463015212509,2008
2008-02-01T12:00:00Z,34.82250695322971,2008
2008-02-02T12:00:00Z,34.535423381784824,2008
2008-02-03T12:00:00Z,34.19454235449907,2008
2008-02-04T12:00:00Z,33.85275602884184,2008
2008-02-05T12:00:00Z,33.47153004701794,2008
2008-02-06T12:00:00Z,33.055272128100015,2008
2008-02-07T12:00:00Z,32.660695630344144,2008
2008-02-08T12:00:00Z,32.277314568824515,2008
2008-02-09T12:00:00Z,32.01441767463158,2008
2008-02-10T12:00:00Z,32.09488930842372,2008
2008-02-11T12:00:00Z,31.576624315944915,2008
2008-02-12T12:00:00Z,31.18027524027055,2008
2008-02-13T12:00:00Z,40.08889583091072,2008
2008-02-14T12:00:00Z,41.20272322107234,2008
2008-02-15T12:00:00Z,40.82894562902605,2008
2008-02-16T12:00:00Z,40.756733263332684,2008
2008-02-17T12:00:00Z,40.616789126153044,2008
2008-02-18T12:00:00Z,40.53474429930908,2008
2008-02-19T12:00:00Z,40.52454516039541,2008
2008-02-20T12:00:00Z,40.39424488225524,2008
2008-02-21T12:00:00Z,40.41386242176003,2008
2008-02-22T12:00:00Z,40.394156471440084,2008
2008-02-23T12:00:00Z,40.259350582733795,2008
2008-02-24T12:00:00Z,40.10710088893476,2008
2008-02-25T12:00:00Z,39.91901592673409,2008
2008-02-26T12:00:00Z,39.67048050274589,2008
2008-02-27T12:00:00Z,39.52487519006208,2008
2008-02-28T12:00:00Z,39.09012660968783,2008
2008-02-29T12:00:00Z,38.77154000962503,2008
2008-03-01T12:00:00Z,38.57002053721336,2008
2008-03-02T12:00:00Z,38.34464528221675,2008
2008-03-03T12:00:00Z,38.09851430974181,2008
2008-03-04T12:00:00Z,37.809357883977405,2008
2008-03-05T12:00:00Z,38.06328672925083,2008
2008-03-06T12:00:00Z,38.11431086127745,2008
2008-03-07T12:00:00Z,38.640349071756695,2008
2008-03-08T12:00:00Z,39.08229524901905,2008
2008-03-09T12:00:00Z,38.76446135714874,2008
2008-03-10T12:00:00Z,38.57706960118596,2008
2008-03-11T12:00:00Z,38.39693343374782,2008
2008-03-12T12:00:00Z,38.55793628566767,2008
2008-03-13T12:00:00Z,38.263493675776566,2008
2008-03-14T12:00:00Z,37.976272161949446,2008
2008-03-15T12:00:00Z,37.876258621261584,2008
2008-03-16T12:00:00Z,37.586626774834244,2008
2008-03-17T12:00:00Z,37.337539940589764,2008
2008-03-18T12:00:00Z,36.85774191139555,2008
2008-03-19T12:00:00Z,36.47867489490383,2008
2008-03-20T12:00:00Z,36.19773113706116,2008
2008-03-21T12:00:00Z,35.87402150612358,2008
2008-03-22T12:00:00Z,35.68082803727341,2008
2008-03-23T12:00:00Z,38.04926797309606,2008
2008-03-24T12:00:00Z,38.63220642309526,2008
2008-03-25T12:00:00Z,38.28806111565162,2008
2008-03-26T12:00:00Z,38.244486384858035,2008
2008-03-27T12:00:00Z,38.07631115607323,2008
2008-03-28T12:00:00Z,37.839831639995246,2008
2008-03-29T12:00:00Z,37.60538197993946,2008
2008-03-30T12:00:00Z,37.38215462605111,2008
2008-03-31T12:00:00Z,37.18664574580201,2008
2008-04-01T12:00:00Z,36.881654175298976,2008
2008-04-02T12:00:00Z,37.010058187337144,2008
2008-04-03T12:00:00Z,36.967299444774135,2008
2008-04-04T12:00:00Z,36.63206372778789,2008
2008-04-05T12:00:00Z,36.265006385167055,2008
2008-04-06T12:00:00Z,38.6142550710439,2008
2008-04-07T12:00:00Z,44.7908942823862,2008
2008-04-08T12:00:00Z,45.121692341676926,2008
2008-04-09T12:00:00Z,45.23962995029168,2008
2008-04-10T12:00:00Z,45.27859328189294,2008
2008-04-11T12:00:00Z,45.30266029847619,2008
2008-04-12T12:00:00Z,45.33800943439852,2008
2008-04-13T12:00:00Z,45.79180607512531,2008
2008-04-14T12:00:00Z,45.6495539797375,2008
2008-04-15T12:00:00Z,45.316303603293015,2008
2008-04-16T12:00:00Z,44.98040120216923,2008
2008-04-17T12:00:00Z,44.731131621728636,2008
2008-04-18T12:00:00Z,44.55836816340345,2008
2008-04-19T12:00:00Z,44.43697981213694,2008
2008-04-20T12:00:00Z,44.34124174844597,2008
2008-04-21T12:00:00Z,44.197626030366436,2008
2008-04-22T12:00:00Z,43.92931249031566,2008
2008-04-23T12:00:00Z,43.56706817892403,2008
2008-04-24T12:00:00Z,43.26716584707351,2008
2008-04-25T12:00:00Z,42.79044978205287,2008
2008-04-26T12:00:00Z,42.392142405106625,2008
2008-04-27T12:00:00Z,42.02756010077282,2008
2008-04-28T12:00:00Z,41.62796097396732,2008
2008-04-29T12:00:00Z,41.42999443553062,2008
2008-04-30T12:00:00Z,41.890923040672625,2008
2008-05-01T12:00:00Z,41.259092748558444,2008
2008-05-02T12:00:00Z,40.6203404193734,2008
2008-05-03T12:00:00Z,40.18963291463412,2008
2008-05-04T12:00:00Z,39.69647673324832,2008
2008-05-05T12:00:00Z,39.180090224020624,2008
2008-05-06T12:00:00Z,38.535087152949046,2008
2008-05-07T12:00:00Z,37.95128494290156,2008
2008-05-08T12:00:00Z,37.36403054624671,2008
2008-05-09T12:00:00Z,37.635716457172435,2008
2008-05-10T12:00:00Z,37.05407274105482,2008
2008-05-11T12:00:00Z,36.457966367999596,2008
2008-05-12T12:00:00Z,35.782221242061404,2008
2008-05-13T12:00:00Z,35.03960602227699,2008
2008-05-14T12:00:00Z,34.34205070454415,2008
2008-05-15T12:00:00Z,33.56837084655213,2008
2008-05-16T12:00:00Z,32.90208900282322,2008
2008-05-17T12:00:00Z,32.224299382219506,2008
2008-05-18T12:00:00Z,31.474422253458243,2008
2008-05-19T12:00:00Z,30.63376678302035,2008
2008-05-20T12:00:00Z,29.762460133095452,2008
2008-05-21T12:00:00Z,28.97714502051982,2008
2008-05-22T12:00:00Z,28.504722828627635,2008
2008-05-23T12:00:00Z,28.531215061309027,2008
2008-05-24T12:00:00Z,31.316122930351675,2008
2008-05-25T12:00:00Z,30.78284230772864,2008
2008-05-26T12:00:00Z,30.063607168397862,2008
2008-05-27T12:00:00Z,29.23315589415076,2008
2008-05-28T12:00:00Z,28.511841495378903,2008
2008-05-29T12:00:00Z,27.883619259271924,2008
2008-05-30T12:00:00Z,27.74000552062439,2008
2008-06-01T12:00:00Z,27.200434743678706,2009
2008-06-02T12:00:00Z,26.691331651729957,2009
2008-06-03T12:00:00Z,26.2064446012775,2009
2008-06-04T12:00:00Z,25.548148685539992,2009
2008-06-05T12:00:00Z,24.731746813173988,2009
2008-06-06T12:00:00Z,24.03436345659335,2009
2008-06-07T12:00:00Z,23.194457325881014,2009
2008-06-08T12:00:00Z,22.390473119212828,2009
2008-06-09T12:00:00Z,21.938760639595714,2009
2008-06-10T12:00:00Z,21.936315839706815,2009
2008-06-11T12:00:00Z,22.33841739647676,2009
2008-06-12T12:00:00Z,22.22251676983939,2009
2008-06-13T12:00:00Z,23.637054246560357,2009
2008-06-14T12:00:00Z,24.201764155378154,2009
2008-06-15T12:00:00Z,25.399897828814364,2009
2008-06-16T12:00:00Z,25.655066670381743,2009
2008-06-17T12:00:00Z,25.98241904429783,2009
2008-06-18T12:00:00Z,27.3126247362527,2009
2008-06-19T12:00:00Z,34.32606501770935,2009
2008-06-20T12:00:00Z,34.75010273137633,2009
2008-06-21T12:00:00Z,36.14826996453736,2009
2008-06-22T12:00:00Z,38.09549820916554,2009
2008-06-23T12:00:00Z,40.83823996385415,2009
2008-06-24T12:00:00Z,43.47721473771652,2009
2008-06-25T12:00:00Z,43.526246460455226,2009
2008-06-26T12:00:00Z,43.47490226228436,2009
2008-06-27T12:00:00Z,43.42034637734928,2009
2008-06-28T12:00:00Z,43.139905024518775,2009
2008-06-29T12:00:00Z,42.84389354657755,2009
2008-06-30T12:00:00Z,42.55111224306653,2009
2008-07-01T12:00:00Z,43.61857964939605,2009
2008-07-02T12:00:00Z,44.58925828664833,2009
2008-07-03T12:00:00Z,44.7723473249686,2009
2008-07-04T12:00:00Z,45.9344588304324,2009
2008-07-05T12:00:00Z,47.977673409867585,2009
2008-07-06T12:00:00Z,49.181749534950185,2009
2008-07-07T12:00:00Z,49.449399171221664,2009
2008-07-08T12:00:00Z,50.82377787671836,2009
2008-07-09T12:00:00Z,50.80806975888147,2009
2008-07-10T12:00:00Z,50.72552525017458,2009
2008-07-11T12:00:00Z,50.70344815085445,2009
2008-07-12T12:00:00Z,51.04767185753523,2009
2008-07-13T12:00:00Z,51.711662745575886,2009
2008-07-14T12:00:00Z,52.217873509801215,2009
2008-07-15T12:00:00Z,54.40505328347172,2009
2008-07-16T12:00:00Z,55.541518682194955,2009
2008-07-17T12:00:00Z,55.62433484677576,2009
2008-07-18T12:00:00Z,56.18436816329361,2009
2008-07-19T12:00:00Z,56.7361831962526,2009
2008-07-20T12:00:00Z,56.697995660114806,2009
2008-07-21T12:00:00Z,56.58105122749864,2009
2008-07-22T12:00:00Z,56.46496471503429,2009
2008-07-23T12:00:00Z,56.84742172735497,2009
2008-07-24T12:00:00Z,57.83980036954645,2009
2008-07-25T12:00:00Z,58.60960657981319,2009
2008-07-26T12:00:00Z,59.24614673241499,2009
2008-07-27T12:00:00Z,59.42473432956231,2009
2008-07-28T12:00:00Z,61.68827810899612,2009
2008-07-29T12:00:00Z,62.037086155004104,2009
2008-07-30T12:00:00Z,62.198463073803694,2009
2008-07-31T12:00:00Z,62.4248654114392,2009
2008-08-01T12:00:00Z,62.56510589819292,2009
2008-08-02T12:00:00Z,62.63269138164554,2009
2008-08-03T12:00:00Z,62.999412607560274,2009
2008-08-04T12:00:00Z,64.00327374939441,2009
2008-08-05T12:00:00Z,65.62355020679824,2009
2008-08-06T12:00:00Z,66.24421238112608,2009
2008-08-07T12:00:00Z,66.29302630227129,2009
2008-08-08T12:00:00Z,66.0491691662583,2009
2008-08-09T12:00:00Z,66.15636680708292,2009
2008-08-10T12:00:00Z,66.507850587475275,2009
2008-08-11T12:00:00Z,67.25018602084026,2009
2008-08-12T12:00:00Z,68.01168078380783,2009
2008-08-13T12:00:00Z,68.06952196749371,2009
2008-08-14T12:00:00Z,67.95479964065781,2009
2008-08-15T12:00:00Z,68.2419135672072,2009
2008-08-16T12:00:00Z,68.22635935077999,2009
2008-08-17T12:00:00Z,67.9848563543822,2009
2008-08-18T12:00:00Z,70.72605288436331,2009
2008-08-19T12:00:00Z,81.41055389157154,2009
2008-08-20T12:00:00Z,82.42903791220516,2009
2008-08-21T12:00:00Z,83.39950549395125,2009
2008-08-22T12:00:00Z,85.20457232177222,2009
2008-08-23T12:00:00Z,86.52854676409689,2009
2008-08-24T12:00:00Z,88.46500293981121,2009
2008-08-25T12:00:00Z,89.15658109604276,2009
2008-08-26T12:00:00Z,90.15612073050478,2009
2008-08-27T12:00:00Z,91.13183289626865,2009
2008-08-28T12:00:00Z,92.17235913474043,2009
2008-08-29T12:00:00Z,92.09076720422517,2009
2008-08-30T12:00:00Z,92.28313041233916,2009
2008-08-31T12:00:00Z,96.00464387789556,2009
2008-09-01T12:00:00Z,96.46550427844728,2009
2008-09-02T12:00:00Z,96.45112585835494,2009
2008-09-03T12:00:00Z,96.71929180829484,2009
2008-09-04T12:00:00Z,96.77188349485255,2009
2008-09-05T12:00:00Z,97.67764826169898,2009
2008-09-06T12:00:00Z,97.83661595088819,2009
2008-09-07T12:00:00Z,98.03703879966804,2009
2008-09-08T12:00:00Z,98.2631023226202,2009
2008-09-09T12:00:00Z,98.63538526959525,2009
2008-09-10T12:00:00Z,100.75321574860443,2009
2008-09-11T12:00:00Z,101.02416053730782,2009
2008-09-12T12:00:00Z,101.10117078985937,2009
2008-09-13T12:00:00Z,101.20437685000232,2009
2008-09-14T12:00:00Z,101.19648704460158,2009
2008-09-15T12:00:00Z,101.2735179564734,2009
2008-09-16T12:00:00Z,101.72193198613085,2009
2008-09-17T12:00:00Z,101.65461981532526,2009
2008-09-18T12:00:00Z,101.91666510524189,2009
2008-09-19T12:00:00Z,103.55277261579545,2009
2008-09-20T12:00:00Z,103.32944905693545,2009
2008-09-21T12:00:00Z,103.20757596908963,2009
2008-09-22T12:00:00Z,103.11100959663413,2009
2008-09-23T12:00:00Z,103.20371443365745,2009
2008-09-24T12:00:00Z,103.3909318028057,2009
2008-09-25T12:00:00Z,103.09092820641804,2009
2008-09-26T12:00:00Z,102.62790933253169,2009
2008-09-27T12:00:00Z,102.48688588774554,2009
2008-09-28T12:00:00Z,102.712740236224,2009
2008-09-29T12:00:00Z,105.50765753907935,2009
2008-09-30T12:00:00Z,106.79664717309834,2009
2008-10-01T12:00:00Z,108.59756662635368,2009
2008-10-02T12:00:00Z,108.02693896874311,2009
2008-10-03T12:00:00Z,107.36205114400093,2009
2008-10-04T12:00:00Z,107.11505687830329,2009
2008-10-05T12:00:00Z,108.4725060992135,2009
2008-10-06T12:00:00Z,108.35669182157831,2009
2008-10-07T12:00:00Z,108.07139381678718,2009
2008-10-08T12:00:00Z,107.56052003939422,2009
2008-10-09T12:00:00Z,107.25074582480354,2009
2008-10-10T12:00:00Z,108.07497947203161,2009
2008-10-11T12:00:00Z,107.56214857873762,2009
2008-10-12T12:00:00Z,107.09562057238821,2009
2008-10-13T12:00:00Z,106.74253865581254,2009
2008-10-14T12:00:00Z,107.08712380219879,2009
2008-10-15T12:00:00Z,106.38999094330914,2009
2008-10-16T12:00:00Z,105.57010398228581,2009
2008-10-17T12:00:00Z,104.71510676273559,2009
2008-10-18T12:00:00Z,103.99973663485687,2009
2008-10-19T12:00:00Z,103.22551008063158,2009
2008-10-20T12:00:00Z,102.25876342599523,2009
2008-10-21T12:00:00Z,101.3720808778613,2009
2008-10-22T12:00:00Z,100.57725067459042,2009
2008-10-23T12:00:00Z,100.39779039965322,2009
2008-10-24T12:00:00Z,100.73315500855517,2009
2008-10-25T12:00:00Z,100.39354387957248,2009
2008-10-26T12:00:00Z,101.20198589752874,2009
2008-10-27T12:00:00Z,100.42645065271003,2009
2008-10-28T12:00:00Z,99.1761237466557,2009
2008-10-29T12:00:00Z,0,2009
2008-10-30T12:00:00Z,0,2009
2008-10-31T12:00:00Z,0,2009
2008-11-01T12:00:00Z,0,2009
2008-11-02T12:00:00Z,0,2009
2008-11-03T12:00:00Z,0,2009
2008-11-04T12:00:00Z,0,2009
2008-11-05T12:00:00Z,0,2009
2008-11-06T12:00:00Z,0,2009
2008-11-07T12:00:00Z,0,2009
2008-11-08T12:00:00Z,0,2009
2008-11-09T12:00:00Z,0,2009
2008-11-10T12:00:00Z,0,2009
2008-11-11T12:00:00Z,0,2009
2008-11-12T12:00:00Z,0,2009
2008-11-13T12:00:00Z,0,2009
2008-11-14T12:00:00Z,0,2009
2008-11-15T12:00:00Z,0,2009
2008-11-16T12:00:00Z,0,2009
2008-11-17T12:00:00Z,0,2009
2008-11-18T12:00:00Z,0,2009
2008-11-19T12:00:00Z,0,2009
2008-11-20T12:00:00Z,0,2009
2008-11-21T12:00:00Z,0,2009
2008-11-22T12:00:00Z,0,2009
2008-11-23T12:00:00Z,0,2009
2008-11-24T12:00:00Z,0,2009
2008-11-25T12:00:00Z,0,2009
2008-11-26T12:00:00Z,0,2009
2008-11-27T12:00:00Z,0,2009
2008-11-28T12:00:00Z,0,2009
2008-11-29T12:00:00Z,0,2009
2008-11-30T12:00:00Z,0,2009
2008-12-01T12:00:00Z,0,2009
2008-12-02T12:00:00Z,0,2009
2008-12-03T12:00:00Z,0,2009
2008-12-04T12:00:00Z,0,2009
2008-12-05T12:00:00Z,0,2009
2008-12-06T12:00:00Z,0,2009
2008-12-07T12:00:00Z,0,2009
2008-12-08T12:00:00Z,0,2009
2008-12-09T12:00:00Z,0,2009
2008-12-10T12:00:00Z,0,2009
2008-12-11T12:00:00Z,0,2009
2008-12-12T12:00:00Z,0,2009
2008-12-13T12:00:00Z,0,2009
2008-12-14T12:00:00Z,0,2009
2008-12-15T12:00:00Z,0,2009
2008-12-16T12:00:00Z,0,2009
2008-12-17T12:00:00Z,0,2009
2008-12-18T12:00:00Z,0,2009
2008-12-19T12:00:00Z,0,2009
2008-12-20T12:00:00Z,0,2009
2008-12-21T12:00:00Z,0,2009
2008-12-22T12:00:00Z,0,2009
2008-12-23T12:00:00Z,0,2009
2008-12-24T12:00:00Z,0,2009
2008-12-25T12:00:00Z,0,2009
2008-12-26T12:00:00Z,0,2009
2008-12-27T12:00:00Z,0,2009
2008-12-28T12:00:00Z,0,2009
2008-12-29T12:00:00Z,0,2009
2008-12-30T12:00:00Z,0,2009
2008-12-31T12:00:00Z,0,2009
2009-01-01T12:00:00Z,63.255869109686365,2009
2009-01-02T12:00:00Z,62.915134615288856,2009
2009-01-03T12:00:00Z,62.55510016465945,2009
2009-01-04T12:00:00Z,62.26454315231314,2009
2009-01-05T12:00:00Z,62.154872191760376,2009
2009-01-06T12:00:00Z,61.810926827543426,2009
2009-01-07T12:00:00Z,61.46832344727954,2009
2009-01-08T12:00:00Z,61.21343564386488,2009
2009-01-09T12:00:00Z,60.88604020300066,2009
2009-01-10T12:00:00Z,60.46252646443367,2009
2009-01-11T12:00:00Z,60.10260689866421,2009
2009-01-12T12:00:00Z,59.75197237240174,2009
2009-01-13T12:00:00Z,59.54338916991382,2009
2009-01-14T12:00:00Z,59.20690384551874,2009
2009-01-15T12:00:00Z,58.827836961751935,2009
2009-01-16T12:00:00Z,58.41929637906647,2009
2009-01-17T12:00:00Z,57.90262393917091,2009
2009-01-18T12:00:00Z,57.50310123217056,2009
2009-01-19T12:00:00Z,57.18732042547179,2009
2009-01-20T12:00:00Z,56.901043615587184,2009
2009-01-21T12:00:00Z,56.37565259698915,2009
2009-01-22T12:00:00Z,55.93297426330164,2009
2009-01-23T12:00:00Z,55.655544088783564,2009
2009-01-24T12:00:00Z,55.338514315416944,2009
2009-01-25T12:00:00Z,55.06791343757616,2009
2009-01-26T12:00:00Z,54.727437546243195,2009
2009-01-27T12:00:00Z,54.34524364734597,2009
2009-01-28T12:00:00Z,53.98913526163176,2009
2009-01-29T12:00:00Z,53.61348446558247,2009
2009-01-30T12:00:00Z,53.31453147389321,2009
2009-01-31T12:00:00Z,52.89100205776716,2009
2009-02-01T12:00:00Z,52.31387378301317,2009
2009-02-02T12:00:00Z,52.06248910969149,2009
2009-02-03T12:00:00Z,53.44280152758511,2009
2009-02-04T12:00:00Z,52.936771390533906,2009
2009-02-05T12:00:00Z,52.38918042426061,2009
2009-02-06T12:00:00Z,51.95100394136261,2009
2009-02-07T12:00:00Z,51.59058154036917,2009
2009-02-08T12:00:00Z,51.27206228447304,2009
2009-02-09T12:00:00Z,50.902713734444276,2009
2009-02-10T12:00:00Z,50.42333399698845,2009
2009-02-11T12:00:00Z,50.046802275897356,2009
2009-02-12T12:00:00Z,49.62069535784615,2009
2009-02-13T12:00:00Z,49.43950963606717,2009
2009-02-14T12:00:00Z,49.114455279720424,2009
2009-02-15T12:00:00Z,48.63081758953385,2009
2009-02-16T12:00:00Z,48.25622625871554,2009
2009-02-17T12:00:00Z,47.63062474480201,2009
2009-02-18T12:00:00Z,47.00596955727873,2009
2009-02-19T12:00:00Z,46.61446611053156,2009
2009-02-20T12:00:00Z,46.06641351096846,2009
2009-02-21T12:00:00Z,45.438954694870354,2009
2009-02-22T12:00:00Z,45.00580512712155,2009
2009-02-23T12:00:00Z,44.61922818454497,2009
2009-02-24T12:00:00Z,44.19429667380733,2009
2009-02-25T12:00:00Z,43.648217849411076,2009
2009-02-26T12:00:00Z,43.088008157493256,2009
2009-02-27T12:00:00Z,42.5638664762775,2009
2009-02-28T12:00:00Z,42.14659494630005,2009
2009-03-01T12:00:00Z,41.593926901722924,2009
2009-03-02T12:00:00Z,40.82760780531272,2009
2009-03-03T12:00:00Z,40.17614424579074,2009
2009-03-04T12:00:00Z,39.59510529763554,2009
2009-03-05T12:00:00Z,39.102925147850065,2009
2009-03-06T12:00:00Z,38.58991121544978,2009
2009-03-07T12:00:00Z,38.06227968807484,2009
2009-03-08T12:00:00Z,37.63449632842597,2009
2009-03-09T12:00:00Z,37.175951087553486,2009
2009-03-10T12:00:00Z,36.67734154127427,2009
2009-03-11T12:00:00Z,36.14053888441062,2009
2009-03-12T12:00:00Z,35.627046149150296,2009
2009-03-13T12:00:00Z,35.1492799371034,2009
2009-03-14T12:00:00Z,34.59765593420622,2009
2009-03-15T12:00:00Z,34.097944219597245,2009
2009-03-16T12:00:00Z,33.57509901828228,2009
2009-03-17T12:00:00Z,33.19998807855617,2009
2009-03-18T12:00:00Z,33.27760945384776,2009
2009-03-19T12:00:00Z,35.06025573831157,2009
2009-03-20T12:00:00Z,35.06122517943311,2009
2009-03-21T12:00:00Z,34.726491348001154,2009
2009-03-22T12:00:00Z,34.90327935770878,2009
2009-03-23T12:00:00Z,34.340107314230515,2009
2009-03-24T12:00:00Z,33.7492390148069,2009
2009-03-25T12:00:00Z,33.177531603359505,2009
2009-03-26T12:00:00Z,32.551461247820015,2009
2009-03-27T12:00:00Z,32.00705443933186,2009
2009-03-28T12:00:00Z,31.54323685662648,2009
2009-03-29T12:00:00Z,31.19287515559022,2009
2009-03-30T12:00:00Z,30.94711019725376,2009
2009-03-31T12:00:00Z,30.496596695065282,2009
2009-04-01T12:00:00Z,29.957087008196506,2009
2009-04-02T12:00:00Z,29.329076154831288,2009
2009-04-03T12:00:00Z,28.650295580227215,2009
2009-04-04T12:00:00Z,28.24630208922205,2009
2009-04-05T12:00:00Z,27.722020779102237,2009
2009-04-06T12:00:00Z,27.114664207051167,2009
2009-04-07T12:00:00Z,26.254437925433713,2009
2009-04-08T12:00:00Z,25.5296442435756,2009
2009-04-09T12:00:00Z,24.834046089799376,2009
2009-04-10T12:00:00Z,24.166878883897294,2009
2009-04-11T12:00:00Z,23.625260900578674,2009
2009-04-12T12:00:00Z,23.156131714636075,2009
2009-04-13T12:00:00Z,22.45761555544116,2009
2009-04-14T12:00:00Z,21.871343396420812,2009
2009-04-15T12:00:00Z,21.14830539980261,2009
2009-04-16T12:00:00Z,20.36245775823473,2009
2009-04-17T12:00:00Z,19.501810054401474,2009
2009-04-18T12:00:00Z,18.69324134135575,2009
2009-04-19T12:00:00Z,17.814389565781912,2009
2009-04-20T12:00:00Z,17.07580935976501,2009
2009-04-21T12:00:00Z,17.920946907267716,2009
2009-04-22T12:00:00Z,17.76544489457211,2009
2009-04-23T12:00:00Z,17.141909260054728,2009
2009-04-24T12:00:00Z,16.35452465476143,2009
2009-04-25T12:00:00Z,15.164604743083366,2009
2009-04-26T12:00:00Z,14.844709358604353,2009
2009-04-27T12:00:00Z,14.359977408662555,2009
2009-04-28T12:00:00Z,14.114047624282517,2009
2009-04-29T12:00:00Z,13.642258521104617,2009
2009-04-30T12:00:00Z,13.124224163346042,2009
2009-05-01T12:00:00Z,12.541435223392334,2009
2009-05-02T12:00:00Z,12.01896108891625,2009
2009-05-03T12:00:00Z,11.476142688790123,2009
2009-05-04T12:00:00Z,11.090521466324411,2009
2009-05-05T12:00:00Z,11.372123839544836,2009
2009-05-06T12:00:00Z,11.28682497753379,2009
2009-05-07T12:00:00Z,11.065012150920646,2009
2009-05-08T12:00:00Z,10.80498028888485,2009
2009-05-09T12:00:00Z,10.52787332014188,2009
2009-05-10T12:00:00Z,10.252197483019266,2009
2009-05-11T12:00:00Z,9.87644490068661,2009
2009-05-12T12:00:00Z,9.612963266263984,2009
2009-05-13T12:00:00Z,9.73318759709972,2009
2009-05-14T12:00:00Z,9.813468615023334,2009
2009-05-15T12:00:00Z,9.962290305610752,2009
2009-05-16T12:00:00Z,9.810500396106082,2009
2009-05-17T12:00:00Z,9.626446639840733,2009
2009-05-18T12:00:00Z,9.448439300024516,2009
2009-05-19T12:00:00Z,13.004884137460838,2009
2009-05-20T12:00:00Z,15.003176143946016,2009
2009-05-21T12:00:00Z,15.09334186400635,2009
2009-05-22T12:00:00Z,15.100625718362187,2009
2009-05-23T12:00:00Z,15.922004269495222,2009
2009-05-24T12:00:00Z,16.659440981676713,2009
2009-05-25T12:00:00Z,16.62153032345191,2009
2009-05-26T12:00:00Z,17.816333203238504,2009
2009-05-27T12:00:00Z,18.524654617263803,2009
2009-05-28T12:00:00Z,19.52428369459165,2009
2009-05-29T12:00:00Z,20.79503721753208,2009
2009-05-30T12:00:00Z,23.246230973836973,2009
2009-06-01T12:00:00Z,26.045631761098953,2010
2009-06-02T12:00:00Z,28.34853857323018,2010
2009-06-03T12:00:00Z,30.088458298635683,2010
2009-06-04T12:00:00Z,30.588656033594308,2010
2009-06-05T12:00:00Z,30.588224352657544,2010
2009-06-06T12:00:00Z,31.97313238234311,2010
2009-06-07T12:00:00Z,33.851651723183195,2010
2009-06-08T12:00:00Z,34.04712630090559,2010
2009-06-09T12:00:00Z,35.72779032679182,2010
2009-06-10T12:00:00Z,37.407193822923645,2010
2009-06-11T12:00:00Z,37.36240365223464,2010
2009-06-12T12:00:00Z,37.24205883005528,2010
2009-06-13T12:00:00Z,37.26637764640675,2010
2009-06-14T12:00:00Z,38.261137883964956,2010
2009-06-15T12:00:00Z,38.0619327931899,2010
2009-06-16T12:00:00Z,38.02650090328004,2010
2009-06-17T12:00:00Z,40.519837432659955,2010
2009-06-18T12:00:00Z,40.47396205725896,2010
2009-06-19T12:00:00Z,41.065947120176794,2010
2009-06-20T12:00:00Z,41.01007781231839,2010
2009-06-21T12:00:00Z,41.34516287965551,2010
2009-06-22T12:00:00Z,41.209407875047305,2010
2009-06-23T12:00:00Z,42.18873276278582,2010
2009-06-24T12:00:00Z,43.37815121454469,2010
2009-06-25T12:00:00Z,43.31960782907505,2010
2009-06-26T12:00:00Z,43.67212825745398,2010
2009-06-27T12:00:00Z,44.59442289474844,2010
2009-06-28T12:00:00Z,44.605737284549924,2010
2009-06-29T12:00:00Z,45.630866725214524,2010
2009-06-30T12:00:00Z,49.62867492190649,2010
2009-07-01T12:00:00Z,52.018181986771594,2010
2009-07-02T12:00:00Z,55.808319050606386,2010
2009-07-03T12:00:00Z,56.824341994241536,2010
2009-07-04T12:00:00Z,57.529377409277664,2010
2009-07-05T12:00:00Z,58.02405176237092,2010
2009-07-06T12:00:00Z,58.57451643368836,2010
2009-07-07T12:00:00Z,58.790499331926824,2010
2009-07-08T12:00:00Z,58.92478298926396,2010
2009-07-09T12:00:00Z,59.296574664101605,2010
2009-07-10T12:00:00Z,60.458246937038375,2010
2009-07-11T12:00:00Z,60.66545675239952,2010
2009-07-12T12:00:00Z,60.77585128573651,2010
2009-07-13T12:00:00Z,60.90011879292232,2010
2009-07-14T12:00:00Z,61.16462587151759,2010
2009-07-15T12:00:00Z,61.51097280391334,2010
2009-07-16T12:00:00Z,61.50385260396041,2010
2009-07-17T12:00:00Z,61.04234473463583,2010
2009-07-18T12:00:00Z,60.83256089108106,2010
2009-07-19T12:00:00Z,60.64650326312911,2010
2009-07-20T12:00:00Z,62.29214075702926,2010
2009-07-21T12:00:00Z,62.274913421704085,2010
2009-07-22T12:00:00Z,62.29286250370165,2010
2009-07-23T12:00:00Z,62.60743899193794,2010
2009-07-24T12:00:00Z,62.51996400875465,2010
2009-07-25T12:00:00Z,63.487442279763044,2010
2009-07-26T12:00:00Z,63.53415554300639,2010
2009-07-27T12:00:00Z,63.80559530412643,2010
2009-07-28T12:00:00Z,63.62143486906256,2010
2009-07-29T12:00:00Z,63.523336292671885,2010
2009-07-30T12:00:00Z,64.1758491571034,2010
2009-07-31T12:00:00Z,64.07174099085212,2010
2009-08-01T12:00:00Z,63.68573001479416,2010
2009-08-02T12:00:00Z,63.30356146864499,2010
2009-08-03T12:00:00Z,62.80686935122741,2010
2009-08-04T12:00:00Z,62.24424786673524,2010
2009-08-05T12:00:00Z,61.712452683108395,2010
2009-08-06T12:00:00Z,63.39236228910834,2010
2009-08-07T12:00:00Z,63.5215286433375,2010
2009-08-08T12:00:00Z,63.25518794937912,2010
2009-08-09T12:00:00Z,62.7600334799068,2010
2009-08-10T12:00:00Z,63.18190948907387,2010
2009-08-11T12:00:00Z,63.731385252185405,2010
2009-08-12T12:00:00Z,63.676049571732385,2010
2009-08-13T12:00:00Z,63.58960559572656,2010
2009-08-14T12:00:00Z,63.2690889075908,2010
2009-08-15T12:00:00Z,63.358486253341376,2010
2009-08-16T12:00:00Z,65.46279265570226,2010
2009-08-17T12:00:00Z,65.22501488166722,2010
2009-08-18T12:00:00Z,65.0605709851682,2010
2009-08-19T12:00:00Z,65.1476830457883,2010
2009-08-20T12:00:00Z,64.82251929207054,2010
2009-08-21T12:00:00Z,64.23903587355039,2010
2009-08-22T12:00:00Z,64.04263855099464,2010
2009-08-23T12:00:00Z,64.56726891392351,2010
2009-08-24T12:00:00Z,65.70935641210382,2010
2009-08-25T12:00:00Z,66.29829101470966,2010
2009-08-26T12:00:00Z,66.16792294388412,2010
2009-08-27T12:00:00Z,65.93149081060253,2010
2009-08-28T12:00:00Z,66.37812277708643,2010
2009-08-29T12:00:00Z,66.04619902740643,2010
2009-08-30T12:00:00Z,65.53739895789153,2010
2009-08-31T12:00:00Z,65.28557587814102,2010
2009-09-01T12:00:00Z,65.22453171261499,2010
2009-09-02T12:00:00Z,66.89687615379145,2010
2009-09-03T12:00:00Z,66.85560516604565,2010
2009-09-04T12:00:00Z,67.39137233283324,2010
2009-09-05T12:00:00Z,70.7619134597458,2010
2009-09-06T12:00:00Z,71.07262995490501,2010
2009-09-07T12:00:00Z,70.91358245913683,2010
2009-09-08T12:00:00Z,71.13993812794448,2010
2009-09-09T12:00:00Z,71.28610564279356,2010
2009-09-10T12:00:00Z,71.76956914067625,2010
2009-09-11T12:00:00Z,73.7280449458204,2010
2009-09-12T12:00:00Z,74.46238440071384,2010
2009-09-13T12:00:00Z,75.25548803126948,2010
2009-09-14T12:00:00Z,76.84804467863141,2010
2009-09-15T12:00:00Z,77.12414882593549,2010
2009-09-16T12:00:00Z,77.48222000497361,2010
2009-09-17T12:00:00Z,77.50143543831517,2010
2009-09-18T12:00:00Z,77.5630042425658,2010
2009-09-19T12:00:00Z,78.02191001924128,2010
2009-09-20T12:00:00Z,78.67151666331162,2010
2009-09-21T12:00:00Z,78.54764411345026,2010
2009-09-22T12:00:00Z,77.9978705362138,2010
2009-09-23T12:00:00Z,77.81370880364943,2010
2009-09-24T12:00:00Z,77.66123021657265,2010
2009-09-25T12:00:00Z,77.42629233705262,2010
2009-09-26T12:00:00Z,77.1670041670682,2010
2009-09-27T12:00:00Z,78.7517446667832,2010
2009-09-28T12:00:00Z,79.12387704191339,2010
2009-09-29T12:00:00Z,79.11543502533014,2010
2009-09-30T12:00:00Z,78.6088355876188,2010
2009-10-01T12:00:00Z,78.22462875512666,2010
2009-10-02T12:00:00Z,77.61227584957862,2010
2009-10-03T12:00:00Z,76.99468967595641,2010
2009-10-04T12:00:00Z,76.40495894580239,2010
2009-10-05T12:00:00Z,75.81684349622995,2010
2009-10-06T12:00:00Z,75.57036214369676,2010
2009-10-07T12:00:00Z,75.67997124986013,2010
2009-10-08T12:00:00Z,74.96897350189997,2010
2009-10-09T12:00:00Z,74.15317329219093,2010
2009-10-10T12:00:00Z,73.34227789985826,2010
2009-10-11T12:00:00Z,72.64266425203118,2010
2009-10-12T12:00:00Z,71.98727985420982,2010
2009-10-13T12:00:00Z,71.18327048930423,2010
2009-10-14T12:00:00Z,70.49977810452924,2010
2009-10-15T12:00:00Z,69.82069968833991,2010
2009-10-16T12:00:00Z,69.01340342511942,2010
2009-10-17T12:00:00Z,68.41345925837416,2010
2009-10-18T12:00:00Z,67.26799166838995,2010
2009-10-19T12:00:00Z,66.25133441176754,2010
2009-10-20T12:00:00Z,65.52021948363013,2010
2009-10-21T12:00:00Z,65.07279480840893,2010
2009-10-22T12:00:00Z,65.53482687251612,2010
2009-10-23T12:00:00Z,65.51009678740522,2010
2009-10-24T12:00:00Z,65.15039988828406,2010
2009-10-25T12:00:00Z,65.34445230704836,2010
2009-10-26T12:00:00Z,64.80206764280689,2010
2009-10-27T12:00:00Z,64.19488267950048,2010
2009-10-28T12:00:00Z,63.69252997468744,2010
2009-10-29T12:00:00Z,63.24356466521027,2010
2009-10-30T12:00:00Z,62.71130522125555,2010
2009-10-31T12:00:00Z,62.123957587632866,2010
2009-11-01T12:00:00Z,61.53642858083047,2010
2009-11-02T12:00:00Z,60.844050576176265,2010
2009-11-03T12:00:00Z,60.29629189823656,2010
2009-11-04T12:00:00Z,59.79127204725681,2010
2009-11-05T12:00:00Z,59.367056715610005,2010
2009-11-06T12:00:00Z,58.68132609440026,2010
2009-11-07T12:00:00Z,58.01499387698754,2010
2009-11-08T12:00:00Z,57.44210390023436,2010
2009-11-09T12:00:00Z,56.79610663255532,2010
2009-11-10T12:00:00Z,56.27927147190801,2010
2009-11-11T12:00:00Z,56.143986837550706,2010
2009-11-12T12:00:00Z,56.0798692823386,2010
2009-11-13T12:00:00Z,55.607748742152204,2010
2009-11-14T12:00:00Z,55.19023865972655,2010
2009-11-15T12:00:00Z,54.858345530600914,2010
2009-11-16T12:00:00Z,54.50052676003496,2010
2009-11-17T12:00:00Z,54.1255560190147,2010
2009-11-18T12:00:00Z,53.90822553491621,2010
2009-11-19T12:00:00Z,53.65551693738401,2010
2009-11-20T12:00:00Z,53.40563914270979,2010
2009-11-21T12:00:00Z,53.21929208518648,2010
2009-11-22T12:00:00Z,52.92779400052606,2010
2009-11-23T12:00:00Z,52.73801832651048,2010
2009-11-24T12:00:00Z,52.46128078156342,2010
2009-11-25T12:00:00Z,53.82839161003859,2010
2009-11-26T12:00:00Z,55.553944688967476,2010
2009-11-27T12:00:00Z,55.204390152242986,2010
2009-11-28T12:00:00Z,54.78291948498118,2010
2009-11-29T12:00:00Z,54.485737370958425,2010
2009-11-30T12:00:00Z,54.178856342226425,2010
2009-12-01T12:00:00Z,54.04333563829226,2010
2009-12-02T12:00:00Z,53.8251095241462,2010
2009-12-03T12:00:00Z,53.671339329088525,2010
2009-12-04T12:00:00Z,53.61884484065101,2010
2009-12-05T12:00:00Z,54.43067100767468,2010
2009-12-06T12:00:00Z,54.92346068521281,2010
2009-12-07T12:00:00Z,54.76482956582512,2010
2009-12-08T12:00:00Z,54.59132539718253,2010
2009-12-09T12:00:00Z,54.34966613549849,2010
2009-12-10T12:00:00Z,54.1271844828422,2010
2009-12-11T12:00:00Z,53.87278801106234,2010
2009-12-12T12:00:00Z,53.64770385385203,2010
2009-12-13T12:00:00Z,53.46684770635594,2010
2009-12-14T12:00:00Z,53.28289254868753,2010
2009-12-15T12:00:00Z,53.5691403490237,2010
2009-12-16T12:00:00Z,53.519477965521396,2010
2009-12-17T12:00:00Z,54.362584343482865,2010
2009-12-18T12:00:00Z,56.00244041538982,2010
2009-12-19T12:00:00Z,56.08692290243734,2010
2009-12-20T12:00:00Z,55.73147824429865,2010
2009-12-21T12:00:00Z,55.37989897976826,2010
2009-12-22T12:00:00Z,55.147205716632556,2010
2009-12-23T12:00:00Z,55.051288755768134,2010
2009-12-24T12:00:00Z,54.8647544233829,2010
2009-12-25T12:00:00Z,54.78554309966254,2010
2009-12-26T12:00:00Z,54.78898846466669,2010
2009-12-27T12:00:00Z,54.65888765606254,2010
2009-12-28T12:00:00Z,54.620345501822484,2010
2009-12-29T12:00:00Z,54.33622162057457,2010
2009-12-30T12:00:00Z,54.121164252104414,2010
2009-12-31T12:00:00Z,54.03850052667079,2010
2010-01-01T12:00:00Z,54.014134295485874,2010
2010-01-02T12:00:00Z,54.40253390361967,2010
2010-01-03T12:00:00Z,54.0967112485706,2010
2010-01-04T12:00:00Z,53.790004840065926,2010
2010-01-05T12:00:00Z,53.543419426618826,2010
2010-01-06T12:00:00Z,53.27485366802982,2010
2010-01-07T12:00:00Z,53.115264933768614,2010
2010-01-08T12:00:00Z,52.97575032875505,2010
2010-01-09T12:00:00Z,53.74378871860515,2010
2010-01-10T12:00:00Z,53.77953934283334,2010
2010-01-11T12:00:00Z,53.42223551520775,2010
2010-01-12T12:00:00Z,53.21498502194703,2010
2010-01-13T12:00:00Z,53.00918252552493,2010
2010-01-14T12:00:00Z,52.86444482420044,2010
2010-01-15T12:00:00Z,52.743680328112845,2010
2010-01-16T12:00:00Z,52.63256325175394,2010
2010-01-17T12:00:00Z,54.234479900742265,2010
2010-01-18T12:00:00Z,54.35301621774034,2010
2010-01-19T12:00:00Z,54.132946499536764,2010
2010-01-20T12:00:00Z,53.965603369041766,2010
2010-01-21T12:00:00Z,53.75660529133797,2010
2010-01-22T12:00:00Z,53.540257820628256,2010
2010-01-23T12:00:00Z,53.527561347929385,2010
2010-01-24T12:00:00Z,53.39618925656397,2010
2010-01-25T12:00:00Z,53.316434277841694,2010
2010-01-26T12:00:00Z,53.18130001395351,2010
2010-01-27T12:00:00Z,52.86866158415045,2010
2010-01-28T12:00:00Z,52.60877866464671,2010
2010-01-29T12:00:00Z,52.391287233276,2010
2010-01-30T12:00:00Z,52.15043921147411,2010
2010-01-31T12:00:00Z,52.01220770402804,2010
2010-02-01T12:00:00Z,53.31253230478782,2010
2010-02-02T12:00:00Z,54.03994544337593,2010
2010-02-03T12:00:00Z,53.882041008942984,2010
2010-02-04T12:00:00Z,53.61793826308591,2010
2010-02-05T12:00:00Z,53.46500281852809,2010
2010-02-06T12:00:00Z,53.5999865815106,2010
2010-02-07T12:00:00Z,53.12039299674855,2010
2010-02-08T12:00:00Z,52.66720311714634,2010
2010-02-09T12:00:00Z,52.367214019812,2010
2010-02-10T12:00:00Z,51.96684142480586,2010
2010-02-11T12:00:00Z,51.40722260363601,2010
2010-02-12T12:00:00Z,51.11681368941666,2010
2010-02-13T12:00:00Z,51.91228202952549,2010
2010-02-14T12:00:00Z,51.4600545612008,2010
2010-02-15T12:00:00Z,51.04891120393475,2010
2010-02-16T12:00:00Z,50.661716756380166,2010
2010-02-17T12:00:00Z,50.15479607859556,2010
2010-02-18T12:00:00Z,49.714227016199544,2010
2010-02-19T12:00:00Z,49.267369568383685,2010
2010-02-20T12:00:00Z,48.89255422307262,2010
2010-02-21T12:00:00Z,48.54111766300304,2010
2010-02-22T12:00:00Z,48.668039458056874,2010
2010-02-23T12:00:00Z,48.51343461318723,2010
2010-02-24T12:00:00Z,49.2510687948775,2010
2010-02-25T12:00:00Z,49.99345739143797,2010
2010-02-26T12:00:00Z,49.49105733815395,2010
2010-02-27T12:00:00Z,49.15385658525033,2010
2010-02-28T12:00:00Z,49.141475537900234,2010
2010-03-01T12:00:00Z,48.66271663498721,2010
2010-03-02T12:00:00Z,48.69250070884261,2010
2010-03-03T12:00:00Z,48.38036158103462,2010
2010-03-04T12:00:00Z,47.92394800306296,2010
2010-03-05T12:00:00Z,47.2269626702101,2010
2010-03-06T12:00:00Z,46.685387303032556,2010
2010-03-07T12:00:00Z,46.23868555985458,2010
2010-03-08T12:00:00Z,45.82524752144908,2010
2010-03-09T12:00:00Z,45.42955474761981,2010
2010-03-10T12:00:00Z,45.13803271984153,2010
2010-03-11T12:00:00Z,44.829245184593454,2010
2010-03-12T12:00:00Z,45.451021888975475,2010
2010-03-13T12:00:00Z,46.934841407725536,2010
2010-03-14T12:00:00Z,46.31998561682927,2010
2010-03-15T12:00:00Z,45.804112837710775,2010
2010-03-16T12:00:00Z,45.29231115980783,2010
2010-03-17T12:00:00Z,45.092641701151955,2010
2010-03-18T12:00:00Z,44.886258386750384,2010
2010-03-19T12:00:00Z,44.50498074289561,2010
2010-03-20T12:00:00Z,44.09995028582174,2010
2010-03-21T12:00:00Z,43.717225503263606,2010
2010-03-22T12:00:00Z,43.796097245699784,2010
2010-03-23T12:00:00Z,43.59803309952633,2010
2010-03-24T12:00:00Z,43.18886317874975,2010
2010-03-25T12:00:00Z,42.794012690992076,2010
2010-03-26T12:00:00Z,46.832681844673544,2010
2010-03-27T12:00:00Z,46.918875641070514,2010
2010-03-28T12:00:00Z,46.63288359707819,2010
2010-03-29T12:00:00Z,50.14922098664373,2010
2010-03-30T12:00:00Z,50.264358207002395,2010
2010-03-31T12:00:00Z,50.10375173347899,2010
2010-04-01T12:00:00Z,49.918477658533234,2010
2010-04-02T12:00:00Z,49.6418903376002,2010
2010-04-03T12:00:00Z,49.379648246376114,2010
2010-04-04T12:00:00Z,49.12153074451028,2010
2010-04-05T12:00:00Z,48.784696049223996,2010
2010-04-06T12:00:00Z,48.27028006797932,2010
2010-04-07T12:00:00Z,47.88275279666967,2010
2010-04-08T12:00:00Z,47.40419298800152,2010
2010-04-09T12:00:00Z,47.05946320577804,2010
2010-04-10T12:00:00Z,46.63282744757201,2010
2010-04-11T12:00:00Z,46.465077094139275,2010
2010-04-12T12:00:00Z,47.96246482057348,2010
2010-04-13T12:00:00Z,47.87617596796193,2010
2010-04-14T12:00:00Z,47.54582826949625,2010
2010-04-15T12:00:00Z,47.086271994258375,2010
2010-04-16T12:00:00Z,46.60447707745438,2010
2010-04-17T12:00:00Z,46.45533523376501,2010
2010-04-18T12:00:00Z,47.071751579097025,2010
2010-04-19T12:00:00Z,51.211338846427495,2010
2010-04-20T12:00:00Z,51.169061231698976,2010
2010-04-21T12:00:00Z,52.033912624365996,2010
2010-04-22T12:00:00Z,51.779647021645474,2010
2010-04-23T12:00:00Z,51.393690465093016,2010
2010-04-24T12:00:00Z,50.88406484199986,2010
2010-04-25T12:00:00Z,50.42547347464101,2010
2010-04-26T12:00:00Z,54.798564286166204,2010
2010-04-27T12:00:00Z,55.045113726583295,2010
2010-04-28T12:00:00Z,54.69714895521872,2010
2010-04-29T12:00:00Z,54.50609426835946,2010
2010-04-30T12:00:00Z,54.42743094294959,2010
2010-05-01T12:00:00Z,54.11025576027983,2010
2010-05-02T12:00:00Z,53.81643465542121,2010
2010-05-03T12:00:00Z,53.507681820874595,2010
2010-05-04T12:00:00Z,53.09298680425048,2010
2010-05-05T12:00:00Z,52.61680084255976,2010
2010-05-06T12:00:00Z,52.2103285512026,2010
2010-05-07T12:00:00Z,52.04722063857492,2010
2010-05-08T12:00:00Z,51.54740305067038,2010
2010-05-09T12:00:00Z,50.932015071747614,2010
2010-05-10T12:00:00Z,50.35562461482313,2010
2010-05-11T12:00:00Z,49.81260083890204,2010
2010-05-12T12:00:00Z,49.03918672594827,2010
2010-05-13T12:00:00Z,48.4785991433,2010
2010-05-14T12:00:00Z,47.759641099276486,2010
2010-05-15T12:00:00Z,47.148907623107945,2010
2010-05-16T12:00:00Z,46.61190894297947,2010
2010-05-17T12:00:00Z,46.488229649754864,2010
2010-05-18T12:00:00Z,46.96603112086323,2010
2010-05-19T12:00:00Z,47.24975423006219,2010
2010-05-20T12:00:00Z,48.11267924408892,2010
2010-05-21T12:00:00Z,47.63557982144416,2010
2010-05-22T12:00:00Z,47.00107025942834,2010
2010-05-23T12:00:00Z,46.2919692123587,2010
2010-05-24T12:00:00Z,45.62348683522573,2010
2010-05-25T12:00:00Z,44.96008780192814,2010
2010-05-26T12:00:00Z,44.817021487212564,2010
2010-05-27T12:00:00Z,44.40309001188044,2010
2010-05-28T12:00:00Z,44.065551702891845,2010
2010-05-29T12:00:00Z,44.8288167279569,2010
2010-05-30T12:00:00Z,44.943295310054204,2010
2010-06-01T12:00:00Z,45.32822325763119,2011
2010-06-02T12:00:00Z,45.487883123295994,2011
2010-06-03T12:00:00Z,45.31369821311617,2011
2010-06-04T12:00:00Z,45.55534958910928,2011
2010-06-05T12:00:00Z,45.17539329963597,2011
2010-06-06T12:00:00Z,44.92120301601911,2011
2010-06-07T12:00:00Z,44.542182844559015,2011
2010-06-08T12:00:00Z,44.49367709237083,2011
2010-06-09T12:00:00Z,45.327041172881145,2011
2010-06-10T12:00:00Z,45.00150337745561,2011
2010-06-11T12:00:00Z,44.76521137880578,2011
2010-06-12T12:00:00Z,45.028309440498376,2011
2010-06-13T12:00:00Z,45.06444891212797,2011
2010-06-14T12:00:00Z,45.50558162293323,2011
2010-06-15T12:00:00Z,45.15582103534737,2011
2010-06-16T12:00:00Z,45.63172176203187,2011
2010-06-17T12:00:00Z,45.497463514651805,2011
2010-06-18T12:00:00Z,46.35993191605209,2011
2010-06-19T12:00:00Z,46.402824584924325,2011
2010-06-20T12:00:00Z,46.80367994851957,2011
2010-06-21T12:00:00Z,47.069398146585286,2011
2010-06-22T12:00:00Z,46.60047389936075,2011
2010-06-23T12:00:00Z,46.10762874509449,2011
2010-06-24T12:00:00Z,45.60946147257365,2011
2010-06-25T12:00:00Z,45.13425344182262,2011
2010-06-26T12:00:00Z,44.680365889102454,2011
2010-06-27T12:00:00Z,44.47714806175117,2011
2010-06-28T12:00:00Z,44.151950575308526,2011
2010-06-29T12:00:00Z,43.68526164228214,2011
2010-06-30T12:00:00Z,43.87198730679279,2011
2010-07-01T12:00:00Z,45.23055377632969,2011
2010-07-02T12:00:00Z,44.85242642938697,2011
2010-07-03T12:00:00Z,46.79898247263999,2011
2010-07-04T12:00:00Z,48.222253354352326,2011
2010-07-05T12:00:00Z,49.25909044189087,2011
2010-07-06T12:00:00Z,52.08316328601345,2011
2010-07-07T12:00:00Z,52.06555443519451,2011
2010-07-08T12:00:00Z,51.94700293034655,2011
2010-07-09T12:00:00Z,52.570952039603064,2011
2010-07-10T12:00:00Z,52.41770185162797,2011
2010-07-11T12:00:00Z,52.30977468370462,2011
2010-07-12T12:00:00Z,51.938811535025756,2011
2010-07-13T12:00:00Z,51.449138458288566,2011
2010-07-14T12:00:00Z,51.53520019567864,2011
2010-07-15T12:00:00Z,51.59953295748321,2011
2010-07-16T12:00:00Z,51.52465038608489,2011
2010-07-17T12:00:00Z,51.12811979992917,2011
2010-07-18T12:00:00Z,50.72446167047108,2011
2010-07-19T12:00:00Z,50.43941676523704,2011
2010-07-20T12:00:00Z,50.1656367594279,2011
2010-07-21T12:00:00Z,49.7329760839214,2011
2010-07-22T12:00:00Z,49.23218545988068,2011
2010-07-23T12:00:00Z,51.42978559515758,2011
2010-07-24T12:00:00Z,51.46785391456865,2011
2010-07-25T12:00:00Z,51.502493626640884,2011
2010-07-26T12:00:00Z,52.39625080431301,2011
2010-07-27T12:00:00Z,51.96135435235951,2011
2010-07-28T12:00:00Z,52.097722136480904,2011
2010-07-29T12:00:00Z,51.708641086571504,2011
2010-07-30T12:00:00Z,51.59741775247245,2011
2010-07-31T12:00:00Z,51.30329132308914,2011
2010-08-01T12:00:00Z,51.39689567121976,2011
2010-08-02T12:00:00Z,51.20556330094455,2011
2010-08-03T12:00:00Z,51.96264398090841,2011
2010-08-04T12:00:00Z,52.65361241716501,2011
2010-08-05T12:00:00Z,56.34095333719511,2011
2010-08-06T12:00:00Z,56.3211285156909,2011
2010-08-07T12:00:00Z,56.50107212901902,2011
2010-08-08T12:00:00Z,57.01582251069927,2011
2010-08-09T12:00:00Z,59.156993090212524,2011
2010-08-10T12:00:00Z,60.922722595068386,2011
2010-08-11T12:00:00Z,62.88952796446326,2011
2010-08-12T12:00:00Z,62.28154422597536,2011
2010-08-13T12:00:00Z,61.755600568271355,2011
2010-08-14T12:00:00Z,62.186278052006784,2011
2010-08-15T12:00:00Z,62.93507491662678,2011
2010-08-16T12:00:00Z,63.844600057344486,2011
2010-08-17T12:00:00Z,63.999017428264835,2011
2010-08-18T12:00:00Z,64.77192758012119,2011
2010-08-19T12:00:00Z,64.3708266983078,2011
2010-08-20T12:00:00Z,65.33462918469773,2011
2010-08-21T12:00:00Z,65.14113164534452,2011
2010-08-22T12:00:00Z,66.7010362186901,2011
2010-08-23T12:00:00Z,66.87183400264527,2011
2010-08-24T12:00:00Z,66.8480355229003,2011
2010-08-25T12:00:00Z,67.15091732553758,2011
2010-08-26T12:00:00Z,67.66091875466459,2011
2010-08-27T12:00:00Z,67.54617241377164,2011
2010-08-28T12:00:00Z,67.09026938508782,2011
2010-08-29T12:00:00Z,66.90139000703277,2011
2010-08-30T12:00:00Z,66.91752716732654,2011
2010-08-31T12:00:00Z,67.6003627582589,2011
2010-09-01T12:00:00Z,67.04288735987544,2011
2010-09-02T12:00:00Z,66.41022741344065,2011
2010-09-03T12:00:00Z,66.07914579880044,2011
2010-09-04T12:00:00Z,65.72748648970158,2011
2010-09-05T12:00:00Z,65.78928643211177,2011
2010-09-06T12:00:00Z,65.7122419777214,2011
2010-09-07T12:00:00Z,66.33801268615906,2011
2010-09-08T12:00:00Z,67.27566899950088,2011
2010-09-09T12:00:00Z,67.35105957781832,2011
2010-09-10T12:00:00Z,68.0565077513367,2011
2010-09-11T12:00:00Z,68.23503924245668,2011
2010-09-12T12:00:00Z,68.1855518750681,2011
2010-09-13T12:00:00Z,67.86873323043521,2011
2010-09-14T12:00:00Z,67.9737367681493,2011
2010-09-15T12:00:00Z,68.68473224834403,2011
2010-09-16T12:00:00Z,68.6323992678271,2011
2010-09-17T12:00:00Z,68.39010316909396,2011
2010-09-18T12:00:00Z,67.98635578212726,2011
2010-09-19T12:00:00Z,67.47902586307079,2011
2010-09-20T12:00:00Z,67.04296953033099,2011
2010-09-21T12:00:00Z,66.55422507036069,2011
2010-09-22T12:00:00Z,66.24765368657836,2011
2010-09-23T12:00:00Z,66.71814413820117,2011
2010-09-24T12:00:00Z,68.14102021819757,2011
2010-09-25T12:00:00Z,69.30267326203949,2011
2010-09-26T12:00:00Z,69.15627857247154,2011
2010-09-27T12:00:00Z,68.846139295700425,2011
2010-09-28T12:00:00Z,68.64230260637326,2011
2010-09-29T12:00:00Z,71.98129472005989,2011
2010-09-30T12:00:00Z,72.04669346892341,2011
2010-10-01T12:00:00Z,71.61486385279096,2011
2010-10-02T12:00:00Z,71.07025119939391,2011
2010-10-03T12:00:00Z,70.54893238500127,2011
2010-10-04T12:00:00Z,69.84909172035222,2011
2010-10-05T12:00:00Z,69.17071057224102,2011
2010-10-06T12:00:00Z,68.50096066068159,2011
2010-10-07T12:00:00Z,67.60987825399398,2011
2010-10-08T12:00:00Z,66.94433430589883,2011
2010-10-09T12:00:00Z,66.39668213284223,2011
2010-10-10T12:00:00Z,65.85243744784368,2011
2010-10-11T12:00:00Z,65.23199197211949,2011
2010-10-12T12:00:00Z,64.79196931304656,2011
2010-10-13T12:00:00Z,64.57828852625471,2011
2010-10-14T12:00:00Z,64.40386312538517,2011
2010-10-15T12:00:00Z,64.0697517257718,2011
2010-10-16T12:00:00Z,63.39466741661433,2011
2010-10-17T12:00:00Z,62.814189496695384,2011
2010-10-18T12:00:00Z,62.22378872995542,2011
2010-10-19T12:00:00Z,61.76045634836656,2011
2010-10-20T12:00:00Z,61.25687177551672,2011
2010-10-21T12:00:00Z,60.69887368122689,2011
2010-10-22T12:00:00Z,60.11658853532028,2011
2010-10-23T12:00:00Z,59.592801488225305,2011
2010-10-24T12:00:00Z,59.15840772046396,2011
2010-10-25T12:00:00Z,59.00483301090637,2011
2010-10-26T12:00:00Z,58.44608305740585,2011
2010-10-27T12:00:00Z,57.95345231795926,2011
2010-10-28T12:00:00Z,57.45895852567768,2011
2010-10-29T12:00:00Z,57.040664119068275,2011
2010-10-30T12:00:00Z,56.45145761344557,2011
2010-10-31T12:00:00Z,55.979906161101766,2011
2010-11-01T12:00:00Z,56.260577521641665,2011
2010-11-02T12:00:00Z,56.15331700124209,2011
2010-11-03T12:00:00Z,56.134308582161744,2011
2010-11-04T12:00:00Z,56.89351676707505,2011
2010-11-05T12:00:00Z,56.837844189584935,2011
2010-11-06T12:00:00Z,56.073112432872314,2011
2010-11-07T12:00:00Z,55.37483297255344,2011
2010-11-08T12:00:00Z,54.85210461951189,2011
2010-11-09T12:00:00Z,54.39435078072276,2011
2010-11-10T12:00:00Z,54.0927798815237,2011
2010-11-11T12:00:00Z,53.824237082057465,2011
2010-11-12T12:00:00Z,53.57872190286674,2011
2010-11-13T12:00:00Z,53.23170677830376,2011
2010-11-14T12:00:00Z,52.92304616469284,2011
2010-11-15T12:00:00Z,52.64012004804239,2011
2010-11-16T12:00:00Z,52.33117140533685,2011
2010-11-17T12:00:00Z,52.04733583465192,2011
2010-11-18T12:00:00Z,51.80570161449888,2011
2010-11-19T12:00:00Z,51.579263937709285,2011
2010-11-20T12:00:00Z,51.15148953928087,2011
2010-11-21T12:00:00Z,50.88609532274453,2011
2010-11-22T12:00:00Z,50.72174259682365,2011
2010-11-23T12:00:00Z,50.40887981385046,2011
2010-11-24T12:00:00Z,50.14039457580896,2011
2010-11-25T12:00:00Z,49.971271771188974,2011
2010-11-26T12:00:00Z,49.69512760732155,2011
2010-11-27T12:00:00Z,49.49974212692251,2011
2010-11-28T12:00:00Z,49.39603229790443,2011
2010-11-29T12:00:00Z,49.32104934985293,2011
2010-11-30T12:00:00Z,48.98256310346817,2011
2010-12-01T12:00:00Z,48.76678508673876,2011
2010-12-02T12:00:00Z,48.28587952300897,2011
2010-12-03T12:00:00Z,47.80385163735686,2011
2010-12-04T12:00:00Z,47.44323311469908,2011
2010-12-05T12:00:00Z,47.05222874568763,2011
2010-12-06T12:00:00Z,46.75319764080631,2011
2010-12-07T12:00:00Z,46.24919127960297,2011
2010-12-08T12:00:00Z,45.811632175823135,2011
2010-12-09T12:00:00Z,45.644414266713305,2011
2010-12-10T12:00:00Z,45.451759379569395,2011
2010-12-11T12:00:00Z,45.24051633536208,2011
2010-12-12T12:00:00Z,44.977565918701025,2011
2010-12-13T12:00:00Z,44.62365753777955,2011
2010-12-14T12:00:00Z,44.08165850350438,2011
2010-12-15T12:00:00Z,43.62538179238542,2011
2010-12-16T12:00:00Z,43.323497236740394,2011
2010-12-17T12:00:00Z,43.08580609088754,2011
2010-12-18T12:00:00Z,43.11159814240765,2011
2010-12-19T12:00:00Z,44.92852666039058,2011
2010-12-20T12:00:00Z,44.681907614906464,2011
2010-12-21T12:00:00Z,44.27302517859465,2011
2010-12-22T12:00:00Z,43.97620163924979,2011
2010-12-23T12:00:00Z,43.69450485055577,2011
2010-12-24T12:00:00Z,43.34095858440617,2011
2010-12-25T12:00:00Z,42.99331214689679,2011
2010-12-26T12:00:00Z,42.97530955387292,2011
2010-12-27T12:00:00Z,42.58477406996628,2011
2010-12-28T12:00:00Z,42.113249803347436,2011
2010-12-29T12:00:00Z,41.80879726764608,2011
2010-12-30T12:00:00Z,41.56866177957646,2011
2010-12-31T12:00:00Z,41.366089089158486,2011
2011-01-01T12:00:00Z,41.052138927530656,2011
2011-01-02T12:00:00Z,40.797371883197826,2011
2011-01-03T12:00:00Z,40.57126795466102,2011
2011-01-04T12:00:00Z,40.32352839505951,2011
2011-01-05T12:00:00Z,40.015328609235425,2011
2011-01-06T12:00:00Z,39.7612362079586,2011
2011-01-07T12:00:00Z,39.42460930039944,2011
2011-01-08T12:00:00Z,39.065388309362056,2011
2011-01-09T12:00:00Z,38.73841081698211,2011
2011-01-10T12:00:00Z,38.360489225702224,2011
2011-01-11T12:00:00Z,38.17977702753517,2011
2011-01-12T12:00:00Z,37.88435953708917,2011
2011-01-13T12:00:00Z,37.31960602584683,2011
2011-01-14T12:00:00Z,36.97059358346226,2011
2011-01-15T12:00:00Z,36.5971656460639,2011
2011-01-16T12:00:00Z,36.25383217118783,2011
2011-01-17T12:00:00Z,36.182564660468785,2011
2011-01-18T12:00:00Z,37.63394140553603,2011
2011-01-19T12:00:00Z,37.55625910721786,2011
2011-01-20T12:00:00Z,37.35802311202188,2011
2011-01-21T12:00:00Z,37.21594857511652,2011
2011-01-22T12:00:00Z,37.233637907580835,2011
2011-01-23T12:00:00Z,36.8125221078526,2011
2011-01-24T12:00:00Z,36.50997509009551,2011
2011-01-25T12:00:00Z,36.274645930646635,2011
2011-01-26T12:00:00Z,37.90481120008298,2011
2011-01-27T12:00:00Z,37.68243425594666,2011
2011-01-28T12:00:00Z,37.33819416002664,2011
2011-01-29T12:00:00Z,37.0489229706854,2011
2011-01-30T12:00:00Z,36.82564015379907,2011
2011-01-31T12:00:00Z,36.59593179859512,2011
2011-02-01T12:00:00Z,36.35504661152731,2011
2011-02-02T12:00:00Z,36.14627716622813,2011
2011-02-03T12:00:00Z,35.960140088681484,2011
2011-02-04T12:00:00Z,35.62006588245339,2011
2011-02-05T12:00:00Z,35.31723700959881,2011
2011-02-06T12:00:00Z,34.959609285113196,2011
2011-02-07T12:00:00Z,34.63373855837963,2011
2011-02-08T12:00:00Z,34.1397625099919,2011
2011-02-09T12:00:00Z,33.67169034531106,2011
2011-02-10T12:00:00Z,33.423823205024526,2011
2011-02-11T12:00:00Z,33.13025568485546,2011
2011-02-12T12:00:00Z,32.91398570948042,2011
2011-02-13T12:00:00Z,32.511210045130866,2011
2011-02-14T12:00:00Z,32.10292105168444,2011
2011-02-15T12:00:00Z,31.654772556536056,2011
2011-02-16T12:00:00Z,31.247524254609527,2011
2011-02-17T12:00:00Z,30.910448148712543,2011
2011-02-18T12:00:00Z,30.508391031907145,2011
2011-02-19T12:00:00Z,30.087550233636133,2011
2011-02-20T12:00:00Z,29.695730048021158,2011
2011-02-21T12:00:00Z,29.23196885052311,2011
2011-02-22T12:00:00Z,28.91333843064151,2011
2011-02-23T12:00:00Z,28.506475969210456,2011
2011-02-24T12:00:00Z,28.161158135499363,2011
2011-02-25T12:00:00Z,27.65631873548996,2011
2011-02-26T12:00:00Z,27.285088832605794,2011
2011-02-27T12:00:00Z,26.828937262779377,2011
2011-02-28T12:00:00Z,26.291471736475458,2011
2011-03-01T12:00:00Z,25.93475326007186,2011
2011-03-02T12:00:00Z,25.83942272824732,2011
2011-03-03T12:00:00Z,25.149767966633725,2011
2011-03-04T12:00:00Z,24.509337463561977,2011
2011-03-05T12:00:00Z,23.917796978781734,2011
2011-03-06T12:00:00Z,23.39023958056289,2011
2011-03-07T12:00:00Z,23.000759916528658,2011
2011-03-08T12:00:00Z,22.500698364202893,2011
2011-03-09T12:00:00Z,21.97118837646045,2011
2011-03-10T12:00:00Z,22.517912960224116,2011
2011-03-11T12:00:00Z,22.3536243770533,2011
2011-03-12T12:00:00Z,21.75192991415755,2011
2011-03-13T12:00:00Z,21.214369333927404,2011
2011-03-14T12:00:00Z,20.617123000265668,2011
2011-03-15T12:00:00Z,19.994997872373766,2011
2011-03-16T12:00:00Z,19.452337728407688,2011
2011-03-17T12:00:00Z,18.86548739904119,2011
2011-03-18T12:00:00Z,18.23045689400328,2011
2011-03-19T12:00:00Z,17.52927943082648,2011
2011-03-20T12:00:00Z,16.93124744115508,2011
2011-03-21T12:00:00Z,16.348908129751003,2011
2011-03-22T12:00:00Z,15.70180889511795,2011
2011-03-23T12:00:00Z,15.222666950374574,2011
2011-03-24T12:00:00Z,14.710184011476514,2011
2011-03-25T12:00:00Z,14.880019219392205,2011
2011-03-26T12:00:00Z,14.371246745218828,2011
2011-03-27T12:00:00Z,13.357874384595737,2011
2011-03-28T12:00:00Z,13.193669660690665,2011
2011-03-29T12:00:00Z,13.712457264406494,2011
2011-03-30T12:00:00Z,17.443007139081217,2011
2011-03-31T12:00:00Z,17.048464623481554,2011
2011-04-01T12:00:00Z,17.11765459789512,2011
2011-04-02T12:00:00Z,16.709723410237387,2011
2011-04-03T12:00:00Z,16.29682981174151,2011
2011-04-04T12:00:00Z,15.974032394601402,2011
2011-04-05T12:00:00Z,15.841874676975005,2011
2011-04-06T12:00:00Z,15.684646654500886,2011
2011-04-07T12:00:00Z,14.875218529292189,2011
2011-04-08T12:00:00Z,14.131211750508784,2011
2011-04-09T12:00:00Z,13.61128486582957,2011
2011-04-10T12:00:00Z,13.120593624195083,2011
2011-04-11T12:00:00Z,12.35652479642011,2011
2011-04-12T12:00:00Z,11.673351926294428,2011
2011-04-13T12:00:00Z,11.171558840087451,2011
2011-04-14T12:00:00Z,10.67574182612208,2011
2011-04-15T12:00:00Z,10.337996697382936,2011
2011-04-16T12:00:00Z,9.824080571916623,2011
2011-04-17T12:00:00Z,9.54858478301288,2011
2011-04-18T12:00:00Z,9.595708866496965,2011
2011-04-19T12:00:00Z,9.748261262359344,2011
2011-04-20T12:00:00Z,9.38451548658164,2011
2011-04-21T12:00:00Z,8.96051890848637,2011
2011-04-22T12:00:00Z,8.540122763868856,2011
2011-04-23T12:00:00Z,8.216475211579999,2011
2011-04-24T12:00:00Z,7.91393620079695,2011
2011-04-25T12:00:00Z,7.553387910217029,2011
2011-04-26T12:00:00Z,7.106786987634211,2011
2011-04-27T12:00:00Z,7.306534543463622,2011
2011-04-28T12:00:00Z,7.046668280937318,2011
2011-04-29T12:00:00Z,6.932349943585502,2011
2011-04-30T12:00:00Z,8.83165458354252,2011
2011-05-01T12:00:00Z,9.229206785443449,2011
2011-05-02T12:00:00Z,8.804068741000336,2011
2011-05-03T12:00:00Z,8.325144673366353,2011
2011-05-04T12:00:00Z,7.822437467157448,2011
2011-05-05T12:00:00Z,7.454645389128961,2011
2011-05-06T12:00:00Z,7.454947935583782,2011
2011-05-07T12:00:00Z,7.334688341109854,2011
2011-05-08T12:00:00Z,7.200402404565474,2011
2011-05-09T12:00:00Z,6.7055323440011705,2011
2011-05-10T12:00:00Z,6.386726230651087,2011
2011-05-11T12:00:00Z,6.038377934612052,2011
2011-05-12T12:00:00Z,5.757645246005731,2011
2011-05-13T12:00:00Z,5.957588500152752,2011
2011-05-14T12:00:00Z,5.6103004817127395,2011
2011-05-15T12:00:00Z,6.258010738397974,2011
2011-05-16T12:00:00Z,6.258659614512644,2011
2011-05-17T12:00:00Z,5.837937444859661,2011
2011-05-18T12:00:00Z,5.630838228258889,2011
2011-05-19T12:00:00Z,5.365440725636611,2011
2011-05-20T12:00:00Z,5.2266851492677535,2011
2011-05-21T12:00:00Z,4.991699264517214,2011
2011-05-22T12:00:00Z,4.686852936266995,2011
2011-05-23T12:00:00Z,4.227420843498536,2011
2011-05-24T12:00:00Z,3.604782450034651,2011
2011-05-25T12:00:00Z,3.060853469564876,2011
2011-05-26T12:00:00Z,2.8463215498990047,2011
2011-05-27T12:00:00Z,2.8524313424973697,2011
2011-05-28T12:00:00Z,3.2197501028663895,2011
2011-05-29T12:00:00Z,3.4574703681089956,2011
2011-05-30T12:00:00Z,3.440480152718236,2011
2011-06-01T12:00:00Z,3.074049452499637,2012
2011-06-02T12:00:00Z,2.9094230912728585,2012
2011-06-03T12:00:00Z,2.8134054013477092,2012
2011-06-04T12:00:00Z,2.6872335478582996,2012
2011-06-05T12:00:00Z,2.67431444054817,2012
2011-06-06T12:00:00Z,2.678471705408674,2012
2011-06-07T12:00:00Z,2.5564647393092184,2012
2011-06-08T12:00:00Z,2.4775610673763686,2012
2011-06-09T12:00:00Z,2.4734909021003415,2012
2011-06-10T12:00:00Z,2.463373185348282,2012
2011-06-11T12:00:00Z,2.447840804458737,2012
2011-06-12T12:00:00Z,2.581113228343101,2012
2011-06-13T12:00:00Z,2.7330762889475326,2012
2011-06-14T12:00:00Z,2.7700147989200987,2012
2011-06-15T12:00:00Z,2.7367468744105183,2012
2011-06-16T12:00:00Z,2.921892874385328,2012
2011-06-17T12:00:00Z,2.8578080930749885,2012
2011-06-18T12:00:00Z,2.831217767524376,2012
2011-06-19T12:00:00Z,3.185422193667956,2012
2011-06-20T12:00:00Z,3.9789452738724718,2012
2011-06-21T12:00:00Z,4.122065724336822,2012
2011-06-22T12:00:00Z,4.071691271639471,2012
2011-06-23T12:00:00Z,4.042745476936107,2012
2011-06-24T12:00:00Z,4.31321847202825,2012
2011-06-25T12:00:00Z,4.955117194182013,2012
2011-06-26T12:00:00Z,5.478188712080582,2012
2011-06-27T12:00:00Z,5.926168346805492,2012
2011-06-28T12:00:00Z,6.398753941380913,2012
2011-06-29T12:00:00Z,7.479012320552247,2012
2011-06-30T12:00:00Z,8.830504327601277,2012
2011-07-01T12:00:00Z,10.009055125620383,2012
2011-07-02T12:00:00Z,10.333153906022995,2012
2011-07-03T12:00:00Z,10.644834265568761,2012
2011-07-04T12:00:00Z,10.972040857178905,2012
2011-07-05T12:00:00Z,10.939388057752218,2012
2011-07-06T12:00:00Z,10.387193790795063,2012
2011-07-07T12:00:00Z,11.6597697939355,2012
2011-07-08T12:00:00Z,12.133919469310484,2012
2011-07-09T12:00:00Z,12.364795959417735,2012
2011-07-10T12:00:00Z,12.063544135502733,2012
2011-07-11T12:00:00Z,11.897181821570257,2012
2011-07-12T12:00:00Z,12.919561387252578,2012
2011-07-13T12:00:00Z,13.523273756351024,2012
2011-07-14T12:00:00Z,16.185602104585186,2012
2011-07-15T12:00:00Z,16.649740760313513,2012
2011-07-16T12:00:00Z,16.651586872414335,2012
2011-07-17T12:00:00Z,17.578606475665318,2012
2011-07-18T12:00:00Z,19.408994144927117,2012
2011-07-19T12:00:00Z,20.35785105475853,2012
2011-07-20T12:00:00Z,20.732727741866178,2012
2011-07-21T12:00:00Z,20.61384002648933,2012
2011-07-22T12:00:00Z,20.533349985123824,2012
2011-07-23T12:00:00Z,21.208549279829093,2012
2011-07-24T12:00:00Z,20.849278487198067,2012
2011-07-25T12:00:00Z,20.576420059158334,2012
2011-07-26T12:00:00Z,20.938047403336714,2012
2011-07-27T12:00:00Z,21.773070675781835,2012
2011-07-28T12:00:00Z,21.759868944485028,2012
2011-07-29T12:00:00Z,21.34437553025894,2012
2011-07-30T12:00:00Z,20.889776954124557,2012
2011-07-31T12:00:00Z,20.457567323662953,2012
2011-08-01T12:00:00Z,20.287837973024292,2012
2011-08-02T12:00:00Z,20.766618034120228,2012
2011-08-03T12:00:00Z,21.897302422755196,2012
2011-08-04T12:00:00Z,23.54812890037349,2012
2011-08-05T12:00:00Z,25.33133982181835,2012
2011-08-06T12:00:00Z,25.14705669629624,2012
2011-08-07T12:00:00Z,26.4024172681638,2012
2011-08-08T12:00:00Z,30.288470851209397,2012
2011-08-09T12:00:00Z,30.568746080495814,2012
2011-08-10T12:00:00Z,33.113505859466535,2012
2011-08-11T12:00:00Z,33.59206332485334,2012
2011-08-12T12:00:00Z,34.22587852958583,2012
2011-08-13T12:00:00Z,34.57892677979907,2012
2011-08-14T12:00:00Z,36.44629075131019,2012
2011-08-15T12:00:00Z,37.38526304596258,2012
2011-08-16T12:00:00Z,38.87869318302477,2012
2011-08-17T12:00:00Z,39.30389442512499,2012
2011-08-18T12:00:00Z,39.49966213040961,2012
2011-08-19T12:00:00Z,40.65326613556073,2012
2011-08-20T12:00:00Z,41.03980653759385,2012
2011-08-21T12:00:00Z,41.10806803025381,2012
2011-08-22T12:00:00Z,41.15409390656048,2012
2011-08-23T12:00:00Z,41.70833077799723,2012
2011-08-24T12:00:00Z,42.93011391541882,2012
2011-08-25T12:00:00Z,43.18734685832609,2012
2011-08-26T12:00:00Z,43.48107331887504,2012
2011-08-27T12:00:00Z,43.3379251952649,2012
2011-08-28T12:00:00Z,43.216067723192424,2012
2011-08-29T12:00:00Z,43.34401461229971,2012
2011-08-30T12:00:00Z,43.817678381743086,2012
2011-08-31T12:00:00Z,44.70349559543658,2012
2011-09-01T12:00:00Z,45.9256327994655,2012
2011-09-02T12:00:00Z,47.69763619068789,2012
2011-09-03T12:00:00Z,49.04811350885951,2012
2011-09-04T12:00:00Z,50.50229698780703,2012
2011-09-05T12:00:00Z,51.24261987659841,2012
2011-09-06T12:00:00Z,51.171772435674,2012
2011-09-07T12:00:00Z,51.296016864742285,2012
2011-09-08T12:00:00Z,52.7310817446191,2012
2011-09-09T12:00:00Z,52.702960093863794,2012
2011-09-10T12:00:00Z,52.857343294982364,2012
2011-09-11T12:00:00Z,52.76782804831246,2012
2011-09-12T12:00:00Z,53.090238359493625,2012
2011-09-13T12:00:00Z,53.35652513052077,2012
2011-09-14T12:00:00Z,54.10250398421903,2012
2011-09-15T12:00:00Z,53.77300220574171,2012
2011-09-16T12:00:00Z,53.476059543492916,2012
2011-09-17T12:00:00Z,53.205847394058786,2012
2011-09-18T12:00:00Z,53.08432279150859,2012
2011-09-19T12:00:00Z,52.819709212606945,2012
2011-09-20T12:00:00Z,52.714229624930724,2012
2011-09-21T12:00:00Z,52.4333714494894,2012
2011-09-22T12:00:00Z,52.32023379641088,2012
2011-09-23T12:00:00Z,52.29516785546699,2012
2011-09-24T12:00:00Z,53.27417479150654,2012
2011-09-25T12:00:00Z,53.54110939515588,2012
2011-09-26T12:00:00Z,55.174465499813856,2012
2011-09-27T12:00:00Z,55.264656950201754,2012
2011-09-28T12:00:00Z,55.782202514117536,2012
2011-09-29T12:00:00Z,55.72047426375931,2012
2011-09-30T12:00:00Z,56.435181707554975,2012
2011-10-01T12:00:00Z,56.25795609234476,2012
2011-10-02T12:00:00Z,55.827443768753575,2012
2011-10-03T12:00:00Z,55.59011480174668,2012
2011-10-04T12:00:00Z,55.236917776051726,2012
2011-10-05T12:00:00Z,54.8769867524603,2012
2011-10-06T12:00:00Z,54.48108779962147,2012
2011-10-07T12:00:00Z,54.19498291198694,2012
2011-10-08T12:00:00Z,55.391224859428746,2012
2011-10-09T12:00:00Z,57.91678169264218,2012
2011-10-10T12:00:00Z,58.06727038991616,2012
2011-10-11T12:00:00Z,57.954985380029704,2012
2011-10-12T12:00:00Z,57.803809922829885,2012
2011-10-13T12:00:00Z,57.70870069607905,2012
2011-10-14T12:00:00Z,57.48104295690545,2012
2011-10-15T12:00:00Z,57.29905517843575,2012
2011-10-16T12:00:00Z,57.61195805577654,2012
2011-10-17T12:00:00Z,62.989275698327134,2012
2011-10-18T12:00:00Z,65.32139502961834,2012
2011-10-19T12:00:00Z,67.72148101889022,2012
2011-10-20T12:00:00Z,67.93542773150082,2012
2011-10-21T12:00:00Z,67.78424702480159,2012
2011-10-22T12:00:00Z,67.76727954885096,2012
2011-10-23T12:00:00Z,67.7600011270634,2012
2011-10-24T12:00:00Z,67.79373165970443,2012
2011-10-25T12:00:00Z,67.65649067604691,2012
2011-10-26T12:00:00Z,67.41215864111723,2012
2011-10-27T12:00:00Z,67.23251929737954,2012
2011-10-28T12:00:00Z,67.27447514800018,2012
2011-10-29T12:00:00Z,74.90655269062154,2012
2011-10-30T12:00:00Z,75.49275733613653,2012
2011-10-31T12:00:00Z,79.11608510969926,2012
2011-11-01T12:00:00Z,83.38627932525067,2012
2011-11-02T12:00:00Z,83.53468716123109,2012
2011-11-03T12:00:00Z,83.46806306844711,2012
2011-11-04T12:00:00Z,83.4399822809486,2012
2011-11-05T12:00:00Z,83.15913387223068,2012
2011-11-06T12:00:00Z,83.16346525845587,2012
2011-11-07T12:00:00Z,83.16616329978022,2012
2011-11-08T12:00:00Z,83.1400068428392,2012
2011-11-09T12:00:00Z,83.0045644786448,2012
2011-11-10T12:00:00Z,82.83544866725508,2012
2011-11-11T12:00:00Z,82.49801102782983,2012
2011-11-12T12:00:00Z,82.0399325049846,2012
2011-11-13T12:00:00Z,81.73737179596552,2012
2011-11-14T12:00:00Z,81.36836796230232,2012
2011-11-15T12:00:00Z,81.0676913910736,2012
2011-11-16T12:00:00Z,80.6486563016071,2012
2011-11-17T12:00:00Z,80.34119552584845,2012
2011-11-18T12:00:00Z,80.9797706192099,2012
2011-11-19T12:00:00Z,81.55547865951712,2012
2011-11-20T12:00:00Z,81.42424494761082,2012
2011-11-21T12:00:00Z,81.1973231932898,2012
2011-11-22T12:00:00Z,80.84521000386715,2012
2011-11-23T12:00:00Z,80.42635964918222,2012
2011-11-24T12:00:00Z,79.88864496616668,2012
2011-11-25T12:00:00Z,79.1402702331543,2012
2011-11-26T12:00:00Z,78.64483551272534,2012
2011-11-27T12:00:00Z,78.07704475645399,2012
2011-11-28T12:00:00Z,77.59884712892017,2012
2011-11-29T12:00:00Z,77.00536713946273,2012
2011-11-30T12:00:00Z,76.28173717368342,2012
2011-12-01T12:00:00Z,75.46845404631232,2012
2011-12-02T12:00:00Z,74.9602845391615,2012
2011-12-03T12:00:00Z,74.41897723513159,2012
2011-12-04T12:00:00Z,73.93753583801673,2012
2011-12-05T12:00:00Z,73.63895033645859,2012
2011-12-06T12:00:00Z,73.11215207214904,2012
2011-12-07T12:00:00Z,72.57621024394365,2012
2011-12-08T12:00:00Z,71.84501426207068,2012
2011-12-09T12:00:00Z,71.3541575376331,2012
2011-12-10T12:00:00Z,71.53664592246345,2012
2011-12-11T12:00:00Z,71.36063844970263,2012
2011-12-12T12:00:00Z,71.18557790288256,2012
2011-12-13T12:00:00Z,70.81958970754677,2012
2011-12-14T12:00:00Z,70.30087789891363,2012
2011-12-15T12:00:00Z,69.76262666396774,2012
2011-12-16T12:00:00Z,69.41461647093189,2012
2011-12-17T12:00:00Z,69.13494622700216,2012
2011-12-18T12:00:00Z,68.70082335537897,2012
2011-12-19T12:00:00Z,68.19561799157502,2012
2011-12-20T12:00:00Z,67.63777998184543,2012
2011-12-21T12:00:00Z,67.1957418330787,2012
2011-12-22T12:00:00Z,66.80287973853594,2012
2011-12-23T12:00:00Z,66.5602054492971,2012
2011-12-24T12:00:00Z,66.24864207303803,2012
2011-12-25T12:00:00Z,65.92837792152262,2012
2011-12-26T12:00:00Z,65.59845057431995,2012
2011-12-27T12:00:00Z,65.19922101776544,2012
2011-12-28T12:00:00Z,64.57263479021115,2012
2011-12-29T12:00:00Z,64.10121187051043,2012
2011-12-30T12:00:00Z,63.69036530218371,2012
2011-12-31T12:00:00Z,63.36454423287706,2012
2012-01-01T12:00:00Z,63.0734473047102,2012
2012-01-02T12:00:00Z,62.74990119773897,2012
2012-01-03T12:00:00Z,61.99937023856215,2012
2012-01-04T12:00:00Z,61.38718382040755,2012
2012-01-05T12:00:00Z,60.9333739758396,2012
2012-01-06T12:00:00Z,60.63422444371599,2012
2012-01-07T12:00:00Z,60.25333221243324,2012
2012-01-08T12:00:00Z,60.0159989410199,2012
2012-01-09T12:00:00Z,59.687999494217365,2012
2012-01-10T12:00:00Z,59.373013139986746,2012
2012-01-11T12:00:00Z,59.05179282213015,2012
2012-01-12T12:00:00Z,58.819279746803325,2012
2012-01-13T12:00:00Z,58.53900200947359,2012
2012-01-14T12:00:00Z,58.08370528653059,2012
2012-01-15T12:00:00Z,57.53570351603508,2012
2012-01-16T12:00:00Z,57.139683817844585,2012
2012-01-17T12:00:00Z,56.71061647045591,2012
2012-01-18T12:00:00Z,56.36112383846473,2012
2012-01-19T12:00:00Z,55.985962131456766,2012
2012-01-20T12:00:00Z,55.67046940877327,2012
2012-01-21T12:00:00Z,55.262408496236546,2012
2012-01-22T12:00:00Z,54.865766801016015,2012
2012-01-23T12:00:00Z,54.53948608242829,2012
2012-01-24T12:00:00Z,54.189822809669025,2012
2012-01-25T12:00:00Z,53.840181054365296,2012
2012-01-26T12:00:00Z,53.46912082884937,2012
2012-01-27T12:00:00Z,53.1016057088265,2012
2012-01-28T12:00:00Z,52.74000190730287,2012
2012-01-29T12:00:00Z,52.371202174817725,2012
2012-01-30T12:00:00Z,52.00481248659936,2012
2012-01-31T12:00:00Z,51.58183132736856,2012
2012-02-01T12:00:00Z,51.213287593793495,2012
2012-02-02T12:00:00Z,50.8297747043914,2012
2012-02-03T12:00:00Z,50.57620025524924,2012
2012-02-04T12:00:00Z,50.35474074694949,2012
2012-02-05T12:00:00Z,50.04560370579693,2012
2012-02-06T12:00:00Z,50.46078051845686,2012
2012-02-07T12:00:00Z,51.51857925534034,2012
2012-02-08T12:00:00Z,52.48883946584096,2012
2012-02-09T12:00:00Z,52.261087299751964,2012
2012-02-10T12:00:00Z,52.248326739223685,2012
2012-02-11T12:00:00Z,53.3953434418402,2012
2012-02-12T12:00:00Z,52.893853341453294,2012
2012-02-13T12:00:00Z,52.440317525789276,2012
2012-02-14T12:00:00Z,52.09431789789503,2012
2012-02-15T12:00:00Z,51.79343443368821,2012
2012-02-16T12:00:00Z,51.54946275606939,2012
2012-02-17T12:00:00Z,51.24906016340067,2012
2012-02-18T12:00:00Z,50.99717953366724,2012
2012-02-19T12:00:00Z,50.600676082892555,2012
2012-02-20T12:00:00Z,50.09088860862471,2012
2012-02-21T12:00:00Z,49.5845017550445,2012
2012-02-22T12:00:00Z,49.178406050052196,2012
2012-02-23T12:00:00Z,48.71176870811751,2012
2012-02-24T12:00:00Z,48.24756834216653,2012
2012-02-25T12:00:00Z,47.87108778424369,2012
2012-02-26T12:00:00Z,47.52089923201883,2012
2012-02-27T12:00:00Z,47.15272783532283,2012
2012-02-28T12:00:00Z,46.78072725374969,2012
2012-02-29T12:00:00Z,46.3778290499737,2012
2012-03-01T12:00:00Z,45.889000273065506,2012
2012-03-02T12:00:00Z,45.44178885933019,2012
2012-03-03T12:00:00Z,44.97074274567694,2012
2012-03-04T12:00:00Z,44.53305047990036,2012
2012-03-05T12:00:00Z,43.8806914070372,2012
2012-03-06T12:00:00Z,43.43326573637909,2012
2012-03-07T12:00:00Z,43.02215391043495,2012
2012-03-08T12:00:00Z,43.277120412862004,2012
2012-03-09T12:00:00Z,43.39305223443226,2012
2012-03-10T12:00:00Z,43.11915986553666,2012
2012-03-11T12:00:00Z,42.980324173660144,2012
2012-03-12T12:00:00Z,42.63821829902818,2012
2012-03-13T12:00:00Z,42.15269434287581,2012
2012-03-14T12:00:00Z,41.72295255838359,2012
2012-03-15T12:00:00Z,41.39908763928977,2012
2012-03-16T12:00:00Z,41.56376906076304,2012
2012-03-17T12:00:00Z,41.226738573336355,2012
2012-03-18T12:00:00Z,40.62655032546347,2012
2012-03-19T12:00:00Z,40.18327829490254,2012
2012-03-20T12:00:00Z,39.69024880631784,2012
2012-03-21T12:00:00Z,39.170107628102066,2012
2012-03-22T12:00:00Z,38.61713078298037,2012
2012-03-23T12:00:00Z,37.98109315209712,2012
2012-03-24T12:00:00Z,37.39812819143935,2012
2012-03-25T12:00:00Z,36.74502252946017,2012
2012-03-26T12:00:00Z,36.09414974686337,2012
2012-03-27T12:00:00Z,35.491359857148446,2012
2012-03-28T12:00:00Z,34.8876105310249,2012
2012-03-29T12:00:00Z,34.2009360113756,2012
2012-03-30T12:00:00Z,33.5952108391188,2012
2012-03-31T12:00:00Z,32.93034947469124,2012
2012-04-01T12:00:00Z,32.44631070581538,2012
2012-04-02T12:00:00Z,31.79483990363182,2012
2012-04-03T12:00:00Z,31.064074074070682,2012
2012-04-04T12:00:00Z,30.40527532310921,2012
2012-04-05T12:00:00Z,29.896188407582155,2012
2012-04-06T12:00:00Z,29.6739342111131,2012
2012-04-07T12:00:00Z,29.252679137176713,2012
2012-04-08T12:00:00Z,28.516984775957408,2012
2012-04-09T12:00:00Z,27.763333357803536,2012
2012-04-10T12:00:00Z,27.117304087400292,2012
2012-04-11T12:00:00Z,26.44716469685189,2012
2012-04-12T12:00:00Z,25.73307352460782,2012
2012-04-13T12:00:00Z,25.097959940635164,2012
2012-04-14T12:00:00Z,26.120064532320587,2012
2012-04-15T12:00:00Z,25.913377508976964,2012
2012-04-16T12:00:00Z,25.228353574737934,2012
2012-04-17T12:00:00Z,24.624334958905436,2012
2012-04-18T12:00:00Z,23.936176020868825,2012
2012-04-19T12:00:00Z,23.400677006474925,2012
2012-04-20T12:00:00Z,23.456347732681248,2012
2012-04-21T12:00:00Z,26.162483295424657,2012
2012-04-22T12:00:00Z,27.83768530870242,2012
2012-04-23T12:00:00Z,27.56160561482064,2012
2012-04-24T12:00:00Z,26.890728935054053,2012
2012-04-25T12:00:00Z,26.15873502011634,2012
2012-04-26T12:00:00Z,25.570177166348955,2012
2012-04-27T12:00:00Z,24.973107535322768,2012
2012-04-28T12:00:00Z,25.50003845590135,2012
2012-04-29T12:00:00Z,32.5636083537687,2012
2012-04-30T12:00:00Z,34.06288065049343,2012
2012-05-01T12:00:00Z,34.12243587354306,2012
2012-05-02T12:00:00Z,33.85523405343956,2012
2012-05-03T12:00:00Z,33.4307154087371,2012
2012-05-04T12:00:00Z,32.94008879956186,2012
2012-05-05T12:00:00Z,32.44694829344678,2012
2012-05-06T12:00:00Z,31.835181958816978,2012
2012-05-07T12:00:00Z,31.288954395552775,2012
2012-05-08T12:00:00Z,31.103742792853783,2012
2012-05-09T12:00:00Z,31.992376161608497,2012
2012-05-10T12:00:00Z,31.940011620020968,2012
2012-05-11T12:00:00Z,31.645599568898476,2012
2012-05-12T12:00:00Z,31.53278390189882,2012
2012-05-13T12:00:00Z,30.976481098433634,2012
2012-05-14T12:00:00Z,30.6443730144352,2012
2012-05-15T12:00:00Z,31.690891169757993,2012
2012-05-16T12:00:00Z,31.72885963197375,2012
2012-05-17T12:00:00Z,34.610439547680066,2012
2012-05-18T12:00:00Z,34.45336678361349,2012
2012-05-19T12:00:00Z,35.849267459587914,2012
2012-05-20T12:00:00Z,38.036114647492866,2012
2012-05-21T12:00:00Z,39.60290072417645,2012
2012-05-22T12:00:00Z,40.802855369782975,2012
2012-05-23T12:00:00Z,44.55466339898524,2012
2012-05-24T12:00:00Z,44.64186870114991,2012
2012-05-25T12:00:00Z,44.420435680625104,2012
2012-05-26T12:00:00Z,44.10535832286668,2012
2012-05-27T12:00:00Z,44.22910447054876,2012
2012-05-28T12:00:00Z,44.221510012420126,2012
2012-05-29T12:00:00Z,47.126519936033546,2012
2012-05-30T12:00:00Z,46.79333786029049,2012
2012-06-01T12:00:00Z,49.9552833818002,2013
2012-06-02T12:00:00Z,50.84858841143758,2013
2012-06-03T12:00:00Z,50.65420254419575,2013
2012-06-04T12:00:00Z,50.45820604403289,2013
2012-06-05T12:00:00Z,50.00944614009937,2013
2012-06-06T12:00:00Z,49.65359926366777,2013
2012-06-07T12:00:00Z,49.3357596303005,2013
2012-06-08T12:00:00Z,49.06129983262381,2013
2012-06-09T12:00:00Z,49.70968441428292,2013
2012-06-10T12:00:00Z,49.364269707398854,2013
2012-06-11T12:00:00Z,48.80333007190066,2013
2012-06-12T12:00:00Z,48.06148503194259,2013
2012-06-13T12:00:00Z,47.41601743738166,2013
2012-06-14T12:00:00Z,46.942751504020485,2013
2012-06-15T12:00:00Z,47.290918662580964,2013
2012-06-16T12:00:00Z,47.86400967182052,2013
2012-06-17T12:00:00Z,47.797990385901095,2013
2012-06-18T12:00:00Z,47.234683683838185,2013
2012-06-19T12:00:00Z,46.622581925875565,2013
2012-06-20T12:00:00Z,50.01461118985309,2013
2012-06-21T12:00:00Z,50.10827335112811,2013
2012-06-22T12:00:00Z,51.65137880779557,2013
2012-06-23T12:00:00Z,55.466989548104785,2013
2012-06-24T12:00:00Z,57.31427697385938,2013
2012-06-25T12:00:00Z,57.2930444100694,2013
2012-06-26T12:00:00Z,56.952385333175066,2013
2012-06-27T12:00:00Z,56.724080617226164,2013
2012-06-28T12:00:00Z,56.446534042953374,2013
2012-06-29T12:00:00Z,56.24285649767019,2013
2012-06-30T12:00:00Z,55.90753058037074,2013
2012-07-01T12:00:00Z,55.58380918268251,2013
2012-07-02T12:00:00Z,55.16056741807156,2013
2012-07-03T12:00:00Z,54.67950216337958,2013
2012-07-04T12:00:00Z,54.29384716471012,2013
2012-07-05T12:00:00Z,54.84084935179712,2013
2012-07-06T12:00:00Z,55.141399266838526,2013
2012-07-07T12:00:00Z,54.79627098033152,2013
2012-07-08T12:00:00Z,54.33660703772331,2013
2012-07-09T12:00:00Z,54.268936489038865,2013
2012-07-10T12:00:00Z,54.3009376113974,2013
2012-07-11T12:00:00Z,55.69865218164253,2013
2012-07-12T12:00:00Z,56.512148618555095,2013
2012-07-13T12:00:00Z,56.50771729733033,2013
2012-07-14T12:00:00Z,56.28827966096234,2013
2012-07-15T12:00:00Z,55.854262616867494,2013
2012-07-16T12:00:00Z,58.08218642831492,2013
2012-07-17T12:00:00Z,58.02671324942165,2013
2012-07-18T12:00:00Z,57.40223396131931,2013
2012-07-19T12:00:00Z,56.63130824381388,2013
2012-07-20T12:00:00Z,55.86478921790715,2013
2012-07-21T12:00:00Z,55.11011070567259,2013
2012-07-22T12:00:00Z,55.39264808247457,2013
2012-07-23T12:00:00Z,56.06814995567171,2013
2012-07-24T12:00:00Z,57.63404308655481,2013
2012-07-25T12:00:00Z,57.16128457200406,2013
2012-07-26T12:00:00Z,56.54383960167805,2013
2012-07-27T12:00:00Z,55.94907063356616,2013
2012-07-28T12:00:00Z,55.398860011475485,2013
2012-07-29T12:00:00Z,54.93919880803502,2013
2012-07-30T12:00:00Z,54.38442940531767,2013
2012-07-31T12:00:00Z,55.084654548887585,2013
2012-08-01T12:00:00Z,54.65684627127919,2013
2012-08-02T12:00:00Z,54.405350507199586,2013
2012-08-03T12:00:00Z,54.988095666236624,2013
2012-08-04T12:00:00Z,55.00171781744725,2013
2012-08-05T12:00:00Z,55.91906026601076,2013
2012-08-06T12:00:00Z,55.58411293968013,2013
2012-08-07T12:00:00Z,55.33877409012216,2013
2012-08-08T12:00:00Z,54.73421647152503,2013
2012-08-09T12:00:00Z,54.12793568758172,2013
2012-08-10T12:00:00Z,54.00686408204809,2013
2012-08-11T12:00:00Z,54.17555788540168,2013
2012-08-12T12:00:00Z,54.669804205205104,2013
2012-08-13T12:00:00Z,54.66113848992286,2013
2012-08-14T12:00:00Z,54.931363337470444,2013
2012-08-15T12:00:00Z,55.71914329139787,2013
2012-08-16T12:00:00Z,55.45084789347062,2013
2012-08-17T12:00:00Z,55.93294978928409,2013
2012-08-18T12:00:00Z,55.665441642353905,2013
2012-08-19T12:00:00Z,55.2169524446246,2013
2012-08-20T12:00:00Z,54.85762852083514,2013
2012-08-21T12:00:00Z,54.570740936041304,2013
2012-08-22T12:00:00Z,54.350650862869415,2013
2012-08-23T12:00:00Z,54.702027859198665,2013
2012-08-24T12:00:00Z,54.28854926417671,2013
2012-08-25T12:00:00Z,55.692481420250374,2013
2012-08-26T12:00:00Z,58.93278510969559,2013
2012-08-27T12:00:00Z,64.26341488522974,2013
2012-08-28T12:00:00Z,64.42664831444111,2013
2012-08-29T12:00:00Z,64.45899034990975,2013
2012-08-30T12:00:00Z,64.39198704829957,2013
2012-08-31T12:00:00Z,64.29821130195347,2013
2012-09-01T12:00:00Z,64.21282176593856,2013
2012-09-02T12:00:00Z,64.17320395402731,2013
2012-09-03T12:00:00Z,64.33432353980254,2013
2012-09-04T12:00:00Z,66.51145955882676,2013
2012-09-05T12:00:00Z,66.74461496784505,2013
2012-09-06T12:00:00Z,67.61410211930392,2013
2012-09-07T12:00:00Z,67.9715183374763,2013
2012-09-08T12:00:00Z,68.09129618396999,2013
2012-09-09T12:00:00Z,68.16089252776275,2013
2012-09-10T12:00:00Z,68.16126121241815,2013
2012-09-11T12:00:00Z,69.90315845903696,2013
2012-09-12T12:00:00Z,70.54079078212068,2013
2012-09-13T12:00:00Z,71.06834715286557,2013
2012-09-14T12:00:00Z,71.43110597469739,2013
2012-09-15T12:00:00Z,71.5662712458729,2013
2012-09-16T12:00:00Z,72.06080528584225,2013
2012-09-17T12:00:00Z,72.29722809176567,2013
2012-09-18T12:00:00Z,73.85787159737242,2013
2012-09-19T12:00:00Z,74.74497641670396,2013
2012-09-20T12:00:00Z,75.74240278668509,2013
2012-09-21T12:00:00Z,77.68654340573536,2013
2012-09-22T12:00:00Z,80.30994910713292,2013
2012-09-23T12:00:00Z,82.02510780879102,2013
2012-09-24T12:00:00Z,82.58924904624789,2013
2012-09-25T12:00:00Z,82.6711894071381,2013
2012-09-26T12:00:00Z,83.00407837820254,2013
2012-09-27T12:00:00Z,83.27122433942166,2013
2012-09-28T12:00:00Z,83.2361894709376,2013
2012-09-29T12:00:00Z,83.20898188068685,2013
2012-09-30T12:00:00Z,83.10655075100702,2013
2012-10-01T12:00:00Z,83.0961182084567,2013
2012-10-02T12:00:00Z,89.18950902278651,2013
2012-10-03T12:00:00Z,90.18792964887247,2013
2012-10-04T12:00:00Z,90.40768058241379,2013
2012-10-05T12:00:00Z,90.62556597567205,2013
2012-10-06T12:00:00Z,90.68177487625644,2013
2012-10-07T12:00:00Z,92.02905119888499,2013
2012-10-08T12:00:00Z,93.27232826521244,2013
2012-10-09T12:00:00Z,93.47393557406072,2013
2012-10-10T12:00:00Z,95.03315923195366,2013
2012-10-11T12:00:00Z,94.6475559525241,2013
2012-10-12T12:00:00Z,94.11263110155679,2013
2012-10-13T12:00:00Z,93.62288352952578,2013
2012-10-14T12:00:00Z,93.35483635923572,2013
2012-10-15T12:00:00Z,93.4930954048143,2013
2012-10-16T12:00:00Z,93.14190768795093,2013
2012-10-17T12:00:00Z,92.8219549274044,2013
2012-10-18T12:00:00Z,93.31245687584286,2013
2012-10-19T12:00:00Z,92.97094476902349,2013
2012-10-20T12:00:00Z,92.58704598878198,2013
2012-10-21T12:00:00Z,91.93475357128892,2013
2012-10-22T12:00:00Z,91.1370346330209,2013
2012-10-23T12:00:00Z,90.39567600929887,2013
2012-10-24T12:00:00Z,89.9346842797273,2013
2012-10-25T12:00:00Z,91.23175757991102,2013
2012-10-26T12:00:00Z,91.64267775793596,2013
2012-10-27T12:00:00Z,90.92813540334535,2013
2012-10-28T12:00:00Z,90.09321778451317,2013
2012-10-29T12:00:00Z,89.05286853929873,2013
2012-10-30T12:00:00Z,88.11127207847005,2013
2012-10-31T12:00:00Z,87.41922094325642,2013
2012-11-01T12:00:00Z,87.06469379418184,2013
2012-11-02T12:00:00Z,86.65618522337402,2013
2012-11-03T12:00:00Z,86.14532531115847,2013
2012-11-04T12:00:00Z,85.73861638042264,2013
2012-11-05T12:00:00Z,85.26318603085413,2013
2012-11-06T12:00:00Z,84.82291383062498,2013
2012-11-07T12:00:00Z,84.1030135014562,2013
2012-11-08T12:00:00Z,83.26707350943141,2013
2012-11-09T12:00:00Z,82.52133720594749,2013
2012-11-10T12:00:00Z,81.93344679834175,2013
2012-11-11T12:00:00Z,81.33943691608359,2013
2012-11-12T12:00:00Z,80.86314848846636,2013
2012-11-13T12:00:00Z,80.4066741865555,2013
2012-11-14T12:00:00Z,79.845386873553025,2013
2012-11-15T12:00:00Z,79.47203076550828,2013
2012-11-16T12:00:00Z,78.9263716012901,2013
2012-11-17T12:00:00Z,78.44692263863512,2013
2012-11-18T12:00:00Z,77.8228910408409,2013
2012-11-19T12:00:00Z,77.05950044427149,2013
2012-11-20T12:00:00Z,76.34225913301226,2013
2012-11-21T12:00:00Z,75.8542575756089,2013
2012-11-22T12:00:00Z,75.13050389647412,2013
2012-11-23T12:00:00Z,74.43310893103973,2013
2012-11-24T12:00:00Z,73.79645580207078,2013
2012-11-25T12:00:00Z,73.2349331792272,2013
2012-11-26T12:00:00Z,72.76818097531617,2013
2012-11-27T12:00:00Z,72.28429136407826,2013
2012-11-28T12:00:00Z,71.97785794785013,2013
2012-11-29T12:00:00Z,71.43548047821466,2013
2012-11-30T12:00:00Z,71.00702937720561,2013
2012-12-01T12:00:00Z,70.6129989006166,2013
2012-12-02T12:00:00Z,70.17207132990517,2013
2012-12-03T12:00:00Z,69.86130750458184,2013
2012-12-04T12:00:00Z,69.4451242800451,2013
2012-12-05T12:00:00Z,68.98782616828684,2013
2012-12-06T12:00:00Z,68.70082692751001,2013
2012-12-07T12:00:00Z,68.2534195980628,2013
2012-12-08T12:00:00Z,67.934363845157,2013
2012-12-09T12:00:00Z,68.17960435927951,2013
2012-12-10T12:00:00Z,67.805574827875,2013
2012-12-11T12:00:00Z,69.16484393627256,2013
2012-12-12T12:00:00Z,68.8166634182624,2013
2012-12-13T12:00:00Z,68.49719523182155,2013
2012-12-14T12:00:00Z,67.97867627249697,2013
2012-12-15T12:00:00Z,67.49004709556135,2013
2012-12-16T12:00:00Z,67.07400629401708,2013
2012-12-17T12:00:00Z,66.65593188811579,2013
2012-12-18T12:00:00Z,66.25363042930965,2013
2012-12-19T12:00:00Z,65.73291950878013,2013
2012-12-20T12:00:00Z,65.28762432480545,2013
2012-12-21T12:00:00Z,64.74188514347912,2013
2012-12-22T12:00:00Z,63.80219868120492,2013
2012-12-23T12:00:00Z,63.15436844348049,2013
2012-12-24T12:00:00Z,62.719790053067264,2013
2012-12-25T12:00:00Z,62.23562606051788,2013
2012-12-26T12:00:00Z,61.8470318524796,2013
2012-12-27T12:00:00Z,61.667957717813124,2013
2012-12-28T12:00:00Z,61.36143253832144,2013
2012-12-29T12:00:00Z,61.10307810416676,2013
2012-12-30T12:00:00Z,60.58143407024161,2013
2012-12-31T12:00:00Z,60.196622602511965,2013
2013-01-01T12:00:00Z,60.35018728904976,2013
2013-01-02T12:00:00Z,60.02732745916027,2013
2013-01-03T12:00:00Z,59.775256112870444,2013
2013-01-04T12:00:00Z,59.54068418341478,2013
2013-01-05T12:00:00Z,59.40226225003413,2013
2013-01-06T12:00:00Z,59.1168188267864,2013
2013-01-07T12:00:00Z,58.82534992558983,2013
2013-01-08T12:00:00Z,58.610695640412935,2013
2013-01-09T12:00:00Z,58.37188131450248,2013
2013-01-10T12:00:00Z,58.01047652484274,2013
2013-01-11T12:00:00Z,57.66520832796331,2013
2013-01-12T12:00:00Z,57.39167246049081,2013
2013-01-13T12:00:00Z,57.013475673243036,2013
2013-01-14T12:00:00Z,56.68006082316251,2013
2013-01-15T12:00:00Z,56.38916320205807,2013
2013-01-16T12:00:00Z,56.098045413195194,2013
2013-01-17T12:00:00Z,55.928303147048815,2013
2013-01-18T12:00:00Z,55.50890835474262,2013
2013-01-19T12:00:00Z,55.2432003559005,2013
2013-01-20T12:00:00Z,55.02441245149408,2013
2013-01-21T12:00:00Z,54.77957537764908,2013
2013-01-22T12:00:00Z,54.35474122750523,2013
2013-01-23T12:00:00Z,53.848615235601564,2013
2013-01-24T12:00:00Z,53.44723194948413,2013
2013-01-25T12:00:00Z,53.10462986672075,2013
2013-01-26T12:00:00Z,52.7609776026057,2013
2013-01-27T12:00:00Z,52.392635922125876,2013
2013-01-28T12:00:00Z,52.100463784806514,2013
2013-01-29T12:00:00Z,51.7733990646939,2013
2013-01-30T12:00:00Z,51.33312348913274,2013
2013-01-31T12:00:00Z,51.06362539519074,2013
2013-02-01T12:00:00Z,50.610943714729956,2013
2013-02-02T12:00:00Z,50.11625681455506,2013
2013-02-03T12:00:00Z,49.75167040032545,2013
2013-02-04T12:00:00Z,49.315955777045275,2013
2013-02-05T12:00:00Z,48.985165532506294,2013
2013-02-06T12:00:00Z,48.725375801914815,2013
2013-02-07T12:00:00Z,48.39440374254251,2013
2013-02-08T12:00:00Z,48.082340517370156,2013
2013-02-09T12:00:00Z,47.81303698900723,2013
2013-02-10T12:00:00Z,47.386761459963864,2013
2013-02-11T12:00:00Z,47.00536856511144,2013
2013-02-12T12:00:00Z,46.596215653719845,2013
2013-02-13T12:00:00Z,46.3148799958026,2013
2013-02-14T12:00:00Z,46.108569236164975,2013
2013-02-15T12:00:00Z,47.53994099251439,2013
2013-02-16T12:00:00Z,47.91961814088598,2013
2013-02-17T12:00:00Z,47.337825949061894,2013
2013-02-18T12:00:00Z,46.7852141798508,2013
2013-02-19T12:00:00Z,46.441291827388916,2013
2013-02-20T12:00:00Z,46.53603371961716,2013
2013-02-21T12:00:00Z,46.26111380812216,2013
2013-02-22T12:00:00Z,45.97323202900924,2013
2013-02-23T12:00:00Z,45.642952574035974,2013
2013-02-24T12:00:00Z,45.31399601351092,2013
2013-02-25T12:00:00Z,44.96852367426295,2013
2013-02-26T12:00:00Z,44.554519955383924,2013
2013-02-27T12:00:00Z,44.39088991665168,2013
2013-02-28T12:00:00Z,44.47340657600902,2013
2013-03-01T12:00:00Z,44.21473777601658,2013
2013-03-02T12:00:00Z,43.793460983248906,2013
2013-03-03T12:00:00Z,43.46984198283634,2013
2013-03-04T12:00:00Z,43.021921637248475,2013
2013-03-05T12:00:00Z,42.678976387339716,2013
2013-03-06T12:00:00Z,42.28181838531586,2013
2013-03-07T12:00:00Z,41.76613720148426,2013
2013-03-08T12:00:00Z,41.37375535833385,2013
2013-03-09T12:00:00Z,40.985340626424275,2013
2013-03-10T12:00:00Z,40.560746939509805,2013
2013-03-11T12:00:00Z,40.169030672930354,2013
2013-03-12T12:00:00Z,39.81403979671595,2013
2013-03-13T12:00:00Z,39.45700087887696,2013
2013-03-14T12:00:00Z,38.943735766854196,2013
2013-03-15T12:00:00Z,38.320862136776746,2013
2013-03-16T12:00:00Z,37.81320174639999,2013
2013-03-17T12:00:00Z,37.36803993495124,2013
2013-03-18T12:00:00Z,36.98352613260307,2013
2013-03-19T12:00:00Z,37.05837292090532,2013
2013-03-20T12:00:00Z,36.827475702826966,2013
2013-03-21T12:00:00Z,36.31534953766693,2013
2013-03-22T12:00:00Z,35.89624204217994,2013
2013-03-23T12:00:00Z,36.05824143627695,2013
2013-03-24T12:00:00Z,35.504275037631636,2013
2013-03-25T12:00:00Z,35.150896899630084,2013
2013-03-26T12:00:00Z,34.37176180944231,2013
2013-03-27T12:00:00Z,33.639149526814606,2013
2013-03-28T12:00:00Z,33.05075478510865,2013
2013-03-29T12:00:00Z,32.39957093649019,2013
2013-03-30T12:00:00Z,31.91935917397209,2013
2013-03-31T12:00:00Z,31.29670198849024,2013
2013-04-01T12:00:00Z,30.789964153012903,2013
2013-04-02T12:00:00Z,30.25613903555959,2013
2013-04-03T12:00:00Z,29.673958589019502,2013
2013-04-04T12:00:00Z,29.23808359742236,2013
2013-04-05T12:00:00Z,34.002084627935254,2013
2013-04-06T12:00:00Z,35.16570284270782,2013
2013-04-07T12:00:00Z,34.86477586989926,2013
2013-04-08T12:00:00Z,34.428074006628115,2013
2013-04-09T12:00:00Z,33.886660332728376,2013
2013-04-10T12:00:00Z,33.43100716785964,2013
2013-04-11T12:00:00Z,33.00859309186747,2013
2013-04-12T12:00:00Z,32.699056367925635,2013
2013-04-13T12:00:00Z,32.49248306008964,2013
2013-04-14T12:00:00Z,32.64178012099607,2013
2013-04-15T12:00:00Z,32.37504073282023,2013
2013-04-16T12:00:00Z,33.8349068612486,2013
2013-04-17T12:00:00Z,33.7260764888038,2013
2013-04-18T12:00:00Z,33.28192108007842,2013
2013-04-19T12:00:00Z,32.9197084807892,2013
2013-04-20T12:00:00Z,32.68813283241789,2013
2013-04-21T12:00:00Z,33.7923126403772,2013
2013-04-22T12:00:00Z,35.51161541220809,2013
2013-04-23T12:00:00Z,37.23671103181707,2013
2013-04-24T12:00:00Z,36.93318472383404,2013
2013-04-25T12:00:00Z,36.48126012691139,2013
2013-04-26T12:00:00Z,35.965199198777185,2013
2013-04-27T12:00:00Z,35.43249788152721,2013
2013-04-28T12:00:00Z,34.88032783457957,2013
2013-04-29T12:00:00Z,34.64207296251321,2013
2013-04-30T12:00:00Z,36.55555027147647,2013
2013-05-01T12:00:00Z,37.2211383139937,2013
2013-05-02T12:00:00Z,40.94915975606148,2013
2013-05-03T12:00:00Z,43.27272391819854,2013
2013-05-04T12:00:00Z,44.2441983740703,2013
2013-05-05T12:00:00Z,43.7609345974433,2013
2013-05-06T12:00:00Z,43.22988619973149,2013
2013-05-07T12:00:00Z,42.266688490457426,2013
2013-05-08T12:00:00Z,41.33608308779528,2013
2013-05-09T12:00:00Z,40.541376957152515,2013
2013-05-10T12:00:00Z,40.35656707388381,2013
2013-05-11T12:00:00Z,40.440320958330304,2013
2013-05-12T12:00:00Z,41.3839884405016,2013
2013-05-13T12:00:00Z,42.13716465767516,2013
2013-05-14T12:00:00Z,41.59734279721815,2013
2013-05-15T12:00:00Z,40.870589365555844,2013
2013-05-16T12:00:00Z,40.12606017691115,2013
2013-05-17T12:00:00Z,39.37410320288848,2013
2013-05-18T12:00:00Z,38.80093560450508,2013
2013-05-19T12:00:00Z,38.69926853328675,2013
2013-05-20T12:00:00Z,38.844582771067856,2013
2013-05-21T12:00:00Z,40.13928139359921,2013
2013-05-22T12:00:00Z,40.413710783539095,2013
2013-05-23T12:00:00Z,40.129780364880396,2013
2013-05-24T12:00:00Z,39.15011412924324,2013
2013-05-25T12:00:00Z,38.421077824382635,2013
2013-05-26T12:00:00Z,37.59305357175025,2013
2013-05-27T12:00:00Z,36.7623996974897,2013
2013-05-28T12:00:00Z,37.119686183918,2013
2013-05-29T12:00:00Z,40.79121755910048,2013
2013-05-30T12:00:00Z,41.82734685896683,2013
2013-06-01T12:00:00Z,41.317711727735016,2014
2013-06-02T12:00:00Z,45.07158268892486,2014
2013-06-03T12:00:00Z,45.34343327943908,2014
2013-06-04T12:00:00Z,45.35730118228064,2014
2013-06-05T12:00:00Z,45.40943039114345,2014
2013-06-06T12:00:00Z,51.90728308043225,2014
2013-06-07T12:00:00Z,52.44628238964024,2014
2013-06-08T12:00:00Z,53.256301323811165,2014
2013-06-09T12:00:00Z,53.54087003720472,2014
2013-06-10T12:00:00Z,53.35957833228886,2014
2013-06-11T12:00:00Z,53.27006020457286,2014
2013-06-12T12:00:00Z,53.66916957642407,2014
2013-06-13T12:00:00Z,54.62431680305174,2014
2013-06-14T12:00:00Z,54.84801096421341,2014
2013-06-15T12:00:00Z,54.84013700571043,2014
2013-06-16T12:00:00Z,54.87252744458433,2014
2013-06-17T12:00:00Z,54.54816494663103,2014
2013-06-18T12:00:00Z,54.073243160053295,2014
2013-06-19T12:00:00Z,54.01960621440775,2014
2013-06-20T12:00:00Z,54.11948784940888,2014
2013-06-21T12:00:00Z,54.9022917927706,2014
2013-06-22T12:00:00Z,54.77763804004946,2014
2013-06-23T12:00:00Z,54.70354245648673,2014
2013-06-24T12:00:00Z,55.13753687784782,2014
2013-06-25T12:00:00Z,55.39892294139439,2014
2013-06-26T12:00:00Z,56.00153293392225,2014
2013-06-27T12:00:00Z,56.012528349127535,2014
2013-06-28T12:00:00Z,56.17807218509301,2014
2013-06-29T12:00:00Z,56.52041135123195,2014
2013-06-30T12:00:00Z,57.681332929733635,2014
2013-07-01T12:00:00Z,58.009804694182016,2014
2013-07-02T12:00:00Z,59.29944757966131,2014
2013-07-03T12:00:00Z,59.57083648425344,2014
2013-07-04T12:00:00Z,61.02522895460581,2014
2013-07-05T12:00:00Z,61.883418046005055,2014
2013-07-06T12:00:00Z,62.0200965597591,2014
2013-07-07T12:00:00Z,62.04797676328992,2014
2013-07-08T12:00:00Z,62.04239099155877,2014
2013-07-09T12:00:00Z,62.15558396118018,2014
2013-07-10T12:00:00Z,63.559672794445014,2014
2013-07-11T12:00:00Z,64.42199881175499,2014
2013-07-12T12:00:00Z,65.89329383726526,2014
2013-07-13T12:00:00Z,66.70463875517133,2014
2013-07-14T12:00:00Z,73.87091184134388,2014
2013-07-15T12:00:00Z,77.64995562136352,2014
2013-07-16T12:00:00Z,79.03432957970173,2014
2013-07-17T12:00:00Z,81.8112973474641,2014
2013-07-18T12:00:00Z,82.47385310611828,2014
2013-07-19T12:00:00Z,83.98147950976211,2014
2013-07-20T12:00:00Z,84.37804620167275,2014
2013-07-21T12:00:00Z,85.97858450007996,2014
2013-07-22T12:00:00Z,86.4440404391961,2014
2013-07-23T12:00:00Z,86.63298799438111,2014
2013-07-24T12:00:00Z,86.94246454130194,2014
2013-07-25T12:00:00Z,87.01726470654356,2014
2013-07-26T12:00:00Z,86.9473642602107,2014
2013-07-27T12:00:00Z,87.98621753081635,2014
2013-07-28T12:00:00Z,89.1537760486843,2014
2013-07-29T12:00:00Z,89.60609587982306,2014
2013-07-30T12:00:00Z,90.28891309750745,2014
2013-07-31T12:00:00Z,90.60643019787766,2014
2013-08-01T12:00:00Z,90.46602059898079,2014
2013-08-02T12:00:00Z,90.2654717004292,2014
2013-08-03T12:00:00Z,91.27765715472628,2014
2013-08-04T12:00:00Z,92.34379557270309,2014
2013-08-05T12:00:00Z,93.02566741137856,2014
2013-08-06T12:00:00Z,93.08054889342566,2014
2013-08-07T12:00:00Z,92.91025851683911,2014
2013-08-08T12:00:00Z,92.88098976808033,2014
2013-08-09T12:00:00Z,92.34134299238785,2014
2013-08-10T12:00:00Z,91.86807239305924,2014
2013-08-11T12:00:00Z,91.21829500066784,2014
2013-08-12T12:00:00Z,90.53958034458172,2014
2013-08-13T12:00:00Z,89.92734158704148,2014
2013-08-14T12:00:00Z,89.25520387408115,2014
2013-08-15T12:00:00Z,88.77486331575848,2014
2013-08-16T12:00:00Z,88.26780691301315,2014
2013-08-17T12:00:00Z,87.46230683672836,2014
2013-08-18T12:00:00Z,86.63381558460037,2014
2013-08-19T12:00:00Z,86.05238315969008,2014
2013-08-20T12:00:00Z,85.47756247929492,2014
2013-08-21T12:00:00Z,85.09909684856852,2014
2013-08-22T12:00:00Z,84.77596342685199,2014
2013-08-23T12:00:00Z,84.19131075670852,2014
2013-08-24T12:00:00Z,84.05685706273051,2014
2013-08-25T12:00:00Z,84.42822277066803,2014
2013-08-26T12:00:00Z,83.92319193326863,2014
2013-08-27T12:00:00Z,83.78762827222764,2014
2013-08-28T12:00:00Z,83.83677743592517,2014
2013-08-29T12:00:00Z,83.50808061349156,2014
2013-08-30T12:00:00Z,82.83188574687406,2014
2013-08-31T12:00:00Z,82.0768146961123,2014
2013-09-01T12:00:00Z,81.809065744987,2014
2013-09-02T12:00:00Z,82.51157597688837,2014
2013-09-03T12:00:00Z,82.47893561470201,2014
2013-09-04T12:00:00Z,82.49294330205615,2014
2013-09-05T12:00:00Z,82.31062029247593,2014
2013-09-06T12:00:00Z,81.73630118184127,2014
2013-09-07T12:00:00Z,81.1152141939471,2014
2013-09-08T12:00:00Z,80.4772698162699,2014
2013-09-09T12:00:00Z,80.28192568197176,2014
2013-09-10T12:00:00Z,80.58615485536316,2014
2013-09-11T12:00:00Z,80.96238042583134,2014
2013-09-12T12:00:00Z,81.26893827167184,2014
2013-09-13T12:00:00Z,80.79778691859894,2014
2013-09-14T12:00:00Z,80.0530195939877,2014
2013-09-15T12:00:00Z,80.40003721286382,2014
2013-09-16T12:00:00Z,80.71614630321007,2014
2013-09-17T12:00:00Z,80.70013889296726,2014
2013-09-18T12:00:00Z,80.99068768781034,2014
2013-09-19T12:00:00Z,83.711420566076,2014
2013-09-20T12:00:00Z,83.70032678797493,2014
2013-09-21T12:00:00Z,83.12645539739708,2014
2013-09-22T12:00:00Z,83.49558562637448,2014
2013-09-23T12:00:00Z,84.2860222617952,2014
2013-09-24T12:00:00Z,86.08474212445108,2014
2013-09-25T12:00:00Z,86.25004804870935,2014
2013-09-26T12:00:00Z,86.55395004373149,2014
2013-09-27T12:00:00Z,86.12036970581347,2014
2013-09-28T12:00:00Z,85.61640564495744,2014
2013-09-29T12:00:00Z,85.98048127419804,2014
2013-09-30T12:00:00Z,85.29462893279498,2014
2013-10-01T12:00:00Z,84.74188500617747,2014
2013-10-02T12:00:00Z,83.97824753210368,2014
2013-10-03T12:00:00Z,83.78693569300056,2014
2013-10-04T12:00:00Z,83.77704688096804,2014
2013-10-05T12:00:00Z,82.95221290748565,2014
2013-10-06T12:00:00Z,82.15638240683772,2014
2013-10-07T12:00:00Z,81.48970062402314,2014
2013-10-08T12:00:00Z,81.13187269543772,2014
2013-10-09T12:00:00Z,80.4662124665826,2014
2013-10-10T12:00:00Z,79.75852586211883,2014
2013-10-11T12:00:00Z,78.99978020753271,2014
2013-10-12T12:00:00Z,78.1630306621476,2014
2013-10-13T12:00:00Z,77.43830406129467,2014
2013-10-14T12:00:00Z,76.56575825948092,2014
2013-10-15T12:00:00Z,75.86534550694842,2014
2013-10-16T12:00:00Z,75.05215634195548,2014
2013-10-17T12:00:00Z,74.293569048794,2014
2013-10-18T12:00:00Z,73.90509973032859,2014
2013-10-19T12:00:00Z,73.3089592744293,2014
2013-10-20T12:00:00Z,72.86802199420346,2014
2013-10-21T12:00:00Z,72.41346166801796,2014
2013-10-22T12:00:00Z,73.72363324728853,2014
2013-10-23T12:00:00Z,73.72674471071971,2014
2013-10-24T12:00:00Z,73.62303463455868,2014
2013-10-25T12:00:00Z,73.02243473348177,2014
2013-10-26T12:00:00Z,72.2138123194758,2014
2013-10-27T12:00:00Z,71.55868508076338,2014
2013-10-28T12:00:00Z,71.00828200067384,2014
2013-10-29T12:00:00Z,70.36613210805105,2014
2013-10-30T12:00:00Z,69.72871531421865,2014
2013-10-31T12:00:00Z,69.08901779595863,2014
2013-11-01T12:00:00Z,68.77613804479094,2014
2013-11-02T12:00:00Z,68.50731915918452,2014
2013-11-03T12:00:00Z,67.92584046362114,2014
2013-11-04T12:00:00Z,67.20691524155497,2014
2013-11-05T12:00:00Z,66.73109659379159,2014
2013-11-06T12:00:00Z,66.27162582772752,2014
2013-11-07T12:00:00Z,65.79376533750867,2014
2013-11-08T12:00:00Z,65.2569837656004,2014
2013-11-09T12:00:00Z,65.37316005274288,2014
2013-11-10T12:00:00Z,65.12851180069163,2014
2013-11-11T12:00:00Z,64.76193346688328,2014
2013-11-12T12:00:00Z,64.11903806982744,2014
2013-11-13T12:00:00Z,63.53971356607585,2014
2013-11-14T12:00:00Z,62.833397378446676,2014
2013-11-15T12:00:00Z,62.26788059365056,2014
2013-11-16T12:00:00Z,61.85704827494584,2014
2013-11-17T12:00:00Z,61.41901202050239,2014
2013-11-18T12:00:00Z,60.88523943236866,2014
2013-11-19T12:00:00Z,60.54982433078814,2014
2013-11-20T12:00:00Z,61.952281539999376,2014
2013-11-21T12:00:00Z,63.82189643690525,2014
2013-11-22T12:00:00Z,64.6186548701002,2014
2013-11-23T12:00:00Z,64.20696005681066,2014
2013-11-24T12:00:00Z,63.8239892548834,2014
2013-11-25T12:00:00Z,63.16954686989238,2014
2013-11-26T12:00:00Z,63.01484055910986,2014
2013-11-27T12:00:00Z,65.53164342183443,2014
2013-11-28T12:00:00Z,65.04235261575005,2014
2013-11-29T12:00:00Z,64.41198668911848,2014
2013-11-30T12:00:00Z,63.925079585980995,2014
2013-12-01T12:00:00Z,63.454503279641926,2014
2013-12-02T12:00:00Z,63.101978942742946,2014
2013-12-03T12:00:00Z,62.686597903045126,2014
2013-12-04T12:00:00Z,62.179485206626886,2014
2013-12-05T12:00:00Z,61.72253341995175,2014
2013-12-06T12:00:00Z,61.28439366066606,2014
2013-12-07T12:00:00Z,60.79967071313521,2014
2013-12-08T12:00:00Z,60.38769525300262,2014
2013-12-09T12:00:00Z,59.976435656167105,2014
2013-12-10T12:00:00Z,59.50960777845651,2014
2013-12-11T12:00:00Z,59.12553904166676,2014
2013-12-12T12:00:00Z,58.84626254451869,2014
2013-12-13T12:00:00Z,58.433409873353696,2014
2013-12-14T12:00:00Z,58.3381867640449,2014
2013-12-15T12:00:00Z,58.13830673272694,2014
2013-12-16T12:00:00Z,57.85275427595755,2014
2013-12-17T12:00:00Z,57.42491374848199,2014
2013-12-18T12:00:00Z,57.16312580989661,2014
2013-12-19T12:00:00Z,56.69156192031247,2014
2013-12-20T12:00:00Z,56.37437784049635,2014
2013-12-21T12:00:00Z,56.05906474497337,2014
2013-12-22T12:00:00Z,55.77678159817866,2014
2013-12-23T12:00:00Z,55.42088173475534,2014
2013-12-24T12:00:00Z,55.164573566457364,2014
2013-12-25T12:00:00Z,54.78976694895396,2014
2013-12-26T12:00:00Z,55.103489732198824,2014
2013-12-27T12:00:00Z,55.07836239224933,2014
2013-12-28T12:00:00Z,55.22257070878915,2014
2013-12-29T12:00:00Z,55.00225895296405,2014
2013-12-30T12:00:00Z,54.809465434641346,2014
2013-12-31T12:00:00Z,54.54872245308019,2014
2014-01-01T12:00:00Z,54.109533954110056,2014
2014-01-02T12:00:00Z,53.8259658378688,2014
2014-01-03T12:00:00Z,53.47199164598233,2014
2014-01-04T12:00:00Z,52.97562177094,2014
2014-01-05T12:00:00Z,53.03453529646244,2014
2014-01-06T12:00:00Z,52.90112044272054,2014
2014-01-07T12:00:00Z,52.355592110947924,2014
2014-01-08T12:00:00Z,52.21709250374046,2014
2014-01-09T12:00:00Z,52.399851121084374,2014
2014-01-10T12:00:00Z,52.60193128534328,2014
2014-01-11T12:00:00Z,52.3657311781052,2014
2014-01-12T12:00:00Z,52.103528787650674,2014
2014-01-13T12:00:00Z,51.85446685534719,2014
2014-01-14T12:00:00Z,51.54428123698381,2014
2014-01-15T12:00:00Z,51.57807251415928,2014
2014-01-16T12:00:00Z,51.26994474075766,2014
2014-01-17T12:00:00Z,50.67338157658385,2014
2014-01-18T12:00:00Z,50.32508718288081,2014
2014-01-19T12:00:00Z,49.91214107337224,2014
2014-01-20T12:00:00Z,49.55375708229326,2014
2014-01-21T12:00:00Z,49.32352005398481,2014
2014-01-22T12:00:00Z,49.099880271138154,2014
2014-01-23T12:00:00Z,48.66627396947979,2014
2014-01-24T12:00:00Z,48.404843887027035,2014
2014-01-25T12:00:00Z,48.07750127068092,2014
2014-01-26T12:00:00Z,47.824953547193395,2014
2014-01-27T12:00:00Z,47.60762391436508,2014
2014-01-28T12:00:00Z,47.286868609707014,2014
2014-01-29T12:00:00Z,47.48975762937622,2014
2014-01-30T12:00:00Z,48.053954993455655,2014
2014-01-31T12:00:00Z,50.25481619603203,2014
2014-02-01T12:00:00Z,50.32536736976335,2014
2014-02-02T12:00:00Z,50.123116075027184,2014
2014-02-03T12:00:00Z,49.95876006530872,2014
2014-02-04T12:00:00Z,50.83917666311098,2014
2014-02-05T12:00:00Z,50.56094911388816,2014
2014-02-06T12:00:00Z,51.33420991811769,2014
2014-02-07T12:00:00Z,50.91840591384897,2014
2014-02-08T12:00:00Z,50.63376024746223,2014
2014-02-09T12:00:00Z,50.19715231453221,2014
2014-02-10T12:00:00Z,49.79599908189139,2014
2014-02-11T12:00:00Z,49.39663721003358,2014
2014-02-12T12:00:00Z,49.01487905162498,2014
2014-02-13T12:00:00Z,49.742030090533405,2014
2014-02-14T12:00:00Z,49.21492653144786,2014
2014-02-15T12:00:00Z,48.77223432114114,2014
2014-02-16T12:00:00Z,48.140067759000694,2014
2014-02-17T12:00:00Z,47.782481401211214,2014
2014-02-18T12:00:00Z,47.50483863112021,2014
2014-02-19T12:00:00Z,47.11106117628403,2014
2014-02-20T12:00:00Z,46.75217555594716,2014
2014-02-21T12:00:00Z,46.3965014301522,2014
2014-02-22T12:00:00Z,46.09939346816916,2014
2014-02-23T12:00:00Z,45.95866245070688,2014
2014-02-24T12:00:00Z,45.748361728258594,2014
2014-02-25T12:00:00Z,45.342111652742695,2014
2014-02-26T12:00:00Z,44.87945753210808,2014
2014-02-27T12:00:00Z,44.599781299538435,2014
2014-02-28T12:00:00Z,44.73399009086732,2014
2014-03-01T12:00:00Z,44.25257918844698,2014
2014-03-02T12:00:00Z,43.82435187767134,2014
2014-03-03T12:00:00Z,43.436754134005966,2014
2014-03-04T12:00:00Z,42.99544053515347,2014
2014-03-05T12:00:00Z,42.6131746169687,2014
2014-03-06T12:00:00Z,42.51795183031875,2014
2014-03-07T12:00:00Z,43.390864472369195,2014
2014-03-08T12:00:00Z,42.82160089054577,2014
2014-03-09T12:00:00Z,42.269771543890684,2014
2014-03-10T12:00:00Z,41.892868659849576,2014
2014-03-11T12:00:00Z,41.423921799044734,2014
2014-03-12T12:00:00Z,40.89336217000374,2014
2014-03-13T12:00:00Z,40.33309931489044,2014
2014-03-14T12:00:00Z,39.62234756341579,2014
2014-03-15T12:00:00Z,39.05743715987637,2014
2014-03-16T12:00:00Z,38.479669251696535,2014
2014-03-17T12:00:00Z,37.96945886320172,2014
2014-03-18T12:00:00Z,38.304727772859735,2014
2014-03-19T12:00:00Z,38.030899587904685,2014
2014-03-20T12:00:00Z,37.51092628611729,2014
2014-03-21T12:00:00Z,36.99592242958879,2014
2014-03-22T12:00:00Z,36.433485187880635,2014
2014-03-23T12:00:00Z,35.8306732429454,2014
2014-03-24T12:00:00Z,35.268072658051395,2014
2014-03-25T12:00:00Z,35.74147035979767,2014
2014-03-26T12:00:00Z,35.132865441224496,2014
2014-03-27T12:00:00Z,34.55006022644958,2014
2014-03-28T12:00:00Z,34.18607920948159,2014
2014-03-29T12:00:00Z,33.837063227003036,2014
2014-03-30T12:00:00Z,34.33762391885026,2014
2014-03-31T12:00:00Z,33.78015036488552,2014
2014-04-01T12:00:00Z,33.39297304799904,2014
2014-04-02T12:00:00Z,32.87130869800771,2014
2014-04-03T12:00:00Z,32.30023727005087,2014
2014-04-04T12:00:00Z,31.800041189577026,2014
2014-04-05T12:00:00Z,31.343647099284976,2014
2014-04-06T12:00:00Z,30.794486946879424,2014
2014-04-07T12:00:00Z,30.264617588109576,2014
2014-04-08T12:00:00Z,29.665709618543822,2014
2014-04-09T12:00:00Z,29.090180020026267,2014
2014-04-10T12:00:00Z,28.511274515116508,2014
2014-04-11T12:00:00Z,28.014385594103103,2014
2014-04-12T12:00:00Z,27.50250026975196,2014
2014-04-13T12:00:00Z,26.926227690863193,2014
2014-04-14T12:00:00Z,26.462100117665678,2014
2014-04-15T12:00:00Z,26.98800325307863,2014
2014-04-16T12:00:00Z,26.922199999849884,2014
2014-04-17T12:00:00Z,27.238300890999778,2014
2014-04-18T12:00:00Z,27.651691336079708,2014
2014-04-19T12:00:00Z,28.055590725116694,2014
2014-04-20T12:00:00Z,27.677736448254784,2014
2014-04-21T12:00:00Z,27.06515974103153,2014
2014-04-22T12:00:00Z,26.49368228008451,2014
2014-04-23T12:00:00Z,25.85265500229422,2014
2014-04-24T12:00:00Z,25.171463394851546,2014
2014-04-25T12:00:00Z,24.556985204063924,2014
2014-04-26T12:00:00Z,23.856305784283816,2014
2014-04-27T12:00:00Z,23.15801478605036,2014
2014-04-28T12:00:00Z,22.406113554205664,2014
2014-04-29T12:00:00Z,21.64598407299131,2014
2014-04-30T12:00:00Z,20.860993038056208,2014
2014-05-01T12:00:00Z,20.35145464727245,2014
2014-05-02T12:00:00Z,21.48542275111262,2014
2014-05-03T12:00:00Z,21.034292357226796,2014
2014-05-04T12:00:00Z,20.79833038366692,2014
2014-05-05T12:00:00Z,20.02477830544731,2014
2014-05-06T12:00:00Z,19.272807715678542,2014
2014-05-07T12:00:00Z,18.504701183023894,2014
2014-05-08T12:00:00Z,17.691935765221224,2014
2014-05-09T12:00:00Z,16.742364495545715,2014
2014-05-10T12:00:00Z,16.055803760054875,2014
2014-05-11T12:00:00Z,15.403718079931377,2014
2014-05-12T12:00:00Z,14.628219723486943,2014
2014-05-13T12:00:00Z,14.254375041282026,2014
2014-05-14T12:00:00Z,13.716089055290748,2014
2014-05-15T12:00:00Z,14.903628968877856,2014
2014-05-16T12:00:00Z,18.043389877017272,2014
2014-05-17T12:00:00Z,17.652652607753595,2014
2014-05-18T12:00:00Z,16.93230448301209,2014
2014-05-19T12:00:00Z,16.0830520282052,2014
2014-05-20T12:00:00Z,15.245237138790504,2014
2014-05-21T12:00:00Z,14.431740148094649,2014
2014-05-22T12:00:00Z,13.608507063693462,2014
2014-05-23T12:00:00Z,12.762338335097873,2014
2014-05-24T12:00:00Z,12.011779732523955,2014
2014-05-25T12:00:00Z,11.28390974103153,2014
2014-05-26T12:00:00Z,10.38529635991747,2014
2014-05-27T12:00:00Z,9.910293361707296,2014
2014-05-28T12:00:00Z,9.522901618559345,2014
2014-05-29T12:00:00Z,9.484318042702494,2014
2014-05-30T12:00:00Z,9.51289050966662,2014
2014-06-01T12:00:00Z,9.236988204928595,2015
2014-06-02T12:00:00Z,9.851899296349226,2015
2014-06-03T12:00:00Z,9.920441971328634,2015
2014-06-04T12:00:00Z,9.679083102752008,2015
2014-06-05T12:00:00Z,9.371799409496763,2015
2014-06-06T12:00:00Z,8.861762723596637,2015
2014-06-07T12:00:00Z,8.44462286818149,2015
2014-06-08T12:00:00Z,8.535923619719416,2015
2014-06-09T12:00:00Z,8.71977141665783,2015
2014-06-10T12:00:00Z,13.363298291422037,2015
2014-06-11T12:00:00Z,13.522535080386266,2015
2014-06-12T12:00:00Z,14.80567035320353,2015
2014-06-13T12:00:00Z,15.384171017359028,2015
2014-06-14T12:00:00Z,16.683418676677263,2015
2014-06-15T12:00:00Z,16.862287259345006,2015
2014-06-16T12:00:00Z,16.823622332265725,2015
2014-06-17T12:00:00Z,16.26644922861741,2015
2014-06-18T12:00:00Z,16.512404434396323,2015
2014-06-19T12:00:00Z,16.672873748156864,2015
2014-06-20T12:00:00Z,18.734096680419775,2015
2014-06-21T12:00:00Z,19.146641182627732,2015
2014-06-22T12:00:00Z,19.076276102964222,2015
2014-06-23T12:00:00Z,19.132122119887544,2015
2014-06-24T12:00:00Z,17.44826149668748,2015
2014-06-25T12:00:00Z,18.597358177290324,2015
2014-06-26T12:00:00Z,20.023473024511308,2015
2014-06-27T12:00:00Z,20.31388033687818,2015
2014-06-28T12:00:00Z,21.750061900156588,2015
2014-06-29T12:00:00Z,22.21172662745283,2015
2014-06-30T12:00:00Z,24.53920815415774,2015
2014-07-01T12:00:00Z,25.26647246463183,2015
2014-07-02T12:00:00Z,26.16455594608007,2015
2014-07-03T12:00:00Z,27.510683461299685,2015
2014-07-04T12:00:00Z,26.993657552058924,2015
2014-07-05T12:00:00Z,27.421270829299715,2015
2014-07-06T12:00:00Z,27.41283697301067,2015
2014-07-07T12:00:00Z,27.994734205167024,2015
2014-07-08T12:00:00Z,28.050023949067608,2015
2014-07-09T12:00:00Z,30.605179883365366,2015
2014-07-10T12:00:00Z,30.75302022649059,2015
2014-07-11T12:00:00Z,31.412689353151098,2015
2014-07-12T12:00:00Z,31.2967161008106,2015
2014-07-13T12:00:00Z,31.499736238970467,2015
2014-07-14T12:00:00Z,31.195259636579763,2015
2014-07-15T12:00:00Z,31.201503877233588,2015
2014-07-16T12:00:00Z,31.217851548403697,2015
2014-07-17T12:00:00Z,31.533576420702186,2015
2014-07-18T12:00:00Z,31.89716898157844,2015
2014-07-19T12:00:00Z,32.18559140192225,2015
2014-07-20T12:00:00Z,33.33724527524915,2015
2014-07-21T12:00:00Z,33.48237284687227,2015
2014-07-22T12:00:00Z,34.33714784142781,2015
2014-07-23T12:00:00Z,34.77430218225764,2015
2014-07-24T12:00:00Z,35.87311378895485,2015
2014-07-25T12:00:00Z,35.96395604912221,2015
2014-07-26T12:00:00Z,36.469401862425364,2015
2014-07-27T12:00:00Z,36.681237981072,2015
2014-07-28T12:00:00Z,36.53799010324278,2015
2014-07-29T12:00:00Z,36.48432426246684,2015
2014-07-30T12:00:00Z,36.529170232542846,2015
2014-07-31T12:00:00Z,37.31106867615735,2015
2014-08-01T12:00:00Z,41.26292664288187,2015
2014-08-02T12:00:00Z,42.21929887932936,2015
2014-08-03T12:00:00Z,42.67980280362995,2015
2014-08-04T12:00:00Z,46.3590487438401,2015
2014-08-05T12:00:00Z,50.12305927333821,2015
2014-08-06T12:00:00Z,51.52241068509931,2015
2014-08-07T12:00:00Z,51.91573462574941,2015
2014-08-08T12:00:00Z,53.00754487621763,2015
2014-08-09T12:00:00Z,53.370066063233885,2015
2014-08-10T12:00:00Z,53.42486975245942,2015
2014-08-11T12:00:00Z,54.273005652012905,2015
2014-08-12T12:00:00Z,54.0219684593965,2015
2014-08-13T12:00:00Z,54.09713689052351,2015
2014-08-14T12:00:00Z,53.98587794495544,2015
2014-08-15T12:00:00Z,55.40955463082188,2015
2014-08-16T12:00:00Z,56.488256865228514,2015
2014-08-17T12:00:00Z,57.094696420213026,2015
2014-08-18T12:00:00Z,57.647977509753176,2015
2014-08-19T12:00:00Z,57.51752411968778,2015
2014-08-20T12:00:00Z,57.23793739176969,2015
2014-08-21T12:00:00Z,57.25767554161287,2015
2014-08-22T12:00:00Z,57.33430218939733,2015
2014-08-23T12:00:00Z,57.13047638351358,2015
2014-08-24T12:00:00Z,56.92775785129229,2015
2014-08-25T12:00:00Z,56.811586033318235,2015
2014-08-26T12:00:00Z,56.917066765174795,2015
2014-08-27T12:00:00Z,56.293643756905354,2015
2014-08-28T12:00:00Z,55.796827811714266,2015
2014-08-29T12:00:00Z,56.191903071412085,2015
2014-08-30T12:00:00Z,55.77936893318968,2015
2014-08-31T12:00:00Z,55.26167539471842,2015
2014-09-01T12:00:00Z,54.981084044421586,2015
2014-09-02T12:00:00Z,55.36313302830157,2015
2014-09-03T12:00:00Z,56.69196907917611,2015
2014-09-04T12:00:00Z,56.576546866377456,2015
2014-09-05T12:00:00Z,56.43639160961753,2015
2014-09-06T12:00:00Z,57.670144365444536,2015
2014-09-07T12:00:00Z,57.79399759467662,2015
2014-09-08T12:00:00Z,58.49919039400738,2015
2014-09-09T12:00:00Z,58.3495891184312,2015
2014-09-10T12:00:00Z,58.35354919296292,2015
2014-09-11T12:00:00Z,58.4159929931128,2015
2014-09-12T12:00:00Z,62.754396155986086,2015
2014-09-13T12:00:00Z,63.61360038935816,2015
2014-09-14T12:00:00Z,63.892579511746575,2015
2014-09-15T12:00:00Z,64.24024599529557,2015
2014-09-16T12:00:00Z,64.08965347509722,2015
2014-09-17T12:00:00Z,64.55177274634184,2015
2014-09-18T12:00:00Z,64.62958671693396,2015
2014-09-19T12:00:00Z,64.81513624185563,2015
2014-09-20T12:00:00Z,65.25504834335867,2015
2014-09-21T12:00:00Z,65.26732179427762,2015
2014-09-22T12:00:00Z,66.2996445365773,2015
2014-09-23T12:00:00Z,66.3633338365286,2015
2014-09-24T12:00:00Z,66.31791609665127,2015
2014-09-25T12:00:00Z,66.29347110237987,2015
2014-09-26T12:00:00Z,66.42365607231336,2015
2014-09-27T12:00:00Z,66.65551254601985,2015
2014-09-28T12:00:00Z,66.57209211920433,2015
2014-09-29T12:00:00Z,66.7014241827843,2015
2014-09-30T12:00:00Z,67.35343806330286,2015
2014-10-01T12:00:00Z,67.75171085396568,2015
2014-10-02T12:00:00Z,67.72091654667113,2015
2014-10-03T12:00:00Z,67.8693127028586,2015
2014-10-04T12:00:00Z,67.7677960661835,2015
2014-10-05T12:00:00Z,67.49634832326137,2015
2014-10-06T12:00:00Z,67.17689857643096,2015
2014-10-07T12:00:00Z,67.00701642508412,2015
2014-10-08T12:00:00Z,67.00579829865326,2015
2014-10-09T12:00:00Z,66.90744101164508,2015
2014-10-10T12:00:00Z,66.6441670184945,2015
2014-10-11T12:00:00Z,66.38151917117187,2015
2014-10-12T12:00:00Z,66.12415814185185,2015
2014-10-13T12:00:00Z,65.9752768120082,2015
2014-10-14T12:00:00Z,65.75876455415704,2015
2014-10-15T12:00:00Z,65.73661447901459,2015
2014-10-16T12:00:00Z,65.38548685679125,2015
2014-10-17T12:00:00Z,64.95078237541578,2015
2014-10-18T12:00:00Z,64.54963387510486,2015
2014-10-19T12:00:00Z,64.25337542125975,2015
2014-10-20T12:00:00Z,63.97138244088853,2015
2014-10-21T12:00:00Z,63.867720752114224,2015
2014-10-22T12:00:00Z,63.74931436137089,2015
2014-10-23T12:00:00Z,63.8299724874056,2015
2014-10-24T12:00:00Z,63.66208216867979,2015
2014-10-25T12:00:00Z,63.12288349520038,2015
2014-10-26T12:00:00Z,62.670275909570286,2015
2014-10-27T12:00:00Z,62.22969428865081,2015
2014-10-28T12:00:00Z,61.85722039628329,2015
2014-10-29T12:00:00Z,61.461789067662544,2015
2014-10-30T12:00:00Z,61.230514061829965,2015
2014-10-31T12:00:00Z,61.12410377269028,2015
2014-11-01T12:00:00Z,60.706244896040324,2015
2014-11-02T12:00:00Z,59.97877681162376,2015
2014-11-03T12:00:00Z,59.414773441033226,2015
2014-11-04T12:00:00Z,58.99852953603615,2015
2014-11-05T12:00:00Z,58.71057587264896,2015
2014-11-06T12:00:00Z,58.63135053271938,2015
2014-11-07T12:00:00Z,58.23000517160362,2015
2014-11-08T12:00:00Z,57.833064238897826,2015
2014-11-09T12:00:00Z,62.006499154880935,2015
2014-11-10T12:00:00Z,63.17850279736533,2015
2014-11-11T12:00:00Z,62.90843920830702,2015
2014-11-12T12:00:00Z,62.4250079534264,2015
2014-11-13T12:00:00Z,62.03981104108768,2015
2014-11-14T12:00:00Z,61.84764536655657,2015
2014-11-15T12:00:00Z,61.56946385915078,2015
2014-11-16T12:00:00Z,61.24687817258326,2015
2014-11-17T12:00:00Z,60.939235833710946,2015
2014-11-18T12:00:00Z,60.817982024322674,2015
2014-11-19T12:00:00Z,61.234193830484394,2015
2014-11-20T12:00:00Z,61.056129119177385,2015
2014-11-21T12:00:00Z,60.85845126201811,2015
2014-11-22T12:00:00Z,60.83948526685654,2015
2014-11-23T12:00:00Z,60.84682077180145,2015
2014-11-24T12:00:00Z,60.58592614286591,2015
2014-11-25T12:00:00Z,60.34027456593642,2015
2014-11-26T12:00:00Z,60.325342968973345,2015
2014-11-27T12:00:00Z,59.96981796877929,2015
2014-11-28T12:00:00Z,59.53845721944478,2015
2014-11-29T12:00:00Z,59.14988354257859,2015
2014-11-30T12:00:00Z,58.87166967546432,2015
2014-12-01T12:00:00Z,58.61040846945357,2015
2014-12-02T12:00:00Z,58.57504000374852,2015
2014-12-03T12:00:00Z,59.24076371172909,2015
2014-12-04T12:00:00Z,59.080453011112866,2015
2014-12-05T12:00:00Z,59.07003254653024,2015
2014-12-06T12:00:00Z,59.01049485003512,2015
2014-12-07T12:00:00Z,58.83294585513439,2015
2014-12-08T12:00:00Z,58.51381427053212,2015
2014-12-09T12:00:00Z,58.27765709751726,2015
2014-12-10T12:00:00Z,57.864602023137856,2015
2014-12-11T12:00:00Z,57.53037331757891,2015
2014-12-12T12:00:00Z,57.36796744426139,2015
2014-12-13T12:00:00Z,57.06620185362342,2015
2014-12-14T12:00:00Z,56.8445174521004,2015
2014-12-15T12:00:00Z,56.52387546935193,2015
2014-12-16T12:00:00Z,56.30728353993508,2015
2014-12-17T12:00:00Z,56.17890567928284,2015
2014-12-18T12:00:00Z,56.048147200393906,2015
2014-12-19T12:00:00Z,55.885231841876255,2015
2014-12-20T12:00:00Z,55.75587228821936,2015
2014-12-21T12:00:00Z,55.616727647054816,2015
2014-12-22T12:00:00Z,55.45819828191344,2015
2014-12-23T12:00:00Z,55.27548688260395,2015
2014-12-24T12:00:00Z,55.12555591832683,2015
2014-12-25T12:00:00Z,55.65318667910095,2015
2014-12-26T12:00:00Z,55.415964363432245,2015
2014-12-27T12:00:00Z,55.34116838360233,2015
2014-12-28T12:00:00Z,55.14472880188977,2015
2014-12-29T12:00:00Z,54.98360551125859,2015
2014-12-30T12:00:00Z,54.718240645236435,2015
2014-12-31T12:00:00Z,54.53614164557225,2015
2015-01-01T12:00:00Z,54.41009339102028,2015
2015-01-02T12:00:00Z,54.293748833851396,2015
2015-01-03T12:00:00Z,54.07801710150524,2015
2015-01-04T12:00:00Z,53.78499307615284,2015
2015-01-05T12:00:00Z,53.563056559067824,2015
2015-01-06T12:00:00Z,53.23298852116174,2015
2015-01-07T12:00:00Z,52.94976852407839,2015
2015-01-08T12:00:00Z,52.378536569907695,2015
2015-01-09T12:00:00Z,51.99573288924979,2015
2015-01-10T12:00:00Z,51.71305760439099,2015
2015-01-11T12:00:00Z,51.53649101875182,2015
2015-01-12T12:00:00Z,52.157383809492984,2015
2015-01-13T12:00:00Z,53.16413360165491,2015
2015-01-14T12:00:00Z,53.03199282018596,2015
2015-01-15T12:00:00Z,52.84041580126968,2015
2015-01-16T12:00:00Z,52.58287197998633,2015
2015-01-17T12:00:00Z,52.262856699137465,2015
2015-01-18T12:00:00Z,52.00889321952504,2015
2015-01-19T12:00:00Z,51.71065848704649,2015
2015-01-20T12:00:00Z,51.50170010782389,2015
2015-01-21T12:00:00Z,51.33559563722021,2015
2015-01-22T12:00:00Z,51.06868725818435,2015
2015-01-23T12:00:00Z,50.7652277405847,2015
2015-01-24T12:00:00Z,50.49027692249026,2015
2015-01-25T12:00:00Z,50.132592581672874,2015
2015-01-26T12:00:00Z,49.84620389841099,2015
2015-01-27T12:00:00Z,49.53387392132169,2015
2015-01-28T12:00:00Z,49.22432048777012,2015
2015-01-29T12:00:00Z,48.754289834171836,2015
2015-01-30T12:00:00Z,48.47617259079922,2015
2015-01-31T12:00:00Z,48.281247578914396,2015
2015-02-01T12:00:00Z,47.882694205482636,2015
2015-02-02T12:00:00Z,47.675546681587754,2015
2015-02-03T12:00:00Z,47.39983104071935,2015
2015-02-04T12:00:00Z,47.10856635969559,2015
2015-02-05T12:00:00Z,48.02499483928898,2015
2015-02-06T12:00:00Z,47.962953593821034,2015
2015-02-07T12:00:00Z,47.56519434104512,2015
2015-02-08T12:00:00Z,47.267704117562715,2015
2015-02-09T12:00:00Z,47.11861068185533,2015
2015-02-10T12:00:00Z,47.345662952828135,2015
2015-02-11T12:00:00Z,46.94069122195458,2015
2015-02-12T12:00:00Z,46.54597488476548,2015
2015-02-13T12:00:00Z,46.221800583883464,2015
2015-02-14T12:00:00Z,45.76716426123955,2015
2015-02-15T12:00:00Z,45.36314542663977,2015
2015-02-16T12:00:00Z,44.996749342453285,2015
2015-02-17T12:00:00Z,44.675611790026025,2015
2015-02-18T12:00:00Z,44.641080507348235,2015
2015-02-19T12:00:00Z,44.15821860804841,2015
2015-02-20T12:00:00Z,43.687494780249274,2015
2015-02-21T12:00:00Z,43.204726623644994,2015
2015-02-22T12:00:00Z,43.025866565120815,2015
2015-02-23T12:00:00Z,42.88764739880393,2015
2015-02-24T12:00:00Z,42.7419238533885,2015
2015-02-25T12:00:00Z,42.39340674498157,2015
2015-02-26T12:00:00Z,42.081756150143264,2015
2015-02-27T12:00:00Z,42.34065532169445,2015
2015-02-28T12:00:00Z,42.10435365014399,2015
2015-03-01T12:00:00Z,41.97609543871865,2015
2015-03-02T12:00:00Z,41.74372724866038,2015
2015-03-03T12:00:00Z,41.460204965995324,2015
2015-03-04T12:00:00Z,41.0731530810232,2015
2015-03-05T12:00:00Z,40.71026555263288,2015
2015-03-06T12:00:00Z,40.567425554500915,2015
2015-03-07T12:00:00Z,41.33057719358228,2015
2015-03-08T12:00:00Z,41.067730666208064,2015
2015-03-09T12:00:00Z,40.80430868248347,2015
2015-03-10T12:00:00Z,40.501348437130204,2015
2015-03-11T12:00:00Z,40.238290895440294,2015
2015-03-12T12:00:00Z,39.9379572327722,2015
2015-03-13T12:00:00Z,39.62091010905485,2015
2015-03-14T12:00:00Z,39.33721015577768,2015
2015-03-15T12:00:00Z,39.02470694978436,2015
2015-03-16T12:00:00Z,38.84273757659967,2015
2015-03-17T12:00:00Z,38.592953513179204,2015
2015-03-18T12:00:00Z,38.11551528729289,2015
2015-03-19T12:00:00Z,37.69450402445756,2015
2015-03-20T12:00:00Z,37.26899106644125,2015
2015-03-21T12:00:00Z,36.72964270213584,2015
2015-03-22T12:00:00Z,36.27350034296119,2015
2015-03-23T12:00:00Z,35.65401060336639,2015
2015-03-24T12:00:00Z,35.3415812450608,2015
2015-03-25T12:00:00Z,35.001981013251694,2015
2015-03-26T12:00:00Z,34.68943012239837,2015
2015-03-27T12:00:00Z,34.47554286368678,2015
2015-03-28T12:00:00Z,34.58741227065866,2015
2015-03-29T12:00:00Z,34.11018755797791,2015
2015-03-30T12:00:00Z,33.396485496296734,2015
2015-03-31T12:00:00Z,32.93057695376208,2015
2015-04-01T12:00:00Z,32.425236398185454,2015
2015-04-02T12:00:00Z,31.9459244579917,2015
2015-04-03T12:00:00Z,31.406354365265862,2015
2015-04-04T12:00:00Z,30.892083365400893,2015
2015-04-05T12:00:00Z,30.442303344598415,2015
2015-04-06T12:00:00Z,29.962614504534397,2015
2015-04-07T12:00:00Z,29.418387229383956,2015
2015-04-08T12:00:00Z,28.77171802806797,2015
2015-04-09T12:00:00Z,28.180195278083055,2015
2015-04-10T12:00:00Z,27.50949178374164,2015
2015-04-11T12:00:00Z,26.987005228043746,2015
2015-04-12T12:00:00Z,26.73097397427253,2015
2015-04-13T12:00:00Z,26.444464753899805,2015
2015-04-14T12:00:00Z,25.869537978238093,2015
2015-04-15T12:00:00Z,25.204938448040373,2015
2015-04-16T12:00:00Z,24.600838357413966,2015
2015-04-17T12:00:00Z,24.00164848240679,2015
2015-04-18T12:00:00Z,23.738490019433858,2015
2015-04-19T12:00:00Z,23.241340307683092,2015
2015-04-20T12:00:00Z,22.580292258351307,2015
2015-04-21T12:00:00Z,25.076490382770615,2015
2015-04-22T12:00:00Z,25.9344728878321,2015
2015-04-23T12:00:00Z,25.671945579908677,2015
2015-04-24T12:00:00Z,25.602314880956914,2015
2015-04-25T12:00:00Z,25.180225678954784,2015
2015-04-26T12:00:00Z,24.3168973253384,2015
2015-04-27T12:00:00Z,23.504490271684432,2015
2015-04-28T12:00:00Z,22.835581005441977,2015
2015-04-29T12:00:00Z,28.58757512642369,2015
2015-04-30T12:00:00Z,29.23668051652731,2015
2015-05-01T12:00:00Z,28.827476675380257,2015
2015-05-02T12:00:00Z,28.284768972414014,2015
2015-05-03T12:00:00Z,27.695118863495367,2015
2015-05-04T12:00:00Z,26.99643525808388,2015
2015-05-05T12:00:00Z,26.708230978010942,2015
2015-05-06T12:00:00Z,26.511165795100258,2015
2015-05-07T12:00:00Z,25.99290621001776,2015
2015-05-08T12:00:00Z,25.69607025860453,2015
2015-05-09T12:00:00Z,25.03347507378407,2015
2015-05-10T12:00:00Z,24.885019477427758,2015
2015-05-11T12:00:00Z,24.235054920015752,2015
2015-05-12T12:00:00Z,23.6764189017055,2015
2015-05-13T12:00:00Z,23.243709092806682,2015
2015-05-14T12:00:00Z,22.640000556712387,2015
2015-05-15T12:00:00Z,21.93168801694983,2015
2015-05-16T12:00:00Z,21.23899922545398,2015
2015-05-17T12:00:00Z,20.835584703432847,2015
2015-05-18T12:00:00Z,20.70789051341953,2015
2015-05-19T12:00:00Z,20.02485077325355,2015
2015-05-20T12:00:00Z,19.255842274080585,2015
2015-05-21T12:00:00Z,18.68033531660367,2015
2015-05-22T12:00:00Z,18.99651067101033,2015
2015-05-23T12:00:00Z,22.62733428579787,2015
2015-05-24T12:00:00Z,22.023938223067056,2015
2015-05-25T12:00:00Z,21.239930167195322,2015
2015-05-26T12:00:00Z,20.415404623543065,2015
2015-05-27T12:00:00Z,19.38990353021925,2015
2015-05-28T12:00:00Z,18.3396482255978,2015
2015-05-29T12:00:00Z,17.476534213573544,2015
2015-05-30T12:00:00Z,16.642170181228646,2015
2015-06-01T12:00:00Z,15.270518030030468,2016
2015-06-02T12:00:00Z,15.352397987351992,2016
2015-06-03T12:00:00Z,15.365201335648397,2016
2015-06-04T12:00:00Z,15.51873876094532,2016
2015-06-05T12:00:00Z,17.576971023184278,2016
2015-06-06T12:00:00Z,17.86365519559662,2016
2015-06-07T12:00:00Z,19.126373952351862,2016
2015-06-08T12:00:00Z,19.638844344168277,2016
2015-06-09T12:00:00Z,20.33789824752945,2016
2015-06-10T12:00:00Z,20.60769222421995,2016
2015-06-11T12:00:00Z,26.015765072846026,2016
2015-06-12T12:00:00Z,26.128987745389153,2016
2015-06-13T12:00:00Z,25.906076974760076,2016
2015-06-14T12:00:00Z,25.565207547174648,2016
2015-06-15T12:00:00Z,25.45560486901643,2016
2015-06-16T12:00:00Z,26.62013400923941,2016
2015-06-17T12:00:00Z,26.117769837450968,2016
2015-06-18T12:00:00Z,25.610957968928677,2016
2015-06-19T12:00:00Z,24.70142589447809,2016
2015-06-20T12:00:00Z,24.283395409083468,2016
2015-06-21T12:00:00Z,23.84601459377314,2016
2015-06-22T12:00:00Z,23.287370483819497,2016
2015-06-23T12:00:00Z,22.10757097542894,2016
2015-06-24T12:00:00Z,21.1900483596518,2016
2015-06-25T12:00:00Z,20.473849540852328,2016
2015-06-26T12:00:00Z,21.23942972559663,2016
2015-06-27T12:00:00Z,20.67000620795641,2016
2015-06-28T12:00:00Z,20.615165541110528,2016
2015-06-29T12:00:00Z,20.212980832178292,2016
2015-06-30T12:00:00Z,19.394070037768568,2016
2015-07-01T12:00:00Z,18.729160686417405,2016
2015-07-02T12:00:00Z,19.401433382909598,2016
2015-07-03T12:00:00Z,19.079537506652724,2016
2015-07-04T12:00:00Z,19.275971964725706,2016
2015-07-05T12:00:00Z,19.213476120388716,2016
2015-07-06T12:00:00Z,18.62949063095706,2016
2015-07-07T12:00:00Z,19.28125995665735,2016
2015-07-08T12:00:00Z,19.341977401486254,2016
2015-07-09T12:00:00Z,18.693185477894655,2016
2015-07-10T12:00:00Z,18.05799535054537,2016
2015-07-11T12:00:00Z,17.36510314666803,2016
2015-07-12T12:00:00Z,17.09885597572258,2016
2015-07-13T12:00:00Z,16.675295707917744,2016
2015-07-14T12:00:00Z,16.306669849654337,2016
2015-07-15T12:00:00Z,16.534283361680934,2016
2015-07-16T12:00:00Z,19.140084079589112,2016
2015-07-17T12:00:00Z,19.70572606517515,2016
2015-07-18T12:00:00Z,21.846259297334868,2016
2015-07-19T12:00:00Z,21.823734960802028,2016
2015-07-20T12:00:00Z,21.476628343002055,2016
2015-07-21T12:00:00Z,21.53894439312821,2016
2015-07-22T12:00:00Z,22.15010356159359,2016
2015-07-23T12:00:00Z,22.46535670893165,2016
2015-07-24T12:00:00Z,22.992446945181275,2016
2015-07-25T12:00:00Z,23.60591774696208,2016
2015-07-26T12:00:00Z,24.041087735821975,2016
2015-07-27T12:00:00Z,24.18972563900916,2016
2015-07-28T12:00:00Z,24.261765320428346,2016
2015-07-29T12:00:00Z,23.911616878589616,2016
2015-07-30T12:00:00Z,23.591373812029587,2016
2015-07-31T12:00:00Z,23.282397857739245,2016
2015-08-01T12:00:00Z,23.13467083194689,2016
2015-08-02T12:00:00Z,22.9694278101472,2016
2015-08-03T12:00:00Z,24.302411219568832,2016
2015-08-04T12:00:00Z,25.188930021765422,2016
2015-08-05T12:00:00Z,26.05483536929089,2016
2015-08-06T12:00:00Z,26.449342454202032,2016
2015-08-07T12:00:00Z,25.860761618428267,2016
2015-08-08T12:00:00Z,25.273475539419703,2016
2015-08-09T12:00:00Z,24.67285493096693,2016
2015-08-10T12:00:00Z,24.984867388857435,2016
2015-08-11T12:00:00Z,24.790180137648008,2016
2015-08-12T12:00:00Z,24.497688970811794,2016
2015-08-13T12:00:00Z,24.105688208366626,2016
2015-08-14T12:00:00Z,24.866517268903397,2016
2015-08-15T12:00:00Z,24.72956078797668,2016
2015-08-16T12:00:00Z,24.561436109079455,2016
2015-08-17T12:00:00Z,24.3747346188111,2016
2015-08-18T12:00:00Z,24.100178856440625,2016
2015-08-19T12:00:00Z,24.00800147282555,2016
2015-08-20T12:00:00Z,24.173374725231955,2016
2015-08-21T12:00:00Z,24.763034026495482,2016
2015-08-22T12:00:00Z,24.835157331479262,2016
2015-08-23T12:00:00Z,25.374359638875447,2016
2015-08-24T12:00:00Z,24.96232262184038,2016
2015-08-25T12:00:00Z,24.67589302040105,2016
2015-08-26T12:00:00Z,26.137621473965705,2016
2015-08-27T12:00:00Z,26.588622351213353,2016
2015-08-28T12:00:00Z,26.57495456780226,2016
2015-08-29T12:00:00Z,28.376575350975948,2016
2015-08-30T12:00:00Z,31.37144354652629,2016
2015-08-31T12:00:00Z,31.75478887758215,2016
2015-09-01T12:00:00Z,32.05698672353542,2016
2015-09-02T12:00:00Z,33.33769821734506,2016
2015-09-03T12:00:00Z,34.57717350649133,2016
2015-09-04T12:00:00Z,37.17861070959026,2016
2015-09-05T12:00:00Z,38.40391580573656,2016
2015-09-06T12:00:00Z,39.22632794531792,2016
2015-09-07T12:00:00Z,40.45881395849126,2016
2015-09-08T12:00:00Z,40.83067121545783,2016
2015-09-09T12:00:00Z,42.87649854901456,2016
2015-09-10T12:00:00Z,42.9581259422554,2016
2015-09-11T12:00:00Z,43.41865185083711,2016
2015-09-12T12:00:00Z,45.278120174762655,2016
2015-09-13T12:00:00Z,45.362445840452274,2016
2015-09-14T12:00:00Z,45.83391594157365,2016
2015-09-15T12:00:00Z,46.57765726594061,2016
2015-09-16T12:00:00Z,47.98391419509677,2016
2015-09-17T12:00:00Z,51.113704747758945,2016
2015-09-18T12:00:00Z,53.040388101578905,2016
2015-09-19T12:00:00Z,53.492044875631805,2016
2015-09-20T12:00:00Z,53.72768968011207,2016
2015-09-21T12:00:00Z,55.035804652424005,2016
2015-09-22T12:00:00Z,59.903671962598445,2016
2015-09-23T12:00:00Z,61.72413730678547,2016
2015-09-24T12:00:00Z,62.34841506811553,2016
2015-09-25T12:00:00Z,62.59514914491467,2016
2015-09-26T12:00:00Z,63.07088013015683,2016
2015-09-27T12:00:00Z,63.700016843250005,2016
2015-09-28T12:00:00Z,63.90424284680417,2016
2015-09-29T12:00:00Z,63.68433411706331,2016
2015-09-30T12:00:00Z,64.0904942828878,2016
2015-10-01T12:00:00Z,63.83602504123809,2016
2015-10-02T12:00:00Z,63.51571301035203,2016
2015-10-03T12:00:00Z,63.010404713796014,2016
2015-10-04T12:00:00Z,62.648671704562894,2016
2015-10-05T12:00:00Z,62.93050951119591,2016
2015-10-06T12:00:00Z,62.80823931725496,2016
2015-10-07T12:00:00Z,62.73419798157068,2016
2015-10-08T12:00:00Z,62.390547969202544,2016
2015-10-09T12:00:00Z,63.1299474769963,2016
2015-10-10T12:00:00Z,62.876651283360275,2016
2015-10-11T12:00:00Z,62.6560517570253,2016
2015-10-12T12:00:00Z,62.62920666827938,2016
2015-10-13T12:00:00Z,62.400251625395136,2016
2015-10-14T12:00:00Z,62.288455656494435,2016
2015-10-15T12:00:00Z,62.03958903806397,2016
2015-10-16T12:00:00Z,61.878361679653814,2016
2015-10-17T12:00:00Z,62.10618431809854,2016
2015-10-18T12:00:00Z,61.74151665333437,2016
2015-10-19T12:00:00Z,61.47470780425824,2016
2015-10-20T12:00:00Z,60.93116117911061,2016
2015-10-21T12:00:00Z,60.47595749862479,2016
2015-10-22T12:00:00Z,60.33719476197534,2016
2015-10-23T12:00:00Z,59.98248369048724,2016
2015-10-24T12:00:00Z,59.74454294169242,2016
2015-10-25T12:00:00Z,59.79430889868779,2016
2015-10-26T12:00:00Z,59.527556512623256,2016
2015-10-27T12:00:00Z,59.12208780244073,2016
2015-10-28T12:00:00Z,58.906078102921896,2016
2015-10-29T12:00:00Z,59.73902140424576,2016
2015-10-30T12:00:00Z,59.72071814351119,2016
2015-10-31T12:00:00Z,59.405197500538954,2016
2015-11-01T12:00:00Z,59.06716236784992,2016
2015-11-02T12:00:00Z,58.58397734744433,2016
2015-11-03T12:00:00Z,58.213670855306475,2016
2015-11-04T12:00:00Z,57.80133817062882,2016
2015-11-05T12:00:00Z,57.290252582570645,2016
2015-11-06T12:00:00Z,56.844014696969055,2016
2015-11-07T12:00:00Z,56.3597922139205,2016
2015-11-08T12:00:00Z,55.84669427808774,2016
2015-11-09T12:00:00Z,55.4203938516801,2016
2015-11-10T12:00:00Z,54.962267174860926,2016
2015-11-11T12:00:00Z,54.85788894314643,2016
2015-11-12T12:00:00Z,54.55056603883081,2016
2015-11-13T12:00:00Z,54.296454003419285,2016
2015-11-14T12:00:00Z,57.63795567760227,2016
2015-11-15T12:00:00Z,57.682664483338684,2016
2015-11-16T12:00:00Z,57.4608233519922,2016
2015-11-17T12:00:00Z,57.818470095043494,2016
2015-11-18T12:00:00Z,57.74038036783512,2016
2015-11-19T12:00:00Z,57.69209522277063,2016
2015-11-20T12:00:00Z,57.6442034743686,2016
2015-11-21T12:00:00Z,57.59142622693113,2016
2015-11-22T12:00:00Z,61.06656078070885,2016
2015-11-23T12:00:00Z,61.5951288105416,2016
2015-11-24T12:00:00Z,61.27850403353777,2016
2015-11-25T12:00:00Z,61.19236490378926,2016
2015-11-26T12:00:00Z,61.20871545829384,2016
2015-11-27T12:00:00Z,61.06842776952422,2016
2015-11-28T12:00:00Z,60.998690249895574,2016
2015-11-29T12:00:00Z,60.80204850066974,2016
2015-11-30T12:00:00Z,60.832311892266326,2016
2015-12-01T12:00:00Z,61.012072381818804,2016
2015-12-02T12:00:00Z,61.26812630866771,2016
2015-12-03T12:00:00Z,61.58622114917227,2016
2015-12-04T12:00:00Z,64.6515668973139,2016
2015-12-05T12:00:00Z,66.7672555302172,2016
2015-12-06T12:00:00Z,68.63816358203579,2016
2015-12-07T12:00:00Z,68.57127783809084,2016
2015-12-08T12:00:00Z,68.50373352911205,2016
2015-12-09T12:00:00Z,68.51773544979724,2016
2015-12-10T12:00:00Z,68.49029951318697,2016
2015-12-11T12:00:00Z,68.44901400121587,2016
2015-12-12T12:00:00Z,68.38477089738302,2016
2015-12-13T12:00:00Z,68.29051895233135,2016
2015-12-14T12:00:00Z,68.34768498036843,2016
2015-12-15T12:00:00Z,68.27391486119281,2016
2015-12-16T12:00:00Z,68.22898143225969,2016
2015-12-17T12:00:00Z,68.05079550191036,2016
2015-12-18T12:00:00Z,67.9192710560671,2016
2015-12-19T12:00:00Z,67.60898139509672,2016
2015-12-20T12:00:00Z,67.2575632952328,2016
2015-12-21T12:00:00Z,67.1046210908575,2016
2015-12-22T12:00:00Z,67.01965249192592,2016
2015-12-23T12:00:00Z,68.31828122061745,2016
2015-12-24T12:00:00Z,68.21432864458602,2016
2015-12-25T12:00:00Z,67.9689340803104,2016
2015-12-26T12:00:00Z,67.7651735590687,2016
2015-12-27T12:00:00Z,67.48770326958778,2016
2015-12-28T12:00:00Z,67.21535996984564,2016
2015-12-29T12:00:00Z,66.928692811395,2016
2015-12-30T12:00:00Z,66.55786841517805,2016
2015-12-31T12:00:00Z,66.2698920009089,2016
2016-01-01T12:00:00Z,66.08566473884788,2016
2016-01-02T12:00:00Z,66.05834717913595,2016
2016-01-03T12:00:00Z,66.02697837889087,2016
2016-01-04T12:00:00Z,66.15427466417117,2016
2016-01-05T12:00:00Z,65.52101678510734,2016
2016-01-06T12:00:00Z,66.35001913115302,2016
2016-01-07T12:00:00Z,66.23366581413941,2016
2016-01-08T12:00:00Z,65.96519661064126,2016
2016-01-09T12:00:00Z,65.6777020633471,2016
2016-01-10T12:00:00Z,66.69427557054507,2016
2016-01-11T12:00:00Z,66.4295737593204,2016
2016-01-12T12:00:00Z,66.70953716284941,2016
2016-01-13T12:00:00Z,66.43755336228287,2016
2016-01-14T12:00:00Z,66.17571583034467,2016
2016-01-15T12:00:00Z,66.60628230799152,2016
2016-01-16T12:00:00Z,68.16654227519365,2016
2016-01-17T12:00:00Z,68.81530080931445,2016
2016-01-18T12:00:00Z,68.52151737544948,2016
2016-01-19T12:00:00Z,67.9402143596244,2016
2016-01-20T12:00:00Z,67.48533153934399,2016
2016-01-21T12:00:00Z,67.19226880637056,2016
2016-01-22T12:00:00Z,68.05601246312627,2016
2016-01-23T12:00:00Z,70.20627034947624,2016
2016-01-24T12:00:00Z,69.69820688495967,2016
2016-01-25T12:00:00Z,69.38599407422592,2016
2016-01-26T12:00:00Z,69.31717327188859,2016
2016-01-27T12:00:00Z,75.08121086125182,2016
2016-01-28T12:00:00Z,81.02158750226273,2016
2016-01-29T12:00:00Z,82.07202693067343,2016
2016-01-30T12:00:00Z,82.53725095587572,2016
2016-01-31T12:00:00Z,82.98569145728959,2016
2016-02-01T12:00:00Z,84.34581560936958,2016
2016-02-02T12:00:00Z,85.19279316820352,2016
2016-02-03T12:00:00Z,85.95329456523856,2016
2016-02-04T12:00:00Z,86.50536349639252,2016
2016-02-05T12:00:00Z,87.86915052673669,2016
2016-02-06T12:00:00Z,88.30247233481771,2016
2016-02-07T12:00:00Z,90.35455205330393,2016
2016-02-08T12:00:00Z,90.67368154176782,2016
2016-02-09T12:00:00Z,91.14674135332845,2016
2016-02-10T12:00:00Z,91.60437528659429,2016
2016-02-11T12:00:00Z,92.061584312471,2016
2016-02-12T12:00:00Z,92.6600649901758,2016
2016-02-13T12:00:00Z,93.20590598524582,2016
2016-02-14T12:00:00Z,93.67434381623431,2016
2016-02-15T12:00:00Z,94.12990315602651,2016
2016-02-16T12:00:00Z,96.35567576654957,2016
2016-02-17T12:00:00Z,96.9144139258391,2016
2016-02-18T12:00:00Z,97.19586962200455,2016
2016-02-19T12:00:00Z,97.22105800855209,2016
2016-02-20T12:00:00Z,97.12572464831375,2016
2016-02-21T12:00:00Z,97.10082285605867,2016
2016-02-22T12:00:00Z,97.0142099944574,2016
2016-02-23T12:00:00Z,96.89299613527001,2016
2016-02-24T12:00:00Z,97.01097369408565,2016
2016-02-25T12:00:00Z,96.81198954224658,2016
2016-02-26T12:00:00Z,96.33383726544486,2016
2016-02-27T12:00:00Z,95.65929760901457,2016
2016-02-28T12:00:00Z,95.24962853040964,2016
2016-02-29T12:00:00Z,94.85904234558362,2016
2016-03-01T12:00:00Z,94.45919725204129,2016
2016-03-02T12:00:00Z,94.09143535520191,2016
2016-03-03T12:00:00Z,93.53504012484856,2016
2016-03-04T12:00:00Z,92.94380861681668,2016
2016-03-05T12:00:00Z,92.25558867566086,2016
2016-03-06T12:00:00Z,91.65241775329626,2016
2016-03-07T12:00:00Z,90.74003139511868,2016
2016-03-08T12:00:00Z,89.83743312677797,2016
2016-03-09T12:00:00Z,88.93690609030904,2016
2016-03-10T12:00:00Z,87.9615690051687,2016
2016-03-11T12:00:00Z,87.04962276740208,2016
2016-03-12T12:00:00Z,86.2171416531513,2016
2016-03-13T12:00:00Z,85.30283568301599,2016
2016-03-14T12:00:00Z,84.43625354824054,2016
2016-03-15T12:00:00Z,83.4941292564241,2016
2016-03-16T12:00:00Z,82.53061757262195,2016
2016-03-17T12:00:00Z,81.5858711764422,2016
2016-03-18T12:00:00Z,80.67674748283986,2016
2016-03-19T12:00:00Z,79.93948716207686,2016
2016-03-20T12:00:00Z,79.21660788157921,2016
2016-03-21T12:00:00Z,78.06247564268884,2016
2016-03-22T12:00:00Z,76.70906721594524,2016
2016-03-23T12:00:00Z,75.73399981411188,2016
2016-03-24T12:00:00Z,75.01681884692397,2016
2016-03-25T12:00:00Z,75.93976346789968,2016
2016-03-26T12:00:00Z,75.34635553434357,2016
2016-03-27T12:00:00Z,74.58578802199155,2016
2016-03-28T12:00:00Z,73.74671526189758,2016
2016-03-29T12:00:00Z,73.23271964335771,2016
2016-03-30T12:00:00Z,73.66696828557262,2016
2016-03-31T12:00:00Z,72.7653188081866,2016
2016-04-01T12:00:00Z,71.89654274421605,2016
2016-04-02T12:00:00Z,70.89607671040865,2016
2016-04-03T12:00:00Z,69.7965248899683,2016
2016-04-04T12:00:00Z,68.92826133412234,2016
2016-04-05T12:00:00Z,68.08574584292737,2016
2016-04-06T12:00:00Z,67.16294524679658,2016
2016-04-07T12:00:00Z,66.19208200062258,2016
2016-04-08T12:00:00Z,65.19817435362415,2016
2016-04-09T12:00:00Z,64.08578503110414,2016
2016-04-10T12:00:00Z,62.92239708033735,2016
2016-04-11T12:00:00Z,61.95065605561749,2016
2016-04-12T12:00:00Z,60.985084435291895,2016
2016-04-13T12:00:00Z,59.99048607179199,2016
2016-04-14T12:00:00Z,59.06504701180736,2016
2016-04-15T12:00:00Z,58.13785124368559,2016
2016-04-16T12:00:00Z,57.34006827479719,2016
2016-04-17T12:00:00Z,56.73517784846351,2016
2016-04-18T12:00:00Z,55.62477294885261,2016
2016-04-19T12:00:00Z,54.58915004032274,2016
2016-04-20T12:00:00Z,53.631533617592886,2016
2016-04-21T12:00:00Z,52.64643269008552,2016
2016-04-22T12:00:00Z,51.90759530207606,2016
2016-04-23T12:00:00Z,54.03813335233344,2016
2016-04-24T12:00:00Z,52.9355446804621,2016
2016-04-25T12:00:00Z,51.892112008811615,2016
2016-04-26T12:00:00Z,50.99271463532611,2016
2016-04-27T12:00:00Z,50.03119182758297,2016
2016-04-28T12:00:00Z,49.024493157398794,2016
2016-04-29T12:00:00Z,48.101452571729304,2016
2016-04-30T12:00:00Z,47.10367390862037,2016
2016-05-01T12:00:00Z,46.00811597095254,2016
2016-05-02T12:00:00Z,44.967532804931935,2016
2016-05-03T12:00:00Z,43.979320944893054,2016
2016-05-04T12:00:00Z,44.03217590963619,2016
2016-05-05T12:00:00Z,48.710401856548856,2016
2016-05-06T12:00:00Z,47.62565488077311,2016
2016-05-07T12:00:00Z,46.4896406827033,2016
2016-05-08T12:00:00Z,45.52840862033892,2016
2016-05-09T12:00:00Z,44.50047253046339,2016
2016-05-10T12:00:00Z,43.56712223686854,2016
2016-05-11T12:00:00Z,42.757872393264265,2016
2016-05-12T12:00:00Z,42.26427945764607,2016
2016-05-13T12:00:00Z,41.80644113486873,2016
2016-05-14T12:00:00Z,41.39667843027464,2016
2016-05-15T12:00:00Z,40.729705803681796,2016
2016-05-16T12:00:00Z,40.9740889445707,2016
2016-05-17T12:00:00Z,40.74867972572478,2016
2016-05-18T12:00:00Z,44.71692298655747,2016
2016-05-19T12:00:00Z,47.43180767533017,2016
2016-05-20T12:00:00Z,47.2962641129611,2016
2016-05-21T12:00:00Z,47.974972938304184,2016
2016-05-22T12:00:00Z,47.531471154041895,2016
2016-05-23T12:00:00Z,46.785061102250985,2016
2016-05-24T12:00:00Z,46.383732933589066,2016
2016-05-25T12:00:00Z,46.18169358681975,2016
2016-05-26T12:00:00Z,45.45632504816175,2016
2016-05-27T12:00:00Z,44.82616317922939,2016
2016-05-28T12:00:00Z,44.70759728059271,2016
2016-05-29T12:00:00Z,44.58570616046468,2016
2016-05-30T12:00:00Z,45.300190159569404,2016
2016-06-01T12:00:00Z,46.26551518157062,2017
2016-06-02T12:00:00Z,45.99880802953179,2017
2016-06-03T12:00:00Z,46.17616848181877,2017
2016-06-04T12:00:00Z,45.7837847095803,2017
2016-06-05T12:00:00Z,45.44040199375896,2017
2016-06-06T12:00:00Z,45.21234571139971,2017
2016-06-07T12:00:00Z,45.255184143835294,2017
2016-06-08T12:00:00Z,45.45690285465856,2017
2016-06-09T12:00:00Z,46.66909996449196,2017
2016-06-10T12:00:00Z,48.9956111965168,2017
2016-06-11T12:00:00Z,49.31288041936901,2017
2016-06-12T12:00:00Z,49.83599819876723,2017
2016-06-13T12:00:00Z,49.611922510669984,2017
2016-06-14T12:00:00Z,49.54942222233654,2017
2016-06-15T12:00:00Z,49.25782105846897,2017
2016-06-16T12:00:00Z,49.084755392366354,2017
2016-06-17T12:00:00Z,48.8452314160581,2017
2016-06-18T12:00:00Z,49.19444338976443,2017
2016-06-19T12:00:00Z,49.07856162379585,2017
2016-06-20T12:00:00Z,48.922451582223836,2017
2016-06-21T12:00:00Z,48.44575494996216,2017
2016-06-22T12:00:00Z,48.851539213641644,2017
2016-06-23T12:00:00Z,48.876098440590205,2017
2016-06-24T12:00:00Z,49.30737771284244,2017
2016-06-25T12:00:00Z,50.02511789817329,2017
2016-06-26T12:00:00Z,50.181897955736,2017
2016-06-27T12:00:00Z,51.03809404058519,2017
2016-06-28T12:00:00Z,51.62738739864942,2017
2016-06-29T12:00:00Z,51.754999830112105,2017
2016-06-30T12:00:00Z,52.089090877045535,2017
2016-07-01T12:00:00Z,55.56515310020882,2017
2016-07-02T12:00:00Z,56.6238512200514,2017
2016-07-03T12:00:00Z,56.6929225681353,2017
2016-07-04T12:00:00Z,56.48439171647482,2017
2016-07-05T12:00:00Z,56.35146304784453,2017
2016-07-06T12:00:00Z,55.84314236014492,2017
2016-07-07T12:00:00Z,55.33351660890356,2017
2016-07-08T12:00:00Z,55.14711365817047,2017
2016-07-09T12:00:00Z,54.658549834527726,2017
2016-07-10T12:00:00Z,54.29333798386197,2017
2016-07-11T12:00:00Z,53.65917421831796,2017
2016-07-12T12:00:00Z,53.19830141256295,2017
2016-07-13T12:00:00Z,53.31903132465548,2017
2016-07-14T12:00:00Z,53.46142554097213,2017
2016-07-15T12:00:00Z,53.041015638730165,2017
2016-07-16T12:00:00Z,53.29778409705022,2017
2016-07-17T12:00:00Z,52.79401821509477,2017
2016-07-18T12:00:00Z,52.5880217000118,2017
2016-07-19T12:00:00Z,51.94553989668985,2017
2016-07-20T12:00:00Z,51.361329747447726,2017
2016-07-21T12:00:00Z,51.22418054764901,2017
2016-07-22T12:00:00Z,51.457729868210926,2017
2016-07-23T12:00:00Z,53.164862032628875,2017
2016-07-24T12:00:00Z,53.259731482658545,2017
2016-07-25T12:00:00Z,54.0284822849578,2017
2016-07-26T12:00:00Z,53.44409197307877,2017
2016-07-27T12:00:00Z,52.74350366895615,2017
2016-07-28T12:00:00Z,51.891589081780815,2017
2016-07-29T12:00:00Z,51.36063561442375,2017
2016-07-30T12:00:00Z,51.079067214206084,2017
2016-07-31T12:00:00Z,50.83823560452704,2017
2016-08-01T12:00:00Z,50.99370842002864,2017
2016-08-02T12:00:00Z,51.217882315413135,2017
2016-08-03T12:00:00Z,56.737095931796304,2017
2016-08-04T12:00:00Z,57.047784039841204,2017
2016-08-05T12:00:00Z,57.53900215364032,2017
2016-08-06T12:00:00Z,57.57605597181955,2017
2016-08-07T12:00:00Z,57.57059133217302,2017
2016-08-08T12:00:00Z,58.385304792526604,2017
2016-08-09T12:00:00Z,60.86025927291348,2017
2016-08-10T12:00:00Z,61.244427807401166,2017
2016-08-11T12:00:00Z,61.09304754191984,2017
2016-08-12T12:00:00Z,62.06639016511273,2017
2016-08-13T12:00:00Z,61.69182390328575,2017
2016-08-14T12:00:00Z,61.39454880859155,2017
2016-08-15T12:00:00Z,61.22193597474353,2017
2016-08-16T12:00:00Z,61.00998635111845,2017
2016-08-17T12:00:00Z,61.93574629876881,2017
2016-08-18T12:00:00Z,61.789838624987404,2017
2016-08-19T12:00:00Z,61.303603606518685,2017
2016-08-20T12:00:00Z,60.96099534060473,2017
2016-08-21T12:00:00Z,61.06677502618983,2017
2016-08-22T12:00:00Z,60.835100312396015,2017
2016-08-23T12:00:00Z,60.7286395054058,2017
2016-08-24T12:00:00Z,60.59507741396057,2017
2016-08-25T12:00:00Z,63.016348977824066,2017
2016-08-26T12:00:00Z,65.14565469779579,2017
2016-08-27T12:00:00Z,65.11104967269486,2017
2016-08-28T12:00:00Z,65.01990308343971,2017
2016-08-29T12:00:00Z,65.72167398948189,2017
2016-08-30T12:00:00Z,67.53476711426514,2017
2016-08-31T12:00:00Z,69.66670790445183,2017
2016-09-01T12:00:00Z,70.65059871021401,2017
2016-09-02T12:00:00Z,70.49128371423494,2017
2016-09-03T12:00:00Z,70.58337734384885,2017
2016-09-04T12:00:00Z,71.29452202058367,2017
2016-09-05T12:00:00Z,71.22925801955087,2017
2016-09-06T12:00:00Z,71.99615797970777,2017
2016-09-07T12:00:00Z,74.35181254001886,2017
2016-09-08T12:00:00Z,74.87468829323736,2017
2016-09-09T12:00:00Z,74.86520508169484,2017
2016-09-10T12:00:00Z,74.61279449279822,2017
2016-09-11T12:00:00Z,74.71462236025695,2017
2016-09-12T12:00:00Z,74.82086645720172,2017
2016-09-13T12:00:00Z,75.38773183244821,2017
2016-09-14T12:00:00Z,76.39585012608684,2017
2016-09-15T12:00:00Z,76.25925726796169,2017
2016-09-16T12:00:00Z,76.280389850984875,2017
2016-09-17T12:00:00Z,76.26703558442975,2017
2016-09-18T12:00:00Z,76.07199217505132,2017
2016-09-19T12:00:00Z,76.27147186682048,2017
2016-09-20T12:00:00Z,75.97409270892403,2017
2016-09-21T12:00:00Z,75.55014947251638,2017
2016-09-22T12:00:00Z,75.09508689235054,2017
2016-09-23T12:00:00Z,74.71433220756361,2017
2016-09-24T12:00:00Z,74.43672812678675,2017
2016-09-25T12:00:00Z,74.35993416551065,2017
2016-09-26T12:00:00Z,74.29263371568851,2017
2016-09-27T12:00:00Z,74.2255353944775,2017
2016-09-28T12:00:00Z,74.16281285368903,2017
2016-09-29T12:00:00Z,73.85502341899173,2017
2016-09-30T12:00:00Z,73.59828226310304,2017
2016-10-01T12:00:00Z,74.23376240813239,2017
2016-10-02T12:00:00Z,74.07699485646084,2017
2016-10-03T12:00:00Z,74.12635143717107,2017
2016-10-04T12:00:00Z,76.25637084192049,2017
2016-10-05T12:00:00Z,76.27030920567596,2017
2016-10-06T12:00:00Z,76.69743793169467,2017
2016-10-07T12:00:00Z,78.21783132844867,2017
2016-10-08T12:00:00Z,77.86149460552836,2017
2016-10-09T12:00:00Z,77.48064384391799,2017
2016-10-10T12:00:00Z,76.8845686635073,2017
2016-10-11T12:00:00Z,76.34543390165351,2017
2016-10-12T12:00:00Z,76.01706797159855,2017
2016-10-13T12:00:00Z,75.81459556629933,2017
2016-10-14T12:00:00Z,75.3710897865593,2017
2016-10-15T12:00:00Z,75.05128019958752,2017
2016-10-16T12:00:00Z,75.47595674346576,2017
2016-10-17T12:00:00Z,75.24506077254398,2017
2016-10-18T12:00:00Z,74.75724157002706,2017
2016-10-19T12:00:00Z,74.33111620550035,2017
2016-10-20T12:00:00Z,73.83336171434536,2017
2016-10-21T12:00:00Z,73.5176424050517,2017
2016-10-22T12:00:00Z,72.89982463102106,2017
2016-10-23T12:00:00Z,72.13167542501631,2017
2016-10-24T12:00:00Z,71.5396604532243,2017
2016-10-25T12:00:00Z,71.04961415401246,2017
2016-10-26T12:00:00Z,70.43732989699667,2017
2016-10-27T12:00:00Z,70.60306198724244,2017
2016-10-28T12:00:00Z,70.61819204457449,2017
2016-10-29T12:00:00Z,70.15064077028345,2017
2016-10-30T12:00:00Z,70.43763740461746,2017
2016-10-31T12:00:00Z,70.05669404678024,2017
2016-11-01T12:00:00Z,69.63462530729937,2017
2016-11-02T12:00:00Z,69.09334911353301,2017
2016-11-03T12:00:00Z,68.58775666436537,2017
2016-11-04T12:00:00Z,68.14759249306755,2017
2016-11-05T12:00:00Z,67.56741496854438,2017
2016-11-06T12:00:00Z,67.0117310087482,2017
2016-11-07T12:00:00Z,66.36091703473271,2017
2016-11-08T12:00:00Z,65.77275557538029,2017
2016-11-09T12:00:00Z,65.2445222617769,2017
2016-11-10T12:00:00Z,64.65927656753806,2017
2016-11-11T12:00:00Z,64.07306871374138,2017
2016-11-12T12:00:00Z,63.55466409235853,2017
2016-11-13T12:00:00Z,62.99571127797146,2017
2016-11-14T12:00:00Z,62.40953487998079,2017
2016-11-15T12:00:00Z,62.04703986265735,2017
2016-11-16T12:00:00Z,61.47839269197552,2017
2016-11-17T12:00:00Z,60.75495032142864,2017
2016-11-18T12:00:00Z,60.18898002244644,2017
2016-11-19T12:00:00Z,59.668659558035905,2017
2016-11-20T12:00:00Z,59.090223322675556,2017
2016-11-21T12:00:00Z,58.4314030153564,2017
2016-11-22T12:00:00Z,57.851547801859304,2017
2016-11-23T12:00:00Z,57.466996532181604,2017
2016-11-24T12:00:00Z,57.182736770364436,2017
2016-11-25T12:00:00Z,56.82211381515201,2017
2016-11-26T12:00:00Z,56.39403033242228,2017
2016-11-27T12:00:00Z,55.93081455425224,2017
2016-11-28T12:00:00Z,55.54836114609964,2017
2016-11-29T12:00:00Z,55.27877468024462,2017
2016-11-30T12:00:00Z,54.91071011795566,2017
2016-12-01T12:00:00Z,54.67481362126012,2017
2016-12-02T12:00:00Z,55.738581656837574,2017
2016-12-03T12:00:00Z,55.36792869316152,2017
2016-12-04T12:00:00Z,55.0613715933266,2017
2016-12-05T12:00:00Z,54.83559806745926,2017
2016-12-06T12:00:00Z,54.71065028556178,2017
2016-12-07T12:00:00Z,54.60103567589095,2017
2016-12-08T12:00:00Z,54.3422384027528,2017
2016-12-09T12:00:00Z,54.12071544736463,2017
2016-12-10T12:00:00Z,53.66481213263573,2017
2016-12-11T12:00:00Z,53.54662816139775,2017
2016-12-12T12:00:00Z,53.788743582612824,2017
2016-12-13T12:00:00Z,54.027994447649775,2017
2016-12-14T12:00:00Z,53.86562789065722,2017
2016-12-15T12:00:00Z,53.678685010373414,2017
2016-12-16T12:00:00Z,53.36213835113836,2017
2016-12-17T12:00:00Z,53.06516021701055,2017
2016-12-18T12:00:00Z,52.909065576105974,2017
2016-12-19T12:00:00Z,52.6465710192007,2017
2016-12-20T12:00:00Z,52.40785982741806,2017
2016-12-21T12:00:00Z,52.23976736635095,2017
2016-12-22T12:00:00Z,51.977808887685356,2017
2016-12-23T12:00:00Z,51.73215261275138,2017
2016-12-24T12:00:00Z,51.59758995390253,2017
2016-12-25T12:00:00Z,51.36489089206085,2017
2016-12-26T12:00:00Z,51.10318957021584,2017
2016-12-27T12:00:00Z,50.77460587060445,2017
2016-12-28T12:00:00Z,50.44811836430321,2017
2016-12-29T12:00:00Z,50.13568042006833,2017
2016-12-30T12:00:00Z,49.700081029478916,2017
2016-12-31T12:00:00Z,49.0514557191406,2017
2017-01-01T12:00:00Z,48.7306492215656,2017
2017-01-02T12:00:00Z,48.47532643510971,2017
2017-01-03T12:00:00Z,48.255359988335584,2017
2017-01-04T12:00:00Z,48.36573709351757,2017
2017-01-05T12:00:00Z,48.18898223757958,2017
2017-01-06T12:00:00Z,47.91902870036344,2017
2017-01-07T12:00:00Z,47.86703827371122,2017
2017-01-08T12:00:00Z,47.81714640882248,2017
2017-01-09T12:00:00Z,47.21089694338354,2017
2017-01-10T12:00:00Z,46.843860653681034,2017
2017-01-11T12:00:00Z,46.79382591041606,2017
2017-01-12T12:00:00Z,46.70360071586147,2017
2017-01-13T12:00:00Z,46.50771370918077,2017
2017-01-14T12:00:00Z,46.24380980356053,2017
2017-01-15T12:00:00Z,46.06316546901801,2017
2017-01-16T12:00:00Z,45.872531224956184,2017
2017-01-17T12:00:00Z,45.59010538971918,2017
2017-01-18T12:00:00Z,45.26499127283308,2017
2017-01-19T12:00:00Z,44.93145115560018,2017
2017-01-20T12:00:00Z,44.65421673432037,2017
2017-01-21T12:00:00Z,44.32305334053429,2017
2017-01-22T12:00:00Z,43.91383709189559,2017
2017-01-23T12:00:00Z,45.39840969184093,2017
2017-01-24T12:00:00Z,44.975011964007344,2017
2017-01-25T12:00:00Z,44.61439840251554,2017
2017-01-26T12:00:00Z,44.32910852140485,2017
2017-01-27T12:00:00Z,44.07049018434228,2017
2017-01-28T12:00:00Z,43.71802072462094,2017
2017-01-29T12:00:00Z,44.456721023806715,2017
2017-01-30T12:00:00Z,45.16243478675481,2017
2017-01-31T12:00:00Z,44.84779378505402,2017
2017-02-01T12:00:00Z,44.60139823460479,2017
2017-02-02T12:00:00Z,44.337417357684465,2017
2017-02-03T12:00:00Z,44.093540102404326,2017
2017-02-04T12:00:00Z,43.8022665425411,2017
2017-02-05T12:00:00Z,43.52253703922302,2017
2017-02-06T12:00:00Z,43.252243396688094,2017
2017-02-07T12:00:00Z,42.865216072691226,2017
2017-02-08T12:00:00Z,42.595204758944455,2017
2017-02-09T12:00:00Z,42.23624854268038,2017
2017-02-10T12:00:00Z,41.81469364315003,2017
2017-02-11T12:00:00Z,41.31386016955545,2017
2017-02-12T12:00:00Z,40.94716190505185,2017
2017-02-13T12:00:00Z,40.59754523475798,2017
2017-02-14T12:00:00Z,40.28052053697537,2017
2017-02-15T12:00:00Z,39.799362800474576,2017
2017-02-16T12:00:00Z,39.378870672856394,2017
2017-02-17T12:00:00Z,38.8691368240329,2017
2017-02-18T12:00:00Z,38.52792944905281,2017
2017-02-19T12:00:00Z,38.155910375236964,2017
2017-02-20T12:00:00Z,37.78828674572703,2017
2017-02-21T12:00:00Z,37.372828499027975,2017
2017-02-22T12:00:00Z,38.96913295029593,2017
2017-02-23T12:00:00Z,39.58647849821515,2017
2017-02-24T12:00:00Z,39.247191057851666,2017
2017-02-25T12:00:00Z,38.92467447062345,2017
2017-02-26T12:00:00Z,38.43488095288657,2017
2017-02-27T12:00:00Z,38.002534192410785,2017
2017-02-28T12:00:00Z,37.54019962761598,2017
2017-03-01T12:00:00Z,37.08856981731705,2017
2017-03-02T12:00:00Z,36.64579691025906,2017
2017-03-03T12:00:00Z,36.25286556534518,2017
2017-03-04T12:00:00Z,35.627744197559416,2017
2017-03-05T12:00:00Z,34.98627205100972,2017
2017-03-06T12:00:00Z,34.363104254454285,2017
2017-03-07T12:00:00Z,33.9706887472298,2017
2017-03-08T12:00:00Z,33.49314510343171,2017
2017-03-09T12:00:00Z,33.083421863906025,2017
2017-03-10T12:00:00Z,32.64102691165258,2017
2017-03-11T12:00:00Z,32.27005126394765,2017
2017-03-12T12:00:00Z,32.01597800480798,2017
2017-03-13T12:00:00Z,32.6735237730286,2017
2017-03-14T12:00:00Z,34.2655739215011,2017
2017-03-15T12:00:00Z,33.6388533648861,2017
2017-03-16T12:00:00Z,32.93311896092461,2017
2017-03-17T12:00:00Z,32.37140231484343,2017
2017-03-18T12:00:00Z,31.894767157103246,2017
2017-03-19T12:00:00Z,31.36552646135812,2017
2017-03-20T12:00:00Z,30.846488767279503,2017
2017-03-21T12:00:00Z,30.27464298552643,2017
2017-03-22T12:00:00Z,29.65650596229631,2017
2017-03-23T12:00:00Z,29.26369227802389,2017
2017-03-24T12:00:00Z,28.963745005057827,2017
2017-03-25T12:00:00Z,28.4306270940331,2017
2017-03-26T12:00:00Z,28.18433252665263,2017
2017-03-27T12:00:00Z,27.833592053867058,2017
2017-03-28T12:00:00Z,27.248970558061238,2017
2017-03-29T12:00:00Z,26.660828810647782,2017
2017-03-30T12:00:00Z,25.994638293105538,2017
2017-03-31T12:00:00Z,25.334028231432573,2017
2017-04-01T12:00:00Z,24.89438050652809,2017
2017-04-02T12:00:00Z,24.855690599703546,2017
2017-04-03T12:00:00Z,25.19836934712667,2017
2017-04-04T12:00:00Z,24.505016416150365,2017
2017-04-05T12:00:00Z,23.854279166291985,2017
2017-04-06T12:00:00Z,23.225567971580244,2017
2017-04-07T12:00:00Z,22.45329391534413,2017
2017-04-08T12:00:00Z,21.676018109061292,2017
2017-04-09T12:00:00Z,21.087754227261236,2017
2017-04-10T12:00:00Z,20.533568322193716,2017
2017-04-11T12:00:00Z,19.995459434724385,2017
2017-04-12T12:00:00Z,19.923279225075394,2017
2017-04-13T12:00:00Z,19.774841539718178,2017
2017-04-14T12:00:00Z,19.019512544939744,2017
2017-04-15T12:00:00Z,18.342307671430802,2017
2017-04-16T12:00:00Z,17.73799298749259,2017
2017-04-17T12:00:00Z,17.27367734308363,2017
2017-04-18T12:00:00Z,17.057525527212672,2017
2017-04-19T12:00:00Z,16.50787843224812,2017
2017-04-20T12:00:00Z,15.99998873897706,2017
2017-04-21T12:00:00Z,15.47197347868683,2017
2017-04-22T12:00:00Z,14.936328508071579,2017
2017-04-23T12:00:00Z,20.507939245433384,2017
2017-04-24T12:00:00Z,21.112075975002753,2017
2017-04-25T12:00:00Z,20.585270165968026,2017
2017-04-26T12:00:00Z,20.230591957627762,2017
2017-04-27T12:00:00Z,20.073379596694185,2017
2017-04-28T12:00:00Z,19.52937605914486,2017
2017-04-29T12:00:00Z,18.75053678991985,2017
2017-04-30T12:00:00Z,18.121927470737543,2017
2017-05-01T12:00:00Z,18.01736061860504,2017
2017-05-02T12:00:00Z,18.473638180994172,2017
2017-05-03T12:00:00Z,20.728277958147384,2017
2017-05-04T12:00:00Z,20.290015316181147,2017
2017-05-05T12:00:00Z,21.211905057800696,2017
2017-05-06T12:00:00Z,21.031328772239938,2017
2017-05-07T12:00:00Z,20.411802343358232,2017
2017-05-08T12:00:00Z,19.819540290397732,2017
2017-05-09T12:00:00Z,19.248900570837982,2017
2017-05-10T12:00:00Z,18.68704494345882,2017
2017-05-11T12:00:00Z,17.980285738354038,2017
2017-05-12T12:00:00Z,17.169696270096566,2017
2017-05-13T12:00:00Z,16.438166576584585,2017
2017-05-14T12:00:00Z,16.59472126036829,2017
2017-05-15T12:00:00Z,16.288873119846247,2017
2017-05-16T12:00:00Z,15.790810638226358,2017
2017-05-17T12:00:00Z,15.220452567811634,2017
2017-05-18T12:00:00Z,14.870158341378598,2017
2017-05-19T12:00:00Z,14.653296815612464,2017
2017-05-20T12:00:00Z,14.176867624064299,2017
2017-05-21T12:00:00Z,13.687669908492666,2017
2017-05-22T12:00:00Z,13.102568410725814,2017
2017-05-23T12:00:00Z,12.445297142811429,2017
2017-05-24T12:00:00Z,11.915743891321833,2017
2017-05-25T12:00:00Z,14.84158853348959,2017
2017-05-26T12:00:00Z,15.499082362787696,2017
2017-05-27T12:00:00Z,15.295729460370133,2017
2017-05-28T12:00:00Z,14.50703961990805,2017
2017-05-29T12:00:00Z,14.01232800086101,2017
2017-05-30T12:00:00Z,14.130865420848936,2017
2017-06-01T12:00:00Z,13.105082749319276,2018
2017-06-02T12:00:00Z,14.602618788986343,2018
2017-06-03T12:00:00Z,16.408135918134978,2018
2017-06-04T12:00:00Z,19.899428868193645,2018
2017-06-05T12:00:00Z,21.39788072353791,2018
2017-06-06T12:00:00Z,37.927129558982,2018
2017-06-07T12:00:00Z,53.3300144559406,2018
2017-06-08T12:00:00Z,56.925446790067035,2018
2017-06-09T12:00:00Z,58.63401644088297,2018
2017-06-10T12:00:00Z,59.870577928329126,2018
2017-06-11T12:00:00Z,61.722027323813805,2018
2017-06-12T12:00:00Z,62.801157335213865,2018
2017-06-13T12:00:00Z,63.99333185883575,2018
2017-06-14T12:00:00Z,66.22929101084691,2018
2017-06-15T12:00:00Z,67.74437977242198,2018
2017-06-16T12:00:00Z,69.31029045960827,2018
2017-06-17T12:00:00Z,71.15959270685536,2018
2017-06-18T12:00:00Z,73.01510331554906,2018
2017-06-19T12:00:00Z,75.04295208844583,2018
2017-06-20T12:00:00Z,76.27101551964387,2018
2017-06-21T12:00:00Z,77.2583645258253,2018
2017-06-22T12:00:00Z,78.48631228954405,2018
2017-06-23T12:00:00Z,78.86843741633753,2018
2017-06-24T12:00:00Z,79.33319969154363,2018
2017-06-25T12:00:00Z,79.7329570493372,2018
2017-06-26T12:00:00Z,79.99417838752807,2018
2017-06-27T12:00:00Z,81.61336303829933,2018
2017-06-28T12:00:00Z,82.03994758985824,2018
2017-06-29T12:00:00Z,83.18872743548214,2018
2017-06-30T12:00:00Z,83.11226226358121,2018
2017-07-01T12:00:00Z,82.7496517412521,2018
2017-07-02T12:00:00Z,82.71120565468205,2018
2017-07-03T12:00:00Z,82.64312183034585,2018
2017-07-04T12:00:00Z,82.83472352236706,2018
2017-07-05T12:00:00Z,82.50140212664864,2018
2017-07-06T12:00:00Z,82.17795764348718,2018
2017-07-07T12:00:00Z,82.21215875919664,2018
2017-07-08T12:00:00Z,82.23078445452877,2018
2017-07-09T12:00:00Z,82.06803031559826,2018
2017-07-10T12:00:00Z,81.97320058235667,2018
2017-07-11T12:00:00Z,82.15520822150877,2018
2017-07-12T12:00:00Z,82.75334266566486,2018
2017-07-13T12:00:00Z,89.63912567065444,2018
2017-07-14T12:00:00Z,90.22752033684449,2018
2017-07-15T12:00:00Z,89.88954115457426,2018
2017-07-16T12:00:00Z,89.34033125091901,2018
2017-07-17T12:00:00Z,88.83182546458848,2018
2017-07-18T12:00:00Z,88.86809434072659,2018
2017-07-19T12:00:00Z,88.74755439231978,2018
2017-07-20T12:00:00Z,88.35432281219538,2018
2017-07-21T12:00:00Z,89.85590373761795,2018
2017-07-22T12:00:00Z,89.89799560610949,2018
2017-07-23T12:00:00Z,89.48946338051725,2018
2017-07-24T12:00:00Z,88.86761820380674,2018
2017-07-25T12:00:00Z,88.20076968874413,2018
2017-07-26T12:00:00Z,87.71587299513975,2018
2017-07-27T12:00:00Z,87.09160714015034,2018
2017-07-28T12:00:00Z,86.55237842278346,2018
2017-07-29T12:00:00Z,86.27296174981312,2018
2017-07-30T12:00:00Z,86.65926376416002,2018
2017-07-31T12:00:00Z,88.902304738027,2018
2017-08-01T12:00:00Z,89.42286265647262,2018
2017-08-02T12:00:00Z,90.12605400062566,2018
2017-08-03T12:00:00Z,89.5281875898685,2018
2017-08-04T12:00:00Z,88.75925242579048,2018
2017-08-05T12:00:00Z,87.803895258088275,2018
2017-08-06T12:00:00Z,86.72305294876693,2018
2017-08-07T12:00:00Z,85.91128421501979,2018
2017-08-08T12:00:00Z,84.92487321017242,2018
2017-08-09T12:00:00Z,83.7023894865497,2018
2017-08-10T12:00:00Z,83.08855764781492,2018
2017-08-11T12:00:00Z,84.97934922903114,2018
2017-08-12T12:00:00Z,84.58087651573689,2018
2017-08-13T12:00:00Z,84.27000298411387,2018
2017-08-14T12:00:00Z,83.3694387022864,2018
2017-08-15T12:00:00Z,82.495361746895,2018
2017-08-16T12:00:00Z,81.94188370730394,2018
2017-08-17T12:00:00Z,81.36438529478552,2018
2017-08-18T12:00:00Z,81.07175005733717,2018
2017-08-19T12:00:00Z,80.63338244597784,2018
2017-08-20T12:00:00Z,79.94760247855824,2018
2017-08-21T12:00:00Z,79.23769071564105,2018
2017-08-22T12:00:00Z,78.76325718971806,2018
2017-08-23T12:00:00Z,78.64412352362291,2018
2017-08-24T12:00:00Z,79.41774606046808,2018
2017-08-25T12:00:00Z,83.8795953120167,2018
2017-08-26T12:00:00Z,84.57015572212096,2018
2017-08-27T12:00:00Z,84.85134843987623,2018
2017-08-28T12:00:00Z,84.56556354058168,2018
2017-08-29T12:00:00Z,84.04359793934768,2018
2017-08-30T12:00:00Z,83.52429921883055,2018
2017-08-31T12:00:00Z,82.80423567004739,2018
2017-09-01T12:00:00Z,82.11950871925835,2018
2017-09-02T12:00:00Z,82.55172066554097,2018
2017-09-03T12:00:00Z,82.10783396985764,2018
2017-09-04T12:00:00Z,82.11611137321486,2018
2017-09-05T12:00:00Z,81.78684337366535,2018
2017-09-06T12:00:00Z,82.94968907677205,2018
2017-09-07T12:00:00Z,83.26996276617479,2018
2017-09-08T12:00:00Z,85.108174953906925,2018
2017-09-09T12:00:00Z,86.36520570641731,2018
2017-09-10T12:00:00Z,100.31093912977047,2018
2017-09-11T12:00:00Z,106.06422000740844,2018
2017-09-12T12:00:00Z,107.34614262068851,2018
2017-09-13T12:00:00Z,108.34208835951925,2018
2017-09-14T12:00:00Z,109.44456282159706,2018
2017-09-15T12:00:00Z,110.09642192426382,2018
2017-09-16T12:00:00Z,110.69411578576009,2018
2017-09-17T12:00:00Z,111.02664669702779,2018
2017-09-18T12:00:00Z,110.99220021642034,2018
2017-09-19T12:00:00Z,111.1390340698645,2018
2017-09-20T12:00:00Z,111.22204905866361,2018
2017-09-21T12:00:00Z,111.38909553523256,2018
2017-09-22T12:00:00Z,111.89510166280343,2018
2017-09-23T12:00:00Z,112.12839375102885,2018
2017-09-24T12:00:00Z,112.51697214191805,2018
2017-09-25T12:00:00Z,112.88053467263701,2018
2017-09-26T12:00:00Z,113.79243634686759,2018
2017-09-27T12:00:00Z,114.10438893895416,2018
2017-09-28T12:00:00Z,114.32912344151653,2018
2017-09-29T12:00:00Z,115.0155758483008,2018
2017-09-30T12:00:00Z,117.11006404599817,2018
2017-10-01T12:00:00Z,117.19861947181487,2018
2017-10-02T12:00:00Z,118.03559677545081,2018
2017-10-03T12:00:00Z,118.8081250502524,2018
2017-10-04T12:00:00Z,120.44667521650089,2018
2017-10-05T12:00:00Z,124.1718787780835,2018
2017-10-06T12:00:00Z,124.83789321313594,2018
2017-10-07T12:00:00Z,124.88845603453161,2018
2017-10-08T12:00:00Z,124.67101944830151,2018
2017-10-09T12:00:00Z,124.32717246757558,2018
2017-10-10T12:00:00Z,124.0920275348922,2018
2017-10-11T12:00:00Z,123.65024072593319,2018
2017-10-12T12:00:00Z,123.39101845387148,2018
2017-10-13T12:00:00Z,124.20746650306779,2018
2017-10-14T12:00:00Z,123.78196687704086,2018
2017-10-15T12:00:00Z,123.53908068560239,2018
2017-10-16T12:00:00Z,122.87400948078817,2018
2017-10-17T12:00:00Z,122.4112264773913,2018
2017-10-18T12:00:00Z,123.39862856209886,2018
2017-10-19T12:00:00Z,122.51886195255456,2018
2017-10-20T12:00:00Z,121.96271586975939,2018
2017-10-21T12:00:00Z,121.53536671282076,2018
2017-10-22T12:00:00Z,120.9297723043587,2018
2017-10-23T12:00:00Z,120.17713652932865,2018
2017-10-24T12:00:00Z,119.5205601953645,2018
2017-10-25T12:00:00Z,119.9953327121746,2018
2017-10-26T12:00:00Z,118.96693482882404,2018
2017-10-27T12:00:00Z,118.31318116030725,2018
2017-10-28T12:00:00Z,118.03261156316711,2018
2017-10-29T12:00:00Z,123.90961117850283,2018
2017-10-30T12:00:00Z,122.82026876256218,2018
2017-10-31T12:00:00Z,121.9958675432577,2018
2017-11-01T12:00:00Z,121.22691942705819,2018
2017-11-02T12:00:00Z,120.47427808673494,2018
2017-11-03T12:00:00Z,119.65538007281967,2018
2017-11-04T12:00:00Z,118.96539056522802,2018
2017-11-05T12:00:00Z,118.1636921036508,2018
2017-11-06T12:00:00Z,117.5159746500712,2018
2017-11-07T12:00:00Z,116.83097890843584,2018
2017-11-08T12:00:00Z,115.83085729121876,2018
2017-11-09T12:00:00Z,114.78708104280634,2018
2017-11-10T12:00:00Z,113.69650044981849,2018
2017-11-11T12:00:00Z,112.57716763455781,2018
2017-11-12T12:00:00Z,111.64390647490009,2018
2017-11-13T12:00:00Z,110.919293635322,2018
2017-11-14T12:00:00Z,109.93759506536803,2018
2017-11-15T12:00:00Z,108.72499995926718,2018
2017-11-16T12:00:00Z,107.65470027408703,2018
2017-11-17T12:00:00Z,106.5701211953349,2018
2017-11-18T12:00:00Z,105.47762119863015,2018
2017-11-19T12:00:00Z,104.40770208613917,2018
2017-11-20T12:00:00Z,103.30145594339994,2018
2017-11-21T12:00:00Z,102.55741754862528,2018
2017-11-22T12:00:00Z,101.69862368239853,2018
2017-11-23T12:00:00Z,101.14972875099663,2018
2017-11-24T12:00:00Z,100.73938010020676,2018
2017-11-25T12:00:00Z,99.56938529057494,2018
2017-11-26T12:00:00Z,98.45282181280419,2018
2017-11-27T12:00:00Z,97.12436368240878,2018
2017-11-28T12:00:00Z,96.0562143834966,2018
2017-11-29T12:00:00Z,95.29813664876278,2018
2017-11-30T12:00:00Z,94.50002175086833,2018
2017-12-01T12:00:00Z,93.47146511020672,2018
2017-12-02T12:00:00Z,92.37689909909254,2018
2017-12-03T12:00:00Z,91.42013422800669,2018
2017-12-04T12:00:00Z,90.13878014878591,2018
2017-12-05T12:00:00Z,89.06981893034845,2018
2017-12-06T12:00:00Z,88.12284486538361,2018
2017-12-07T12:00:00Z,87.26123240241478,2018
2017-12-08T12:00:00Z,86.28887275142017,2018
2017-12-09T12:00:00Z,86.22862161042524,2018
2017-12-10T12:00:00Z,85.25777037585647,2018
2017-12-11T12:00:00Z,84.11481183835255,2018
2017-12-12T12:00:00Z,83.13762924066188,2018
2017-12-13T12:00:00Z,82.17921050723326,2018
2017-12-14T12:00:00Z,81.2863086913257,2018
2017-12-15T12:00:00Z,80.44031143188477,2018
2017-12-16T12:00:00Z,79.69576247409209,2018
2017-12-17T12:00:00Z,78.9625900739957,2018
2017-12-18T12:00:00Z,78.26711592877348,2018
2017-12-19T12:00:00Z,77.59166796248904,2018
2017-12-20T12:00:00Z,76.7605961580511,2018
2017-12-21T12:00:00Z,76.01152028505432,2018
2017-12-22T12:00:00Z,75.28946615996014,2018
2017-12-23T12:00:00Z,74.5743417173499,2018
2017-12-24T12:00:00Z,73.8163148208371,2018
2017-12-25T12:00:00Z,72.98206021561191,2018
2017-12-26T12:00:00Z,72.10405656142942,2018
2017-12-27T12:00:00Z,71.29801133584319,2018
2017-12-28T12:00:00Z,70.56345181387917,2018
2017-12-29T12:00:00Z,70.09728377581929,2018
2017-12-30T12:00:00Z,69.35402948783413,2018
2017-12-31T12:00:00Z,68.6928332168039,2018
2018-01-01T12:00:00Z,68.073155769847,2018
2018-01-02T12:00:00Z,67.38843934322877,2018
2018-01-03T12:00:00Z,67.14071719347537,2018
2018-01-04T12:00:00Z,66.14029289707854,2018
2018-01-05T12:00:00Z,65.61132893050296,2018
2018-01-06T12:00:00Z,65.17489157197858,2018
2018-01-07T12:00:00Z,64.73750562158686,2018
2018-01-08T12:00:00Z,64.40517280683878,2018
2018-01-09T12:00:00Z,64.1303999888804,2018
2018-01-10T12:00:00Z,63.86453734719975,2018
2018-01-11T12:00:00Z,63.75035930466495,2018
2018-01-12T12:00:00Z,63.491361328564366,2018
2018-01-13T12:00:00Z,63.923553807762616,2018
2018-01-14T12:00:00Z,63.31462404952481,2018
2018-01-15T12:00:00Z,62.90091912418908,2018
2018-01-16T12:00:00Z,62.48289493178635,2018
2018-01-17T12:00:00Z,62.057323156035295,2018
2018-01-18T12:00:00Z,61.412951759471106,2018
2018-01-19T12:00:00Z,60.83986638417556,2018
2018-01-20T12:00:00Z,60.400766401285175,2018
2018-01-21T12:00:00Z,60.03037901330867,2018
2018-01-22T12:00:00Z,59.56134773030135,2018
2018-01-23T12:00:00Z,59.235691878347964,2018
2018-01-24T12:00:00Z,58.8202985066744,2018
2018-01-25T12:00:00Z,58.38746527275355,2018
2018-01-26T12:00:00Z,57.84630538720747,2018
2018-01-27T12:00:00Z,57.33878111996619,2018
2018-01-28T12:00:00Z,56.91135415189911,2018
2018-01-29T12:00:00Z,56.6314434973723,2018
2018-01-30T12:00:00Z,56.10718979403582,2018
2018-01-31T12:00:00Z,55.27263026017233,2018
2018-02-01T12:00:00Z,54.76459537499238,2018
2018-02-02T12:00:00Z,54.38144679032333,2018
2018-02-03T12:00:00Z,53.965275906915785,2018
2018-02-04T12:00:00Z,53.66705484052726,2018
2018-02-05T12:00:00Z,53.31316159253501,2018
2018-02-06T12:00:00Z,52.81321002340059,2018
2018-02-07T12:00:00Z,52.43887165941445,2018
2018-02-08T12:00:00Z,52.081578479531146,2018
2018-02-09T12:00:00Z,51.64528818250632,2018
2018-02-10T12:00:00Z,51.18570708542008,2018
2018-02-11T12:00:00Z,50.76670088193055,2018
2018-02-12T12:00:00Z,50.28515431862358,2018
2018-02-13T12:00:00Z,49.80492578013328,2018
2018-02-14T12:00:00Z,49.346629352718324,2018
2018-02-15T12:00:00Z,48.78440153720354,2018
2018-02-16T12:00:00Z,48.21986530352011,2018
2018-02-17T12:00:00Z,47.653277609401215,2018
2018-02-18T12:00:00Z,47.180972059829976,2018
2018-02-19T12:00:00Z,46.66696099714383,2018
2018-02-20T12:00:00Z,46.46793181723152,2018
2018-02-21T12:00:00Z,46.03634955229413,2018
2018-02-22T12:00:00Z,45.57345020177483,2018
2018-02-23T12:00:00Z,45.22183409692573,2018
2018-02-24T12:00:00Z,44.843174026480106,2018
2018-02-25T12:00:00Z,44.317692690862465,2018
2018-02-26T12:00:00Z,43.79877608996633,2018
2018-02-27T12:00:00Z,43.5063856613443,2018
2018-02-28T12:00:00Z,43.21369953075425,2018
2018-03-01T12:00:00Z,42.71033714399698,2018
2018-03-02T12:00:00Z,42.313285047305726,2018
2018-03-03T12:00:00Z,41.70685835519664,2018
2018-03-04T12:00:00Z,41.023947770107846,2018
2018-03-05T12:00:00Z,40.38288267944556,2018
2018-03-06T12:00:00Z,39.87912179984657,2018
2018-03-07T12:00:00Z,39.4870477640922,2018
2018-03-08T12:00:00Z,39.20744545472619,2018
2018-03-09T12:00:00Z,38.552577054779476,2018
2018-03-10T12:00:00Z,38.13894792452642,2018
2018-03-11T12:00:00Z,38.403118639272634,2018
2018-03-12T12:00:00Z,38.41355889131012,2018
2018-03-13T12:00:00Z,38.5349316908774,2018
2018-03-14T12:00:00Z,37.90290672334283,2018
2018-03-15T12:00:00Z,37.240063850938306,2018
2018-03-16T12:00:00Z,36.759561956322116,2018
2018-03-17T12:00:00Z,36.32569838571348,2018
2018-03-18T12:00:00Z,35.818963888954386,2018
2018-03-19T12:00:00Z,35.37932294675098,2018
2018-03-20T12:00:00Z,34.826496584228074,2018
2018-03-21T12:00:00Z,34.26476565419948,2018
2018-03-22T12:00:00Z,33.553778867487,2018
2018-03-23T12:00:00Z,32.78995652590673,2018
2018-03-24T12:00:00Z,32.2528010862061,2018
2018-03-25T12:00:00Z,31.715251840226436,2018
2018-03-26T12:00:00Z,31.2268325494447,2018
2018-03-27T12:00:00Z,30.66138867410844,2018
2018-03-28T12:00:00Z,30.011757267687088,2018
2018-03-29T12:00:00Z,29.38464977902857,2018
2018-03-30T12:00:00Z,28.76469312918422,2018
2018-03-31T12:00:00Z,28.30959881403236,2018
2018-04-01T12:00:00Z,27.854849519598034,2018
2018-04-02T12:00:00Z,27.280536843833627,2018
2018-04-03T12:00:00Z,26.61338557407537,2018
2018-04-04T12:00:00Z,26.007047514752422,2018
2018-04-05T12:00:00Z,25.486737812502195,2018
2018-04-06T12:00:00Z,24.992046967193474,2018
2018-04-07T12:00:00Z,24.292413662348096,2018
2018-04-08T12:00:00Z,23.76899535025246,2018
2018-04-09T12:00:00Z,23.29452969574542,2018
2018-04-10T12:00:00Z,22.729964830093063,2018
2018-04-11T12:00:00Z,22.1463754833567,2018
2018-04-12T12:00:00Z,21.388126407616426,2018
2018-04-13T12:00:00Z,20.660069058881096,2018
2018-04-14T12:00:00Z,19.910748697428485,2018
2018-04-15T12:00:00Z,19.14193390569933,2018
2018-04-16T12:00:00Z,19.963606188521815,2018
2018-04-17T12:00:00Z,19.15704525797111,2018
2018-04-18T12:00:00Z,18.275091513374573,2018
2018-04-19T12:00:00Z,17.601246120404824,2018
2018-04-20T12:00:00Z,17.225536719438338,2018
2018-04-21T12:00:00Z,16.754460014979426,2018
2018-04-22T12:00:00Z,17.352054701211856,2018
2018-04-23T12:00:00Z,17.66071855514151,2018
2018-04-24T12:00:00Z,19.975306286093854,2018
2018-04-25T12:00:00Z,19.41134422499045,2018
2018-04-26T12:00:00Z,18.754132218752783,2018
2018-04-27T12:00:00Z,18.34922574277259,2018
2018-04-28T12:00:00Z,19.571755540249374,2018
2018-04-29T12:00:00Z,19.0021108250884,2018
2018-04-30T12:00:00Z,18.510476451615194,2018
2018-05-01T12:00:00Z,17.815154134547846,2018
2018-05-02T12:00:00Z,17.192575918104954,2018
2018-05-03T12:00:00Z,16.808301899343032,2018
2018-05-04T12:00:00Z,17.30146625932992,2018
2018-05-05T12:00:00Z,17.29176492811179,2018
2018-05-06T12:00:00Z,17.12190445669411,2018
2018-05-07T12:00:00Z,16.857544787429234,2018
2018-05-08T12:00:00Z,17.114136733047676,2018
2018-05-09T12:00:00Z,16.668588847690668,2018
2018-05-10T12:00:00Z,16.135577336284452,2018
2018-05-11T12:00:00Z,15.45890835794633,2018
2018-05-12T12:00:00Z,14.948342902830566,2018
2018-05-13T12:00:00Z,15.775935337224547,2018
2018-05-14T12:00:00Z,19.45732793138638,2018
2018-05-15T12:00:00Z,20.66851447367997,2018
2018-05-16T12:00:00Z,27.245308009320986,2018
2018-05-17T12:00:00Z,32.456623120871434,2018
2018-05-18T12:00:00Z,32.839774044245104,2018
2018-05-19T12:00:00Z,34.27163999954526,2018
2018-05-20T12:00:00Z,37.563126260246,2018
2018-05-21T12:00:00Z,40.65500557115139,2018
2018-05-22T12:00:00Z,40.85247549412847,2018
2018-05-23T12:00:00Z,40.53960120527774,2018
2018-05-24T12:00:00Z,40.36943088524629,2018
2018-05-25T12:00:00Z,42.01285456409695,2018
2018-05-26T12:00:00Z,44.65173523370277,2018
2018-05-27T12:00:00Z,47.21278005598831,2018
2018-05-28T12:00:00Z,48.67450448203816,2018
2018-05-29T12:00:00Z,48.67552712525732,2018
2018-05-30T12:00:00Z,49.17441238467394,2018
2018-06-01T12:00:00Z,53.29412161009571,2019
2018-06-02T12:00:00Z,53.563085927888885,2019
2018-06-03T12:00:00Z,54.66464926085217,2019
2018-06-04T12:00:00Z,55.28478219913879,2019
2018-06-05T12:00:00Z,55.641924555457564,2019
2018-06-06T12:00:00Z,55.6613598979728,2019
2018-06-07T12:00:00Z,56.07924729675037,2019
2018-06-08T12:00:00Z,58.355493478025586,2019
2018-06-09T12:00:00Z,60.52527615433334,2019
2018-06-10T12:00:00Z,61.629485772767325,2019
2018-06-11T12:00:00Z,62.7238319982793,2019
2018-06-12T12:00:00Z,63.3947984939145,2019
2018-06-13T12:00:00Z,64.10840689985783,2019
2018-06-14T12:00:00Z,65.09948943743966,2019
2018-06-15T12:00:00Z,65.7819564077907,2019
2018-06-16T12:00:00Z,66.3238614568041,2019
2018-06-17T12:00:00Z,66.593917537751,2019
2018-06-18T12:00:00Z,67.4063661800721,2019
2018-06-19T12:00:00Z,67.69493228200673,2019
2018-06-20T12:00:00Z,67.70749057433386,2019
2018-06-21T12:00:00Z,67.73306721102068,2019
2018-06-22T12:00:00Z,68.17146212023465,2019
2018-06-23T12:00:00Z,68.95287860305136,2019
2018-06-24T12:00:00Z,69.25107701695745,2019
2018-06-25T12:00:00Z,70.41800977344204,2019
2018-06-26T12:00:00Z,70.95008188532582,2019
2018-06-27T12:00:00Z,71.02486977808906,2019
2018-06-28T12:00:00Z,71.4148085078724,2019
2018-06-29T12:00:00Z,72.49045983344836,2019
2018-06-30T12:00:00Z,72.92003539828534,2019
2018-07-01T12:00:00Z,72.84700077196474,2019
2018-07-02T12:00:00Z,72.62248402522864,2019
2018-07-03T12:00:00Z,72.69920685967787,2019
2018-07-04T12:00:00Z,72.36273419907083,2019
2018-07-05T12:00:00Z,72.08867339081011,2019
2018-07-06T12:00:00Z,72.07735404213102,2019
2018-07-07T12:00:00Z,71.59795984223565,2019
2018-07-08T12:00:00Z,71.63187755820418,2019
2018-07-09T12:00:00Z,71.01305976139977,2019
2018-07-10T12:00:00Z,70.63547440582074,2019
2018-07-11T12:00:00Z,71.36672094902309,2019
2018-07-12T12:00:00Z,71.02789033868031,2019
2018-07-13T12:00:00Z,71.13832637601509,2019
2018-07-14T12:00:00Z,71.27033012815772,2019
2018-07-15T12:00:00Z,71.04708020187955,2019
2018-07-16T12:00:00Z,70.26118926681583,2019
2018-07-17T12:00:00Z,69.87401498429563,2019
2018-07-18T12:00:00Z,69.26763265663517,2019
2018-07-19T12:00:00Z,68.70373998778125,2019
2018-07-20T12:00:00Z,68.39515129505837,2019
2018-07-21T12:00:00Z,68.03873986402671,2019
2018-07-22T12:00:00Z,67.47897621479733,2019
2018-07-23T12:00:00Z,67.27870520332579,2019
2018-07-24T12:00:00Z,67.57520570394588,2019
2018-07-25T12:00:00Z,67.79190676528391,2019
2018-07-26T12:00:00Z,68.2819879047872,2019
2018-07-27T12:00:00Z,69.4705297725245,2019
2018-07-28T12:00:00Z,69.25977970757167,2019
2018-07-29T12:00:00Z,69.37257621183893,2019
2018-07-30T12:00:00Z,69.15859331566914,2019
2018-07-31T12:00:00Z,68.96944332980938,2019
2018-08-01T12:00:00Z,68.6517661059768,2019
2018-08-02T12:00:00Z,68.26898727691595,2019
2018-08-03T12:00:00Z,67.48603586243811,2019
2018-08-04T12:00:00Z,66.73692138708489,2019
2018-08-05T12:00:00Z,66.06967062398067,2019
2018-08-06T12:00:00Z,65.42526397064337,2019
2018-08-07T12:00:00Z,64.80956990059508,2019
2018-08-08T12:00:00Z,64.67615305826774,2019
2018-08-09T12:00:00Z,64.00054901434264,2019
2018-08-10T12:00:00Z,63.59624339780481,2019
2018-08-11T12:00:00Z,65.11528468232135,2019
2018-08-12T12:00:00Z,65.64497002027817,2019
2018-08-13T12:00:00Z,65.50308844481104,2019
2018-08-14T12:00:00Z,65.1833963514304,2019
2018-08-15T12:00:00Z,64.81655755640864,2019
2018-08-16T12:00:00Z,64.21735293978192,2019
2018-08-17T12:00:00Z,63.47160745768327,2019
2018-08-18T12:00:00Z,62.91935797029437,2019
2018-08-19T12:00:00Z,63.290136498609705,2019
2018-08-20T12:00:00Z,64.02109489143432,2019
2018-08-21T12:00:00Z,64.75771453527898,2019
2018-08-22T12:00:00Z,64.429510648621,2019
2018-08-23T12:00:00Z,64.05272705682252,2019
2018-08-24T12:00:00Z,63.89948435407523,2019
2018-08-25T12:00:00Z,64.67553433359349,2019
2018-08-26T12:00:00Z,64.61261690685545,2019
2018-08-27T12:00:00Z,64.31111219848925,2019
2018-08-28T12:00:00Z,64.64218573063951,2019
2018-08-29T12:00:00Z,64.59350311334218,2019
2018-08-30T12:00:00Z,64.52562144965417,2019
2018-08-31T12:00:00Z,64.65410394788718,2019
2018-09-01T12:00:00Z,64.631558361637,2019
2018-09-02T12:00:00Z,64.63053025152416,2019
2018-09-03T12:00:00Z,70.32866268009215,2019
2018-09-04T12:00:00Z,73.11613775801358,2019
2018-09-05T12:00:00Z,72.87404034390876,2019
2018-09-06T12:00:00Z,72.6656028527876,2019
2018-09-07T12:00:00Z,72.38568991905355,2019
2018-09-08T12:00:00Z,72.020904401425625,2019
2018-09-09T12:00:00Z,72.1806669206625,2019
2018-09-10T12:00:00Z,71.91025711178565,2019
2018-09-11T12:00:00Z,71.59986223885593,2019
2018-09-12T12:00:00Z,71.75792791575962,2019
2018-09-13T12:00:00Z,71.68521955704074,2019
2018-09-14T12:00:00Z,72.76004191938101,2019
2018-09-15T12:00:00Z,72.9810787056761,2019
2018-09-16T12:00:00Z,72.54671942808704,2019
2018-09-17T12:00:00Z,72.00685282560187,2019
2018-09-18T12:00:00Z,71.61975409102139,2019
2018-09-19T12:00:00Z,71.5897913328101,2019
2018-09-20T12:00:00Z,70.76899253556881,2019
2018-09-21T12:00:00Z,70.25066899995855,2019
2018-09-22T12:00:00Z,70.1924746718747,2019
2018-09-23T12:00:00Z,69.76205757154844,2019
2018-09-24T12:00:00Z,69.08064263383285,2019
2018-09-25T12:00:00Z,68.45117442423381,2019
2018-09-26T12:00:00Z,67.76770812677064,2019
2018-09-27T12:00:00Z,67.05850119267528,2019
2018-09-28T12:00:00Z,66.241651689498525,2019
2018-09-29T12:00:00Z,65.70277868407031,2019
2018-09-30T12:00:00Z,64.90811096127332,2019
2018-10-01T12:00:00Z,64.51313556563589,2019
2018-10-02T12:00:00Z,64.05847987659548,2019
2018-10-03T12:00:00Z,63.35642793011222,2019
2018-10-04T12:00:00Z,62.9590461172597,2019
2018-10-05T12:00:00Z,62.56884392393372,2019
2018-10-06T12:00:00Z,62.18745504973102,2019
2018-10-07T12:00:00Z,61.87157607007041,2019
2018-10-08T12:00:00Z,61.5859174699789,2019
2018-10-09T12:00:00Z,61.05069372935716,2019
2018-10-10T12:00:00Z,60.41551111469601,2019
2018-10-11T12:00:00Z,60.070043045529076,2019
2018-10-12T12:00:00Z,59.77419487415993,2019
2018-10-13T12:00:00Z,59.105006334090845,2019
2018-10-14T12:00:00Z,58.46758184907818,2019
2018-10-15T12:00:00Z,57.83267339604589,2019
2018-10-16T12:00:00Z,57.17396019773707,2019
2018-10-17T12:00:00Z,56.52677099162687,2019
2018-10-18T12:00:00Z,55.72204726230047,2019
2018-10-19T12:00:00Z,54.97534552919128,2019
2018-10-20T12:00:00Z,54.168313411444906,2019
2018-10-21T12:00:00Z,53.54283996563724,2019
2018-10-22T12:00:00Z,52.78572920746051,2019
2018-10-23T12:00:00Z,52.00784282993255,2019
2018-10-24T12:00:00Z,51.68359912535925,2019
2018-10-25T12:00:00Z,51.227935445473165,2019
2018-10-26T12:00:00Z,50.75075592791598,2019
2018-10-27T12:00:00Z,50.29241653652912,2019
2018-10-28T12:00:00Z,49.592893166819515,2019
2018-10-29T12:00:00Z,48.92008222043336,2019
2018-10-30T12:00:00Z,48.608490127536015,2019
2018-10-31T12:00:00Z,48.277937099042596,2019
2018-11-01T12:00:00Z,47.99140092864606,2019
2018-11-02T12:00:00Z,47.803951608970195,2019
2018-11-03T12:00:00Z,48.91685559296222,2019
2018-11-04T12:00:00Z,48.87996384106358,2019
2018-11-05T12:00:00Z,48.52956402280335,2019
2018-11-06T12:00:00Z,48.258287755900966,2019
2018-11-07T12:00:00Z,48.006724938276506,2019
2018-11-08T12:00:00Z,47.71085408925295,2019
2018-11-09T12:00:00Z,47.429274478356284,2019
2018-11-10T12:00:00Z,47.18403664848085,2019
2018-11-11T12:00:00Z,46.873991656746774,2019
2018-11-12T12:00:00Z,46.71107860031997,2019
2018-11-13T12:00:00Z,46.61012993247908,2019
2018-11-14T12:00:00Z,46.45207754866263,2019
2018-11-15T12:00:00Z,46.50732952317007,2019
2018-11-16T12:00:00Z,46.10232625410953,2019
2018-11-17T12:00:00Z,45.64405457760377,2019
2018-11-18T12:00:00Z,45.29436002981899,2019
2018-11-19T12:00:00Z,45.109161418143614,2019
2018-11-20T12:00:00Z,45.985808667124,2019
2018-11-21T12:00:00Z,46.032728523570185,2019
2018-11-22T12:00:00Z,45.66246244159371,2019
2018-11-23T12:00:00Z,45.3865267473849,2019
2018-11-24T12:00:00Z,45.0691436785885,2019
2018-11-25T12:00:00Z,44.756170795717566,2019
2018-11-26T12:00:00Z,44.46124787951345,2019
2018-11-27T12:00:00Z,44.1229205323181,2019
2018-11-28T12:00:00Z,43.53162191810905,2019
2018-11-29T12:00:00Z,42.92704141590505,2019
2018-11-30T12:00:00Z,42.567599991659385,2019
2018-12-01T12:00:00Z,42.32615645602569,2019
2018-12-02T12:00:00Z,42.09518389596007,2019
2018-12-03T12:00:00Z,41.76649140539324,2019
2018-12-04T12:00:00Z,41.52590529104872,2019
2018-12-05T12:00:00Z,41.69785368106432,2019
2018-12-06T12:00:00Z,41.14289414989927,2019
2018-12-07T12:00:00Z,40.825472236180204,2019
2018-12-08T12:00:00Z,40.5011483840622,2019
2018-12-09T12:00:00Z,40.29930241521276,2019
2018-12-10T12:00:00Z,40.119113494195695,2019
2018-12-11T12:00:00Z,39.712874517229125,2019
2018-12-12T12:00:00Z,39.205093029093156,2019
2018-12-13T12:00:00Z,38.9152476374232,2019
2018-12-14T12:00:00Z,38.650604378483436,2019
2018-12-15T12:00:00Z,38.51646127683643,2019
2018-12-16T12:00:00Z,38.954028147312435,2019
2018-12-17T12:00:00Z,38.55888674483731,2019
2018-12-18T12:00:00Z,38.20970532532287,2019
2018-12-19T12:00:00Z,37.91649593360137,2019
2018-12-20T12:00:00Z,37.81839131822683,2019
2018-12-21T12:00:00Z,40.10732126951075,2019
2018-12-22T12:00:00Z,39.745272006542294,2019
2018-12-23T12:00:00Z,39.44167445502599,2019
2018-12-24T12:00:00Z,39.15437087829626,2019
2018-12-25T12:00:00Z,38.82717178793245,2019
2018-12-26T12:00:00Z,38.58635173218652,2019
2018-12-27T12:00:00Z,38.3898351723088,2019
2018-12-28T12:00:00Z,38.16671208299844,2019
2018-12-29T12:00:00Z,37.91404987511409,2019
2018-12-30T12:00:00Z,37.63173024498494,2019
2018-12-31T12:00:00Z,37.32562279887162,2019
2019-01-01T12:00:00Z,37.01563431820472,2019
2019-01-02T12:00:00Z,36.723642105532754,2019
2019-01-03T12:00:00Z,36.39908424793923,2019
2019-01-04T12:00:00Z,36.104342334200396,2019
2019-01-05T12:00:00Z,35.79753087849837,2019
2019-01-06T12:00:00Z,35.32676708219147,2019
2019-01-07T12:00:00Z,34.9782633584062,2019
2019-01-08T12:00:00Z,34.62132220848921,2019
2019-01-09T12:00:00Z,34.28335411790323,2019
2019-01-10T12:00:00Z,33.862456110615035,2019
2019-01-11T12:00:00Z,33.30656344317074,2019
2019-01-12T12:00:00Z,32.93462574346093,2019
2019-01-13T12:00:00Z,32.620863280041746,2019
2019-01-14T12:00:00Z,32.285811707440004,2019
2019-01-15T12:00:00Z,31.928544475278528,2019
2019-01-16T12:00:00Z,31.451107780305513,2019
2019-01-17T12:00:00Z,31.029075386857443,2019
2019-01-18T12:00:00Z,30.682815988834705,2019
2019-01-19T12:00:00Z,30.312427326241295,2019
2019-01-20T12:00:00Z,30.49482453134007,2019
2019-01-21T12:00:00Z,30.220729075010194,2019
2019-01-22T12:00:00Z,29.80676169072216,2019
2019-01-23T12:00:00Z,29.476034771988473,2019
2019-01-24T12:00:00Z,29.724700428871746,2019
2019-01-25T12:00:00Z,31.427994833925062,2019
2019-01-26T12:00:00Z,34.11400048634072,2019
2019-01-27T12:00:00Z,40.454412889394774,2019
2019-01-28T12:00:00Z,43.043436342181025,2019
2019-01-29T12:00:00Z,42.82908872479654,2019
2019-01-30T12:00:00Z,42.8035043763342,2019
2019-01-31T12:00:00Z,42.81252259756179,2019
2019-02-01T12:00:00Z,42.860287943784535,2019
2019-02-02T12:00:00Z,42.85737059054864,2019
2019-02-03T12:00:00Z,43.54736410048313,2019
2019-02-04T12:00:00Z,43.45923263009752,2019
2019-02-05T12:00:00Z,43.45414248754253,2019
2019-02-06T12:00:00Z,43.38715667129635,2019
2019-02-07T12:00:00Z,43.2774644816215,2019
2019-02-08T12:00:00Z,43.24083673103026,2019
2019-02-09T12:00:00Z,43.26014398484439,2019
2019-02-10T12:00:00Z,43.157021733623246,2019
2019-02-11T12:00:00Z,43.248584058517885,2019
2019-02-12T12:00:00Z,43.56725398465839,2019
2019-02-13T12:00:00Z,46.28093243503399,2019
2019-02-14T12:00:00Z,47.10956768454659,2019
2019-02-15T12:00:00Z,47.07290743008014,2019
2019-02-16T12:00:00Z,47.02919568826713,2019
2019-02-17T12:00:00Z,46.93565357897049,2019
2019-02-18T12:00:00Z,46.85563921227595,2019
2019-02-19T12:00:00Z,46.53981692675137,2019
2019-02-20T12:00:00Z,46.28436329183138,2019
2019-02-21T12:00:00Z,45.950945752927055,2019
2019-02-22T12:00:00Z,45.657655028289994,2019
2019-02-23T12:00:00Z,45.31574574214796,2019
2019-02-24T12:00:00Z,44.95909309501625,2019
2019-02-25T12:00:00Z,44.556666343885766,2019
2019-02-26T12:00:00Z,44.138480256829496,2019
2019-02-27T12:00:00Z,44.141195797248024,2019
2019-02-28T12:00:00Z,43.896498700137904,2019
2019-03-01T12:00:00Z,43.46194470136124,2019
2019-03-02T12:00:00Z,43.093781757869614,2019
2019-03-03T12:00:00Z,42.713819109041964,2019
2019-03-04T12:00:00Z,42.296963911966145,2019
2019-03-05T12:00:00Z,41.86129347921919,2019
2019-03-06T12:00:00Z,41.13342722919649,2019
2019-03-07T12:00:00Z,40.54098738434076,2019
2019-03-08T12:00:00Z,40.12235388157964,2019
2019-03-09T12:00:00Z,39.69861396601905,2019
2019-03-10T12:00:00Z,39.21866843138331,2019
2019-03-11T12:00:00Z,38.71761761615572,2019
2019-03-12T12:00:00Z,39.02315567693957,2019
2019-03-13T12:00:00Z,38.78227968221663,2019
2019-03-14T12:00:00Z,38.45152779746785,2019
2019-03-15T12:00:00Z,38.17814473985696,2019
2019-03-16T12:00:00Z,37.98480371979803,2019
2019-03-17T12:00:00Z,38.330616489312,2019
2019-03-18T12:00:00Z,38.26789610873602,2019
2019-03-19T12:00:00Z,40.46426646296107,2019
2019-03-20T12:00:00Z,41.15588634744975,2019
2019-03-21T12:00:00Z,40.830822961231725,2019
2019-03-22T12:00:00Z,40.33443181358845,2019
2019-03-23T12:00:00Z,39.85520498897047,2019
2019-03-24T12:00:00Z,39.521008601929516,2019
2019-03-25T12:00:00Z,39.141416386064826,2019
2019-03-26T12:00:00Z,38.78776829472972,2019
2019-03-27T12:00:00Z,38.219305529305515,2019
2019-03-28T12:00:00Z,37.67025984985498,2019
2019-03-29T12:00:00Z,37.11621271784461,2019
2019-03-30T12:00:00Z,36.65827028152109,2019
2019-03-31T12:00:00Z,36.274936559318995,2019
2019-04-01T12:00:00Z,35.80886476055619,2019
2019-04-02T12:00:00Z,35.32818308774768,2019
2019-04-03T12:00:00Z,34.85431092873832,2019
2019-04-04T12:00:00Z,35.61683759592076,2019
2019-04-05T12:00:00Z,36.534476735024086,2019
2019-04-06T12:00:00Z,36.15536916878099,2019
2019-04-07T12:00:00Z,35.70947967694059,2019
2019-04-08T12:00:00Z,35.187653649689985,2019
2019-04-09T12:00:00Z,35.30807538824877,2019
2019-04-10T12:00:00Z,35.792789974109674,2019
2019-04-11T12:00:00Z,35.190876295413524,2019
2019-04-12T12:00:00Z,34.592606094259665,2019
2019-04-13T12:00:00Z,34.01469120009616,2019
2019-04-14T12:00:00Z,33.38245478116901,2019
2019-04-15T12:00:00Z,33.67472690383188,2019
2019-04-16T12:00:00Z,33.27561938784118,2019
2019-04-17T12:00:00Z,32.62940233455994,2019
2019-04-18T12:00:00Z,31.908602315791725,2019
2019-04-19T12:00:00Z,31.360186887488226,2019
2019-04-20T12:00:00Z,32.54813596683129,2019
2019-04-21T12:00:00Z,31.75113758757648,2019
2019-04-22T12:00:00Z,31.03352065335224,2019
2019-04-23T12:00:00Z,30.316468266862984,2019
2019-04-24T12:00:00Z,29.691486058867326,2019
2019-04-25T12:00:00Z,28.995244429507654,2019
2019-04-26T12:00:00Z,28.27019380822322,2019
2019-04-27T12:00:00Z,27.677145275443202,2019
2019-04-28T12:00:00Z,26.975484933835986,2019
2019-04-29T12:00:00Z,26.19728697082849,2019
2019-04-30T12:00:00Z,25.49280473723981,2019
2019-05-01T12:00:00Z,24.922864320110833,2019
2019-05-02T12:00:00Z,25.145906898027132,2019
2019-05-03T12:00:00Z,26.46420169548854,2019
2019-05-04T12:00:00Z,30.57394308034145,2019
2019-05-05T12:00:00Z,33.79600402703883,2019
2019-05-06T12:00:00Z,34.012996536282344,2019
2019-05-07T12:00:00Z,35.03698253803219,2019
2019-05-08T12:00:00Z,35.754779451824476,2019
2019-05-09T12:00:00Z,35.688546378096206,2019
2019-05-10T12:00:00Z,36.88041412866109,2019
2019-05-11T12:00:00Z,36.92074009209389,2019
2019-05-12T12:00:00Z,36.84244076706509,2019
2019-05-13T12:00:00Z,37.23745646988766,2019
2019-05-14T12:00:00Z,36.61040920172899,2019
2019-05-15T12:00:00Z,35.63529976499817,2019
2019-05-16T12:00:00Z,35.28678140256958,2019
2019-05-17T12:00:00Z,34.4197937451084,2019
2019-05-18T12:00:00Z,33.31607149486851,2019
2019-05-19T12:00:00Z,32.48821205912626,2019
2019-05-20T12:00:00Z,32.28248573536636,2019
2019-05-21T12:00:00Z,32.4769666748413,2019
2019-05-22T12:00:00Z,32.08216433648085,2019
2019-05-23T12:00:00Z,31.359343887448098,2019
2019-05-24T12:00:00Z,30.611062771271428,2019
2019-05-25T12:00:00Z,29.75991487417238,2019
2019-05-26T12:00:00Z,5.820043785030143,2019
2019-05-27T12:00:00Z,0,2019
2019-05-28T12:00:00Z,0,2019
2019-05-29T12:00:00Z,0,2019
2019-05-30T12:00:00Z,0,2019
2019-06-01T12:00:00Z,0,2020
2019-06-02T12:00:00Z,0,2020
2019-06-03T12:00:00Z,0,2020
2019-06-04T12:00:00Z,0,2020
2019-06-05T12:00:00Z,0,2020
2019-06-06T12:00:00Z,0,2020
2019-06-07T12:00:00Z,0,2020
2019-06-08T12:00:00Z,0,2020
2019-06-09T12:00:00Z,0,2020
2019-06-10T12:00:00Z,0,2020
2019-06-11T12:00:00Z,0,2020
2019-06-12T12:00:00Z,0,2020
2019-06-13T12:00:00Z,0,2020
2019-06-14T12:00:00Z,0,2020
2019-06-15T12:00:00Z,0,2020
2019-06-16T12:00:00Z,0,2020
2019-06-17T12:00:00Z,0,2020
2019-06-18T12:00:00Z,0,2020
2019-06-19T12:00:00Z,0,2020
2019-06-20T12:00:00Z,0,2020
2019-06-21T12:00:00Z,0,2020
2019-06-22T12:00:00Z,0,2020
2019-06-23T12:00:00Z,0,2020
2019-06-24T12:00:00Z,0,2020
2019-06-25T12:00:00Z,0,2020
2019-06-26T12:00:00Z,0,2020
2019-06-27T12:00:00Z,0,2020
2019-06-28T12:00:00Z,0,2020
2019-06-29T12:00:00Z,0,2020
2019-06-30T12:00:00Z,0,2020
2019-07-01T12:00:00Z,38.29873747387973,2020
2019-07-02T12:00:00Z,37.797173143648855,2020
2019-07-03T12:00:00Z,37.37559710653084,2020
2019-07-04T12:00:00Z,37.13608741188164,2020
2019-07-05T12:00:00Z,37.307273725156094,2020
2019-07-06T12:00:00Z,38.66854130699739,2020
2019-07-07T12:00:00Z,38.70435084049474,2020
2019-07-08T12:00:00Z,39.98707608484407,2020
2019-07-09T12:00:00Z,40.363542358819494,2020
2019-07-10T12:00:00Z,40.485847363303215,2020
2019-07-11T12:00:00Z,40.902422011935506,2020
2019-07-12T12:00:00Z,41.9880642172957,2020
2019-07-13T12:00:00Z,41.81041370842653,2020
2019-07-14T12:00:00Z,41.24826499925235,2020
2019-07-15T12:00:00Z,40.496340094316345,2020
2019-07-16T12:00:00Z,39.71198118698404,2020
2019-07-17T12:00:00Z,39.1053825886434,2020
2019-07-18T12:00:00Z,38.87869116926737,2020
2019-07-19T12:00:00Z,38.697441352793895,2020
2019-07-20T12:00:00Z,39.13430527319219,2020
2019-07-21T12:00:00Z,39.364686063184095,2020
2019-07-22T12:00:00Z,39.801842044768534,2020
2019-07-23T12:00:00Z,40.42142359110575,2020
2019-07-24T12:00:00Z,40.5001819384048,2020
2019-07-25T12:00:00Z,40.2463288859257,2020
2019-07-26T12:00:00Z,40.82436846828632,2020
2019-07-27T12:00:00Z,42.528332612438696,2020
2019-07-28T12:00:00Z,42.583718375953715,2020
2019-07-29T12:00:00Z,43.39391176330164,2020
2019-07-30T12:00:00Z,44.995921173278774,2020
2019-07-31T12:00:00Z,45.472260658799634,2020
2019-08-01T12:00:00Z,46.06489201198457,2020
2019-08-02T12:00:00Z,47.02087825232805,2020
2019-08-03T12:00:00Z,47.507775920554415,2020
2019-08-04T12:00:00Z,48.92411578566855,2020
2019-08-05T12:00:00Z,50.615684719806524,2020
2019-08-06T12:00:00Z,51.407165820253915,2020
2019-08-07T12:00:00Z,51.94679356593891,2020
2019-08-08T12:00:00Z,52.54194891002268,2020
2019-08-09T12:00:00Z,53.74622746120332,2020
2019-08-10T12:00:00Z,54.43513756736568,2020
2019-08-11T12:00:00Z,54.56558493217738,2020
2019-08-12T12:00:00Z,56.04148291511741,2020
2019-08-13T12:00:00Z,56.574287165119465,2020
2019-08-14T12:00:00Z,58.74389723266894,2020
2019-08-15T12:00:00Z,58.828266191854404,2020
2019-08-16T12:00:00Z,59.301983481477535,2020
2019-08-17T12:00:00Z,60.00920399263653,2020
2019-08-18T12:00:00Z,60.78871769896509,2020
2019-08-19T12:00:00Z,61.559814302093194,2020
2019-08-20T12:00:00Z,61.999326507989416,2020
2019-08-21T12:00:00Z,61.983852095852804,2020
2019-08-22T12:00:00Z,62.19816014061592,2020
2019-08-23T12:00:00Z,62.48319558347852,2020
2019-08-24T12:00:00Z,62.25893724071958,2020
2019-08-25T12:00:00Z,62.441997141343215,2020
2019-08-26T12:00:00Z,63.09828781924279,2020
2019-08-27T12:00:00Z,63.425862846077024,2020
2019-08-28T12:00:00Z,63.57284027584742,2020
2019-08-29T12:00:00Z,63.83954644160279,2020
2019-08-30T12:00:00Z,64.89434253347085,2020
2019-08-31T12:00:00Z,65.52416051671257,2020
2019-09-01T12:00:00Z,65.61159554740664,2020
2019-09-02T12:00:00Z,65.79612897382071,2020
2019-09-03T12:00:00Z,66.31543580657647,2020
2019-09-04T12:00:00Z,66.04367982833487,2020
2019-09-05T12:00:00Z,65.79572409416433,2020
2019-09-06T12:00:00Z,65.61788756674325,2020
2019-09-07T12:00:00Z,65.4205985730039,2020
2019-09-08T12:00:00Z,65.13441235474218,2020
2019-09-09T12:00:00Z,65.07455485755266,2020
2019-09-10T12:00:00Z,64.91255292566365,2020
2019-09-11T12:00:00Z,64.45881343674502,2020
2019-09-12T12:00:00Z,64.03620370362573,2020
2019-09-13T12:00:00Z,64.36190244403512,2020
2019-09-14T12:00:00Z,64.53696388789258,2020
2019-09-15T12:00:00Z,65.46014919406866,2020
2019-09-16T12:00:00Z,65.49673036050139,2020
2019-09-17T12:00:00Z,64.95537721374183,2020
2019-09-18T12:00:00Z,64.36709464290003,2020
2019-09-19T12:00:00Z,63.674739050450405,2020
2019-09-20T12:00:00Z,63.24126187869726,2020
2019-09-21T12:00:00Z,62.684949933231124,2020
2019-09-22T12:00:00Z,62.04891941228453,2020
2019-09-23T12:00:00Z,61.321226265306024,2020
2019-09-24T12:00:00Z,60.50998003066623,2020
2019-09-25T12:00:00Z,59.78756896249534,2020
2019-09-26T12:00:00Z,59.03868310352822,2020
2019-09-27T12:00:00Z,58.266994972892626,2020
2019-09-28T12:00:00Z,57.573175312447276,2020
2019-09-29T12:00:00Z,56.85430029243785,2020
2019-09-30T12:00:00Z,56.07559362227286,2020
2019-10-01T12:00:00Z,55.945188772914364,2020
2019-10-02T12:00:00Z,55.629479992368225,2020
2019-10-03T12:00:00Z,55.304981838105036,2020
2019-10-04T12:00:00Z,54.79982592348718,2020
2019-10-05T12:00:00Z,54.22868107118933,2020
2019-10-06T12:00:00Z,53.675839900684416,2020
2019-10-07T12:00:00Z,54.44835760783634,2020
2019-10-08T12:00:00Z,57.45762650982377,2020
2019-10-09T12:00:00Z,57.744512815423974,2020
2019-10-10T12:00:00Z,59.48609063892788,2020
2019-10-11T12:00:00Z,59.69536306590611,2020
2019-10-12T12:00:00Z,59.61397245621066,2020
2019-10-13T12:00:00Z,59.39217921109992,2020
2019-10-14T12:00:00Z,59.20093349189049,2020
2019-10-15T12:00:00Z,58.85804142577246,2020
2019-10-16T12:00:00Z,58.54880296905097,2020
2019-10-17T12:00:00Z,58.46332164231216,2020
2019-10-18T12:00:00Z,59.08552777817239,2020
2019-10-19T12:00:00Z,57.98439713760129,2020
2019-10-20T12:00:00Z,57.33191740405581,2020
2019-10-21T12:00:00Z,56.815788694678055,2020
2019-10-22T12:00:00Z,56.15290864098909,2020
2019-10-23T12:00:00Z,56.73640638007042,2020
2019-10-24T12:00:00Z,56.08165891312094,2020
2019-10-25T12:00:00Z,55.315329880648626,2020
2019-10-26T12:00:00Z,55.061146084534315,2020
2019-10-27T12:00:00Z,54.93759543608246,2020
2019-10-28T12:00:00Z,54.45503471708612,2020
2019-10-29T12:00:00Z,53.97004825109197,2020
2019-10-30T12:00:00Z,53.57719923453053,2020
2019-10-31T12:00:00Z,53.12556157744281,2020
2019-11-01T12:00:00Z,52.74696317602935,2020
2019-11-02T12:00:00Z,52.55669851366031,2020
2019-11-03T12:00:00Z,52.170471996909214,2020
2019-11-04T12:00:00Z,51.74075997483609,2020
2019-11-05T12:00:00Z,51.42776996587377,2020
2019-11-06T12:00:00Z,51.23518547099296,2020
2019-11-07T12:00:00Z,50.92166876149306,2020
2019-11-08T12:00:00Z,50.536293725446804,2020
2019-11-09T12:00:00Z,50.63850322281735,2020
2019-11-10T12:00:00Z,50.18263331586613,2020
2019-11-11T12:00:00Z,49.74894575223139,2020
2019-11-12T12:00:00Z,49.43693052542446,2020
2019-11-13T12:00:00Z,49.142065074533924,2020
2019-11-14T12:00:00Z,49.28299413130679,2020
2019-11-15T12:00:00Z,49.50592716997372,2020
2019-11-16T12:00:00Z,49.982596337330435,2020
2019-11-17T12:00:00Z,49.5039554657733,2020
2019-11-18T12:00:00Z,49.160200122451094,2020
2019-11-19T12:00:00Z,48.76902465499942,2020
2019-11-20T12:00:00Z,48.37582861311649,2020
2019-11-21T12:00:00Z,47.985574634188154,2020
2019-11-22T12:00:00Z,47.67727854270454,2020
2019-11-23T12:00:00Z,47.38897802104618,2020
2019-11-24T12:00:00Z,47.380868114249466,2020
2019-11-25T12:00:00Z,47.21990306375981,2020
2019-11-26T12:00:00Z,46.89253026851295,2020
2019-11-27T12:00:00Z,46.58209887792339,2020
2019-11-28T12:00:00Z,46.30023346221869,2020
2019-11-29T12:00:00Z,46.017861696368,2020
2019-11-30T12:00:00Z,45.75847105816874,2020
2019-12-01T12:00:00Z,45.50169504597005,2020
2019-12-02T12:00:00Z,45.2131802559471,2020
2019-12-03T12:00:00Z,44.73197332884497,2020
2019-12-04T12:00:00Z,44.32762306410178,2020
2019-12-05T12:00:00Z,44.0076294906424,2020
2019-12-06T12:00:00Z,43.67885570148543,2020
2019-12-07T12:00:00Z,43.339366372788675,2020
2019-12-08T12:00:00Z,43.011461373496786,2020
2019-12-09T12:00:00Z,42.76830505938607,2020
2019-12-10T12:00:00Z,42.50748083186707,2020
2019-12-11T12:00:00Z,42.30148813148137,2020
2019-12-12T12:00:00Z,43.15605165176071,2020
2019-12-13T12:00:00Z,43.02241992549976,2020
2019-12-14T12:00:00Z,42.78468252272397,2020
2019-12-15T12:00:00Z,42.55136900628907,2020
2019-12-16T12:00:00Z,42.24218523223456,2020
2019-12-17T12:00:00Z,42.033629087323405,2020
2019-12-18T12:00:00Z,42.1012538756592,2020
2019-12-19T12:00:00Z,42.03198155916302,2020
2019-12-20T12:00:00Z,42.29412690307397,2020
2019-12-21T12:00:00Z,42.117005987230286,2020
2019-12-22T12:00:00Z,42.051291529261285,2020
2019-12-23T12:00:00Z,44.468534873500154,2020
2019-12-24T12:00:00Z,44.380863363612676,2020
2019-12-25T12:00:00Z,44.152093737441476,2020
2019-12-26T12:00:00Z,44.15308390424576,2020
2019-12-27T12:00:00Z,44.39539780184832,2020
2019-12-28T12:00:00Z,45.06185517657211,2020
2019-12-29T12:00:00Z,45.25537778262829,2020
2019-12-30T12:00:00Z,45.61745768674634,2020
2019-12-31T12:00:00Z,45.64367203921276,2020
2020-01-01T12:00:00Z,45.48215764714489,2020
2020-01-02T12:00:00Z,45.24430308716699,2020
2020-01-03T12:00:00Z,44.99370116592526,2020
2020-01-04T12:00:00Z,44.806752644832365,2020
2020-01-05T12:00:00Z,44.578299501232564,2020
2020-01-06T12:00:00Z,44.17365012486394,2020
2020-01-07T12:00:00Z,43.86748932104448,2020
2020-01-08T12:00:00Z,43.595291302457284,2020
2020-01-09T12:00:00Z,43.335553952441934,2020
2020-01-10T12:00:00Z,43.098827096610705,2020
2020-01-11T12:00:00Z,42.93623270585141,2020
2020-01-12T12:00:00Z,42.686740580045615,2020
2020-01-13T12:00:00Z,42.53742520767697,2020
2020-01-14T12:00:00Z,42.390511540788765,2020
2020-01-15T12:00:00Z,42.04429167648526,2020
2020-01-16T12:00:00Z,41.712104408341965,2020
2020-01-17T12:00:00Z,41.494057362996394,2020
2020-01-18T12:00:00Z,41.16982722611362,2020
2020-01-19T12:00:00Z,40.77948662129146,2020
2020-01-20T12:00:00Z,40.49348406685851,2020
2020-01-21T12:00:00Z,40.032098517277745,2020
2020-01-22T12:00:00Z,39.38181159620737,2020
2020-01-23T12:00:00Z,38.99502931902633,2020
2020-01-24T12:00:00Z,38.71940534073361,2020
2020-01-25T12:00:00Z,38.551832481709226,2020
2020-01-26T12:00:00Z,38.06139860742451,2020
2020-01-27T12:00:00Z,37.66841472174925,2020
2020-01-28T12:00:00Z,37.44864745388935,2020
2020-01-29T12:00:00Z,37.02248705456052,2020
2020-01-30T12:00:00Z,37.645416332993165,2020
2020-01-31T12:00:00Z,37.312416110985566,2020
2020-02-01T12:00:00Z,40.617537948709085,2020
2020-02-02T12:00:00Z,40.45001453200571,2020
2020-02-03T12:00:00Z,40.08142281608376,2020
2020-02-04T12:00:00Z,39.69388319449147,2020
2020-02-05T12:00:00Z,39.405600682231714,2020
2020-02-06T12:00:00Z,39.1024931236592,2020
2020-02-07T12:00:00Z,40.368635412169276,2020
2020-02-08T12:00:00Z,40.14243610475903,2020
2020-02-09T12:00:00Z,39.893153544736606,2020
2020-02-10T12:00:00Z,39.51439497638192,2020
2020-02-11T12:00:00Z,39.18950975506193,2020
2020-02-12T12:00:00Z,38.85528917089507,2020
2020-02-13T12:00:00Z,38.43048958415104,2020
2020-02-14T12:00:00Z,38.11304889443254,2020
2020-02-15T12:00:00Z,37.822276659475236,2020
2020-02-16T12:00:00Z,37.437929387999354,2020
2020-02-17T12:00:00Z,37.123646755024,2020
2020-02-18T12:00:00Z,36.741156355520886,2020
2020-02-19T12:00:00Z,36.38166931738164,2020
2020-02-20T12:00:00Z,36.005519741083525,2020
2020-02-21T12:00:00Z,35.81868561285302,2020
2020-02-22T12:00:00Z,35.4155578453096,2020
2020-02-23T12:00:00Z,34.790986679525666,2020
2020-02-24T12:00:00Z,34.2618028152182,2020
2020-02-25T12:00:00Z,33.7769315887799,2020
2020-02-26T12:00:00Z,33.46880560487634,2020
2020-02-27T12:00:00Z,33.69916326183006,2020
2020-02-28T12:00:00Z,32.94858005709039,2020
2020-02-29T12:00:00Z,32.32156418295198,2020
2020-03-01T12:00:00Z,31.8501641193978,2020
2020-03-02T12:00:00Z,31.37184512178985,2020
2020-03-03T12:00:00Z,30.970835234350837,2020
2020-03-04T12:00:00Z,30.565511720653916,2020
2020-03-05T12:00:00Z,30.191308717779147,2020
2020-03-06T12:00:00Z,29.735642330762364,2020
2020-03-07T12:00:00Z,29.16069410400757,2020
2020-03-08T12:00:00Z,28.572008543695315,2020
2020-03-09T12:00:00Z,28.017149865162466,2020
2020-03-10T12:00:00Z,27.557200303103443,2020
2020-03-11T12:00:00Z,27.256270293640245,2020
2020-03-12T12:00:00Z,27.155314975823195,2020
2020-03-13T12:00:00Z,26.49303360534558,2020
2020-03-14T12:00:00Z,25.989881148221038,2020
2020-03-15T12:00:00Z,25.45847337948182,2020
2020-03-16T12:00:00Z,24.927522152429866,2020
2020-03-17T12:00:00Z,24.187348352625616,2020
2020-03-18T12:00:00Z,23.523438088108698,2020
2020-03-19T12:00:00Z,22.848013957389185,2020
2020-03-20T12:00:00Z,22.152030880750118,2020
2020-03-21T12:00:00Z,21.546385634067033,2020
2020-03-22T12:00:00Z,20.910957810116443,2020
2020-03-23T12:00:00Z,20.186548087721324,2020
2020-03-24T12:00:00Z,19.214902405261135,2020
2020-03-25T12:00:00Z,18.81611176772824,2020
2020-03-26T12:00:00Z,18.236337404302585,2020
2020-03-27T12:00:00Z,17.73522362711906,2020
2020-03-28T12:00:00Z,17.050649314564577,2020
2020-03-29T12:00:00Z,16.44966831218717,2020
2020-03-30T12:00:00Z,15.849289938154948,2020
2020-03-31T12:00:00Z,14.946570649859286,2020
2020-04-01T12:00:00Z,14.922868057003834,2020
2020-04-02T12:00:00Z,14.22939195959026,2020
2020-04-03T12:00:00Z,13.538507748737118,2020
2020-04-04T12:00:00Z,13.048131710480414,2020
2020-04-05T12:00:00Z,12.515681966450948,2020
2020-04-06T12:00:00Z,12.397011354717582,2020
2020-04-07T12:00:00Z,11.584630125213971,2020
2020-04-08T12:00:00Z,11.032378610337503,2020
2020-04-09T12:00:00Z,10.332638917315414,2020
2020-04-10T12:00:00Z,10.052880271723975,2020
2020-04-11T12:00:00Z,10.196492383347062,2020
2020-04-12T12:00:00Z,12.94049961522588,2020
2020-04-13T12:00:00Z,12.321363740862667,2020
2020-04-14T12:00:00Z,11.38121449425325,2020
2020-04-15T12:00:00Z,10.782769970358956,2020
2020-04-16T12:00:00Z,10.603284253427635,2020
2020-04-17T12:00:00Z,9.8461517054804375,2020
2020-04-18T12:00:00Z,11.812560609521162,2020
2020-04-19T12:00:00Z,11.881449840708127,2020
2020-04-20T12:00:00Z,10.92962183549008,2020
2020-04-21T12:00:00Z,10.045160411429677,2020
2020-04-22T12:00:00Z,9.448326110839844,2020
2020-04-23T12:00:00Z,8.691124166066444,2020
2020-04-24T12:00:00Z,7.989334410797284,2020
2020-04-25T12:00:00Z,7.857306152600047,2020
2020-04-26T12:00:00Z,7.851067349091217,2020
2020-04-27T12:00:00Z,10.303934686542917,2020
2020-04-28T12:00:00Z,9.316073526932797,2020
2020-04-29T12:00:00Z,8.274733799120304,2020
2020-04-30T12:00:00Z,7.947126037286439,2020
2020-05-01T12:00:00Z,8.364485799586909,2020
2020-05-02T12:00:00Z,7.47640852993952,2020
2020-05-03T12:00:00Z,6.827341787959547,2020
2020-05-04T12:00:00Z,6.151635504655661,2020
2020-05-05T12:00:00Z,5.5517404804561545,2020
2020-05-06T12:00:00Z,4.886796009633523,2020
2020-05-07T12:00:00Z,4.308207090271399,2020
2020-05-08T12:00:00Z,3.743015939201076,2020
2020-05-09T12:00:00Z,3.41558821185592,2020
2020-05-10T12:00:00Z,3.9399960797635396,2020
2020-05-11T12:00:00Z,3.855775596284552,2020
2020-05-12T12:00:00Z,3.156662531934531,2020
2020-05-13T12:00:00Z,2.7521539973011255,2020
2020-05-14T12:00:00Z,2.7347057482119297,2020
2020-05-15T12:00:00Z,6.23139370310142,2020
2020-05-16T12:00:00Z,7.367809979874142,2020
2020-05-17T12:00:00Z,7.344606290839001,2020
2020-05-18T12:00:00Z,7.394694792273235,2020
2020-05-19T12:00:00Z,16.96481703567734,2020
2020-05-20T12:00:00Z,17.40104655613067,2020
2020-05-21T12:00:00Z,17.39287351117423,2020
2020-05-22T12:00:00Z,17.063330993011604,2020
2020-05-23T12:00:00Z,16.444972692168108,2020
2020-05-24T12:00:00Z,20.472986224746016,2020
2020-05-25T12:00:00Z,26.706900012514588,2020
2020-05-26T12:00:00Z,34.48352683055308,2020
2020-05-27T12:00:00Z,35.21273887236102,2020
2020-05-28T12:00:00Z,35.78162561381156,2020
2020-05-29T12:00:00Z,35.42437452145801,2020
2020-05-30T12:00:00Z,34.94873422623825,2020
2020-06-01T12:00:00Z,33.93793005620067,2021
2020-06-02T12:00:00Z,33.51985452900265,2021
2020-06-03T12:00:00Z,34.41807257063602,2021
2020-06-04T12:00:00Z,36.17036417393035,2021
2020-06-05T12:00:00Z,38.625611905359406,2021
2020-06-06T12:00:00Z,41.459228437820734,2021
2020-06-07T12:00:00Z,41.85708154313351,2021
2020-06-08T12:00:00Z,42.706777745403066,2021
2020-06-09T12:00:00Z,42.843404645181806,2021
2020-06-10T12:00:00Z,42.79333579161243,2021
2020-06-11T12:00:00Z,43.96833686851497,2021
2020-06-12T12:00:00Z,44.23083811201017,2021
2020-06-13T12:00:00Z,44.246897596188774,2021
2020-06-14T12:00:00Z,44.25266520334849,2021
2020-06-15T12:00:00Z,45.79650262421881,2021
2020-06-16T12:00:00Z,46.717860230444145,2021
2020-06-17T12:00:00Z,47.24104926710581,2021
2020-06-18T12:00:00Z,48.844146488237755,2021
2020-06-19T12:00:00Z,51.616211154894266,2021
2020-06-20T12:00:00Z,52.442434453935626,2021
2020-06-21T12:00:00Z,52.58744574479879,2021
2020-06-22T12:00:00Z,52.91536505321006,2021
2020-06-23T12:00:00Z,53.536735852750105,2021
2020-06-24T12:00:00Z,54.04203647643274,2021
2020-06-25T12:00:00Z,54.20439381819681,2021
2020-06-26T12:00:00Z,54.34239794268319,2021
2020-06-27T12:00:00Z,54.40255400457994,2021
2020-06-28T12:00:00Z,54.146914337377886,2021
2020-06-29T12:00:00Z,53.979142912719944,2021
2020-06-30T12:00:00Z,53.86299195544192,2021
2020-07-01T12:00:00Z,54.04891843515452,2021
2020-07-02T12:00:00Z,54.26552806961801,2021
2020-07-03T12:00:00Z,54.237849395147826,2021
2020-07-04T12:00:00Z,54.3279327296467,2021
2020-07-05T12:00:00Z,54.62006485040272,2021
2020-07-06T12:00:00Z,56.04593530299067,2021
2020-07-07T12:00:00Z,56.55956946580655,2021
2020-07-08T12:00:00Z,56.58432235214334,2021
2020-07-09T12:00:00Z,56.408768375261715,2021
2020-07-10T12:00:00Z,56.080941637905326,2021
2020-07-11T12:00:00Z,56.57534405365631,2021
2020-07-12T12:00:00Z,57.89997083438537,2021
2020-07-13T12:00:00Z,58.2164237257529,2021
2020-07-14T12:00:00Z,58.633459593481696,2021
2020-07-15T12:00:00Z,58.6882976973636,2021
2020-07-16T12:00:00Z,59.75257987037846,2021
2020-07-17T12:00:00Z,59.6470632936401,2021
2020-07-18T12:00:00Z,61.16414225165831,2021
2020-07-19T12:00:00Z,60.98793233449258,2021
2020-07-20T12:00:00Z,61.01233423893224,2021
2020-07-21T12:00:00Z,61.722749340512756,2021
2020-07-22T12:00:00Z,65.65489494035397,2021
2020-07-23T12:00:00Z,66.21166505682018,2021
2020-07-24T12:00:00Z,66.58482703865111,2021
2020-07-25T12:00:00Z,66.37902007306059,2021
2020-07-26T12:00:00Z,66.23836158747865,2021
2020-07-27T12:00:00Z,68.33950048216676,2021
2020-07-28T12:00:00Z,68.17330843371121,2021
2020-07-29T12:00:00Z,68.77188931186541,2021
2020-07-30T12:00:00Z,68.4830763141195,2021
2020-07-31T12:00:00Z,68.20327201573235,2021
2020-08-01T12:00:00Z,68.48006844935334,2021
2020-08-02T12:00:00Z,68.88803877942063,2021
2020-08-03T12:00:00Z,69.66977460297124,2021
2020-08-04T12:00:00Z,70.36399497825654,2021
2020-08-05T12:00:00Z,70.6642391820403,2021
2020-08-06T12:00:00Z,71.52644766456865,2021
2020-08-07T12:00:00Z,71.59087175027153,2021
2020-08-08T12:00:00Z,71.73202944402574,2021
2020-08-09T12:00:00Z,72.63622626731978,2021
2020-08-10T12:00:00Z,72.89309510000466,2021
2020-08-11T12:00:00Z,73.23803354868578,2021
2020-08-12T12:00:00Z,73.52157920237852,2021
2020-08-13T12:00:00Z,73.25440911726102,2021
2020-08-14T12:00:00Z,72.85658762107442,2021
2020-08-15T12:00:00Z,72.34999861828781,2021
2020-08-16T12:00:00Z,71.9699687877671,2021
2020-08-17T12:00:00Z,71.83258969467703,2021
2020-08-18T12:00:00Z,71.61529641016988,2021
2020-08-19T12:00:00Z,71.81218812161029,2021
2020-08-20T12:00:00Z,71.83224231923634,2021
2020-08-21T12:00:00Z,72.23018177583965,2021
2020-08-22T12:00:00Z,71.76480612843496,2021
2020-08-23T12:00:00Z,71.3974062388145,2021
2020-08-24T12:00:00Z,71.28822257551664,2021
2020-08-25T12:00:00Z,71.16280039127672,2021
2020-08-26T12:00:00Z,70.69989158753943,2021
2020-08-27T12:00:00Z,70.38044179036507,2021
2020-08-28T12:00:00Z,70.08230294477603,2021
2020-08-29T12:00:00Z,69.85465616456176,2021
2020-08-30T12:00:00Z,70.67418560126475,2021
2020-08-31T12:00:00Z,70.36869695305323,2021
2020-09-01T12:00:00Z,70.31478469702178,2021
2020-09-02T12:00:00Z,69.7845704159339,2021
2020-09-03T12:00:00Z,69.07022921968951,2021
2020-09-04T12:00:00Z,68.06469487657644,2021
2020-09-05T12:00:00Z,67.36417734916151,2021
2020-09-06T12:00:00Z,67.89698106597552,2021
2020-09-07T12:00:00Z,69.35970970478756,2021
2020-09-08T12:00:00Z,69.34525171152903,2021
2020-09-09T12:00:00Z,70.70555116576783,2021
2020-09-10T12:00:00Z,71.42886267412045,2021
2020-09-11T12:00:00Z,71.32803212688151,2021
2020-09-12T12:00:00Z,72.31163988531029,2021
2020-09-13T12:00:00Z,72.01806685934541,2021
2020-09-14T12:00:00Z,71.68527418707542,2021
2020-09-15T12:00:00Z,71.31313232211346,2021
2020-09-16T12:00:00Z,70.72640940180494,2021
2020-09-17T12:00:00Z,70.35313328569637,2021
2020-09-18T12:00:00Z,69.7629200226544,2021
2020-09-19T12:00:00Z,69.08192892595187,2021
2020-09-20T12:00:00Z,68.72012954510538,2021
2020-09-21T12:00:00Z,69.8156604046012,2021
2020-09-22T12:00:00Z,70.16711247517952,2021
2020-09-23T12:00:00Z,69.70077970032214,2021
2020-09-24T12:00:00Z,70.14217569160118,2021
2020-09-25T12:00:00Z,71.43263420832679,2021
2020-09-26T12:00:00Z,71.93542820519149,2021
2020-09-27T12:00:00Z,73.42950903990345,2021
2020-09-28T12:00:00Z,74.87083073955277,2021
2020-09-29T12:00:00Z,74.95047505544058,2021
2020-09-30T12:00:00Z,74.71224833936411,2021
2020-10-01T12:00:00Z,74.74300243787302,2021
2020-10-02T12:00:00Z,76.63249511810284,2021
2020-10-03T12:00:00Z,77.24880463131616,2021
2020-10-04T12:00:00Z,77.61362806021559,2021
2020-10-05T12:00:00Z,77.85521366185748,2021
2020-10-06T12:00:00Z,78.16352006240598,2021
2020-10-07T12:00:00Z,78.43717447840388,2021
2020-10-08T12:00:00Z,78.25827681296016,2021
2020-10-09T12:00:00Z,78.04686790608187,2021
2020-10-10T12:00:00Z,78.00611376061579,2021
2020-10-11T12:00:00Z,77.92717946355187,2021
2020-10-12T12:00:00Z,77.85449893358731,2021
2020-10-13T12:00:00Z,77.74921587261527,2021
2020-10-14T12:00:00Z,77.12687598207287,2021
2020-10-15T12:00:00Z,76.81897556645897,2021
2020-10-16T12:00:00Z,77.3296259037377,2021
2020-10-17T12:00:00Z,80.23021542160684,2021
2020-10-18T12:00:00Z,79.7819500919152,2021
2020-10-19T12:00:00Z,80.50175141973558,2021
2020-10-20T12:00:00Z,81.49426387610661,2021
2020-10-21T12:00:00Z,86.28806618437055,2021
2020-10-22T12:00:00Z,87.53214268035065,2021
2020-10-23T12:00:00Z,87.66415379872633,2021
2020-10-24T12:00:00Z,87.8291080705978,2021
2020-10-25T12:00:00Z,89.15978074831811,2021
2020-10-26T12:00:00Z,89.76991703786318,2021
2020-10-27T12:00:00Z,90.21192783156626,2021
2020-10-28T12:00:00Z,90.46182229465973,2021
2020-10-29T12:00:00Z,90.64519632541997,2021
2020-10-30T12:00:00Z,91.57379889759963,2021
2020-10-31T12:00:00Z,92.80466544706806,2021
2020-11-01T12:00:00Z,94.33264141162856,2021
2020-11-02T12:00:00Z,94.98646668066289,2021
2020-11-03T12:00:00Z,94.87403338042719,2021
2020-11-04T12:00:00Z,94.59672816184444,2021
2020-11-05T12:00:00Z,95.04029379365826,2021
2020-11-06T12:00:00Z,96.55838276772135,2021
2020-11-07T12:00:00Z,97.42329901710698,2021
2020-11-08T12:00:00Z,104.56335197499074,2021
2020-11-09T12:00:00Z,119.8507999083777,2021
2020-11-10T12:00:00Z,121.71262097373005,2021
2020-11-11T12:00:00Z,123.89381894968052,2021
2020-11-12T12:00:00Z,126.40914508519805,2021
2020-11-13T12:00:00Z,127.42453517124333,2021
2020-11-14T12:00:00Z,128.37398661091146,2021
2020-11-15T12:00:00Z,129.09980758593764,2021
2020-11-16T12:00:00Z,129.52042243605112,2021
2020-11-17T12:00:00Z,129.82912788551297,2021
2020-11-18T12:00:00Z,129.56697531267062,2021
2020-11-19T12:00:00Z,129.15403624673624,2021
2020-11-20T12:00:00Z,128.84880942131275,2021
2020-11-21T12:00:00Z,128.63398028478412,2021
2020-11-22T12:00:00Z,128.43382812161323,2021
2020-11-23T12:00:00Z,128.25934007915825,2021
2020-11-24T12:00:00Z,127.77009524166334,2021
2020-11-25T12:00:00Z,127.28504842473278,2021
2020-11-26T12:00:00Z,126.75991410070647,2021
2020-11-27T12:00:00Z,126.21430155726057,2021
2020-11-28T12:00:00Z,125.5038046399204,2021
2020-11-29T12:00:00Z,124.84872880694247,2021
2020-11-30T12:00:00Z,124.16699093118999,2021
2020-12-01T12:00:00Z,123.62686518558715,2021
2020-12-02T12:00:00Z,122.52109078382688,2021
2020-12-03T12:00:00Z,121.66703966640753,2021
2020-12-04T12:00:00Z,120.99830832020852,2021
2020-12-05T12:00:00Z,120.30587062824252,2021
2020-12-06T12:00:00Z,119.5085817507519,2021
2020-12-07T12:00:00Z,122.22103239035421,2021
2020-12-08T12:00:00Z,121.5034079800556,2021
2020-12-09T12:00:00Z,120.40778100483419,2021
2020-12-10T12:00:00Z,119.50784516406046,2021
2020-12-11T12:00:00Z,118.64312632926296,2021
2020-12-12T12:00:00Z,118.42123370522428,2021
2020-12-13T12:00:00Z,117.68958587738018,2021
2020-12-14T12:00:00Z,116.70151977218693,2021
2020-12-15T12:00:00Z,115.84866675575407,2021
2020-12-16T12:00:00Z,114.99028546036398,2021
2020-12-17T12:00:00Z,113.92599951155398,2021
2020-12-18T12:00:00Z,112.54753213252003,2021
2020-12-19T12:00:00Z,111.38807973650022,2021
2020-12-20T12:00:00Z,110.45750474157488,2021
2020-12-21T12:00:00Z,109.57532522044785,2021
2020-12-22T12:00:00Z,108.51115522516224,2021
2020-12-23T12:00:00Z,107.44118803421323,2021
2020-12-24T12:00:00Z,106.51766081949016,2021
2020-12-25T12:00:00Z,105.35624829150991,2021
2020-12-26T12:00:00Z,104.08735972760893,2021
2020-12-27T12:00:00Z,102.93226529483532,2021
2020-12-28T12:00:00Z,101.98840887874061,2021
2020-12-29T12:00:00Z,101.10358680445917,2021
2020-12-30T12:00:00Z,100.13708328814583,2021
2020-12-31T12:00:00Z,99.27980761651014,2021
2021-01-01T12:00:00Z,98.30567349283439,2021
2021-01-02T12:00:00Z,97.34474917379195,2021
2021-01-03T12:00:00Z,96.38414658453198,2021
2021-01-04T12:00:00Z,95.37400998880425,2021
2021-01-05T12:00:00Z,94.23165131759414,2021
2021-01-06T12:00:00Z,93.20696326966906,2021
2021-01-07T12:00:00Z,92.05166320022738,2021
2021-01-08T12:00:00Z,90.849649084923,2021
2021-01-09T12:00:00Z,89.61322377553297,2021
2021-01-10T12:00:00Z,88.44918369917936,2021
2021-01-11T12:00:00Z,87.47921546519554,2021
2021-01-12T12:00:00Z,86.60975179689405,2021
2021-01-13T12:00:00Z,85.82315054780791,2021
2021-01-14T12:00:00Z,85.52681910212196,2021
2021-01-15T12:00:00Z,84.57099798759731,2021
2021-01-16T12:00:00Z,83.55434549763021,2021
2021-01-17T12:00:00Z,82.52382447552237,2021
2021-01-18T12:00:00Z,81.64367678527283,2021
2021-01-19T12:00:00Z,80.77561608802507,2021
2021-01-20T12:00:00Z,80.24172629692201,2021
2021-01-21T12:00:00Z,79.68126446198187,2021
2021-01-22T12:00:00Z,79.15609344866867,2021
2021-01-23T12:00:00Z,78.59816892975165,2021
2021-01-24T12:00:00Z,78.17063775202723,2021
2021-01-25T12:00:00Z,77.63499233518165,2021
2021-01-26T12:00:00Z,76.94750905165647,2021
2021-01-27T12:00:00Z,76.29900408162996,2021
2021-01-28T12:00:00Z,75.4561719499667,2021
2021-01-29T12:00:00Z,74.33330683945609,2021
2021-01-30T12:00:00Z,73.64379508894363,2021
2021-01-31T12:00:00Z,73.05528387425542,2021
2021-02-01T12:00:00Z,72.43705633720668,2021
2021-02-02T12:00:00Z,71.52223715870839,2021
2021-02-03T12:00:00Z,70.59049358722616,2021
2021-02-04T12:00:00Z,69.81806686300679,2021
2021-02-05T12:00:00Z,69.21628327532736,2021
2021-02-06T12:00:00Z,68.77727081307981,2021
2021-02-07T12:00:00Z,68.33592262794389,2021
2021-02-08T12:00:00Z,67.98111578856104,2021
2021-02-09T12:00:00Z,67.52497603811757,2021
2021-02-10T12:00:00Z,66.95958736948289,2021
2021-02-11T12:00:00Z,66.21460343093734,2021
2021-02-12T12:00:00Z,65.46013081395562,2021
2021-02-13T12:00:00Z,64.86173009614996,2021
2021-02-14T12:00:00Z,64.16704634155566,2021
2021-02-15T12:00:00Z,63.41134119062418,2021
2021-02-16T12:00:00Z,63.1969895388598,2021
2021-02-17T12:00:00Z,62.96201753530519,2021
2021-02-18T12:00:00Z,62.319596114956695,2021
2021-02-19T12:00:00Z,61.727602381440214,2021
2021-02-20T12:00:00Z,61.03310456988192,2021
2021-02-21T12:00:00Z,60.16540650457555,2021
2021-02-22T12:00:00Z,59.47547009610529,2021
2021-02-23T12:00:00Z,58.84205474350076,2021
2021-02-24T12:00:00Z,58.26743864255103,2021
2021-02-25T12:00:00Z,57.767657396102564,2021
2021-02-26T12:00:00Z,57.12925390690905,2021
2021-02-27T12:00:00Z,56.46734968802138,2021
2021-02-28T12:00:00Z,55.73104908284701,2021
2021-03-01T12:00:00Z,55.05156435677586,2021
2021-03-02T12:00:00Z,54.43173572927016,2021
2021-03-03T12:00:00Z,53.70537210154405,2021
2021-03-04T12:00:00Z,52.86855390533832,2021
2021-03-05T12:00:00Z,52.14705406239309,2021
2021-03-06T12:00:00Z,51.77858217876688,2021
2021-03-07T12:00:00Z,53.87160323062341,2021
2021-03-08T12:00:00Z,53.02787485792026,2021
2021-03-09T12:00:00Z,52.57745538447242,2021
2021-03-10T12:00:00Z,51.99374959907921,2021
2021-03-11T12:00:00Z,51.71070084689117,2021
2021-03-12T12:00:00Z,51.18589326186887,2021
2021-03-13T12:00:00Z,50.53691069952514,2021
2021-03-14T12:00:00Z,49.94443612421925,2021
2021-03-15T12:00:00Z,49.36789028302738,2021
2021-03-16T12:00:00Z,48.70275695608559,2021
2021-03-17T12:00:00Z,47.983543222080684,2021
2021-03-18T12:00:00Z,47.16750291756834,2021
2021-03-19T12:00:00Z,46.5668709565582,2021
2021-03-20T12:00:00Z,45.73232553730343,2021
2021-03-21T12:00:00Z,45.030533441041285,2021
2021-03-22T12:00:00Z,44.24614468204381,2021
2021-03-23T12:00:00Z,43.83295198107595,2021
2021-03-24T12:00:00Z,43.385552903457395,2021
2021-03-25T12:00:00Z,42.87319479234646,2021
2021-03-26T12:00:00Z,42.26365574205715,2021
2021-03-27T12:00:00Z,41.59435306084535,2021
2021-03-28T12:00:00Z,40.897188537908875,2021
2021-03-29T12:00:00Z,40.26922302383395,2021
2021-03-30T12:00:00Z,39.552707321999954,2021
2021-03-31T12:00:00Z,38.839197578727664,2021
2021-04-01T12:00:00Z,38.204530298316556,2021
2021-04-02T12:00:00Z,37.422854114022165,2021
2021-04-03T12:00:00Z,36.49268895076575,2021
2021-04-04T12:00:00Z,35.76532862983068,2021
2021-04-05T12:00:00Z,35.02548667665149,2021
2021-04-06T12:00:00Z,34.35676530083998,2021
2021-04-07T12:00:00Z,33.676169525311245,2021
2021-04-08T12:00:00Z,32.94695720890002,2021
2021-04-09T12:00:00Z,32.31860033480365,2021
2021-04-10T12:00:00Z,31.393246024257063,2021
2021-04-11T12:00:00Z,30.99936321787156,2021
2021-04-12T12:00:00Z,34.18257915494538,2021
2021-04-13T12:00:00Z,34.16203981112347,2021
2021-04-14T12:00:00Z,33.44257304850065,2021
2021-04-15T12:00:00Z,32.61677556532761,2021
2021-04-16T12:00:00Z,32.030240219656264,2021
2021-04-17T12:00:00Z,31.259053464270526,2021
2021-04-18T12:00:00Z,30.584502574277625,2021
2021-04-19T12:00:00Z,29.918836544428174,2021
2021-04-20T12:00:00Z,31.695999063126827,2021
2021-04-21T12:00:00Z,31.431325856410748,2021
2021-04-22T12:00:00Z,30.96437292436532,2021
2021-04-23T12:00:00Z,30.736270673416588,2021
2021-04-24T12:00:00Z,29.736020075037725,2021
2021-04-25T12:00:00Z,28.832208879421625,2021
2021-04-26T12:00:00Z,28.16766124237921,2021
2021-04-27T12:00:00Z,27.238836378842397,2021
2021-04-28T12:00:00Z,26.38966338049529,2021
2021-04-29T12:00:00Z,25.546523434570897,2021
2021-04-30T12:00:00Z,24.786463041254056,2021
2021-05-01T12:00:00Z,24.05135216853114,2021
2021-05-02T12:00:00Z,23.187542403323533,2021
2021-05-03T12:00:00Z,22.427753169306325,2021
2021-05-04T12:00:00Z,21.596910198648747,2021
2021-05-05T12:00:00Z,20.8226653352496,2021
2021-05-06T12:00:00Z,20.05670592566057,2021
2021-05-07T12:00:00Z,19.41844328277899,2021
2021-05-08T12:00:00Z,18.66673539681712,2021
2021-05-09T12:00:00Z,18.133796671299287,2021
2021-05-10T12:00:00Z,17.984492024477184,2021
2021-05-11T12:00:00Z,17.425818403824117,2021
2021-05-12T12:00:00Z,16.77540451992609,2021
2021-05-13T12:00:00Z,16.521361457994047,2021
2021-05-14T12:00:00Z,16.580576600896862,2021
2021-05-15T12:00:00Z,15.936080658013905,2021
2021-05-16T12:00:00Z,15.111983403947873,2021
2021-05-17T12:00:00Z,14.400264177053506,2021
2021-05-18T12:00:00Z,13.804177586876424,2021
2021-05-19T12:00:00Z,13.238317936998538,2021
2021-05-20T12:00:00Z,12.625505688809747,2021
2021-05-21T12:00:00Z,11.823386182596245,2021
2021-05-22T12:00:00Z,11.071343610153702,2021
2021-05-23T12:00:00Z,10.444618755997336,2021
2021-05-24T12:00:00Z,9.82131120925473,2021
2021-05-25T12:00:00Z,9.20495472286158,2021
2021-05-26T12:00:00Z,8.583823196603355,2021
2021-05-27T12:00:00Z,8.039100333467243,2021
2021-05-28T12:00:00Z,7.4246185728369465,2021
2021-05-29T12:00:00Z,6.988273217853988,2021
2021-05-30T12:00:00Z,6.9594383399931345,2021
2021-06-01T12:00:00Z,7.725718948464945,2022
2021-06-02T12:00:00Z,8.264120212914204,2022
2021-06-03T12:00:00Z,8.744297000127562,2022
2021-06-04T12:00:00Z,8.715565718643381,2022
2021-06-05T12:00:00Z,8.233791461159672,2022
2021-06-06T12:00:00Z,7.688268680950089,2022
2021-06-07T12:00:00Z,7.14606868283936,2022
2021-06-08T12:00:00Z,6.635479614129665,2022
2021-06-09T12:00:00Z,6.0678654003086105,2022
2021-06-10T12:00:00Z,5.561010595274744,2022
2021-06-11T12:00:00Z,5.1852012410018,2022
2021-06-12T12:00:00Z,5.568809605388493,2022
2021-06-13T12:00:00Z,5.597923125488427,2022
2021-06-14T12:00:00Z,8.555742988060103,2022
2021-06-15T12:00:00Z,10.555953668275134,2022
2021-06-16T12:00:00Z,13.832417156857936,2022
2021-06-17T12:00:00Z,16.039357931941442,2022
2021-06-18T12:00:00Z,15.74679680763066,2022
2021-06-19T12:00:00Z,15.214297410751005,2022
2021-06-20T12:00:00Z,14.787806482892874,2022
2021-06-21T12:00:00Z,15.827761075134827,2022
2021-06-22T12:00:00Z,14.881328704046789,2022
2021-06-23T12:00:00Z,15.80062834402724,2022
2021-06-24T12:00:00Z,18.03473516874994,2022
2021-06-25T12:00:00Z,19.085971484444567,2022
2021-06-26T12:00:00Z,19.185130443698856,2022
2021-06-27T12:00:00Z,18.781444272668903,2022
2021-06-28T12:00:00Z,18.724138153478922,2022
2021-06-29T12:00:00Z,19.021904575231193,2022
2021-06-30T12:00:00Z,21.73002139608089,2022
2021-07-01T12:00:00Z,22.363663028655257,2022
2021-07-02T12:00:00Z,23.704579907687897,2022
2021-07-03T12:00:00Z,23.756350811899388,2022
2021-07-04T12:00:00Z,23.44370857197579,2022
2021-07-05T12:00:00Z,23.55977330382312,2022
2021-07-06T12:00:00Z,26.017637469057703,2022
2021-07-07T12:00:00Z,26.767685996034437,2022
2021-07-08T12:00:00Z,26.874822549070508,2022
2021-07-09T12:00:00Z,29.57625038636682,2022
2021-07-10T12:00:00Z,29.684379174885237,2022
2021-07-11T12:00:00Z,30.09074855179721,2022
2021-07-12T12:00:00Z,30.8460278502466,2022
2021-07-13T12:00:00Z,31.27405634595737,2022
2021-07-14T12:00:00Z,32.34653174955829,2022
2021-07-15T12:00:00Z,32.697294543014,2022
2021-07-16T12:00:00Z,32.918391286647456,2022
2021-07-17T12:00:00Z,33.08259481602825,2022
2021-07-18T12:00:00Z,33.00814031682189,2022
2021-07-19T12:00:00Z,32.85226076580338,2022
2021-07-20T12:00:00Z,32.81294063071541,2022
2021-07-21T12:00:00Z,33.36478224527214,2022
2021-07-22T12:00:00Z,33.754474276043226,2022
2021-07-23T12:00:00Z,34.45367485417101,2022
2021-07-24T12:00:00Z,36.40457914429077,2022
2021-07-25T12:00:00Z,36.80925741121307,2022
2021-07-26T12:00:00Z,36.72452300082586,2022
2021-07-27T12:00:00Z,37.427818257149355,2022
2021-07-28T12:00:00Z,39.45257244327502,2022
2021-07-29T12:00:00Z,39.68145307782316,2022
2021-07-30T12:00:00Z,40.09733861638317,2022
2021-07-31T12:00:00Z,40.70248971445945,2022
2021-08-01T12:00:00Z,40.88973082534982,2022
2021-08-02T12:00:00Z,41.07566674683862,2022
2021-08-03T12:00:00Z,41.335030446455875,2022
2021-08-04T12:00:00Z,43.38397792548424,2022
2021-08-05T12:00:00Z,44.00513139483309,2022
2021-08-06T12:00:00Z,44.60604030927213,2022
2021-08-07T12:00:00Z,45.22289926246318,2022
2021-08-08T12:00:00Z,45.52124827338609,2022
2021-08-09T12:00:00Z,46.07935503505988,2022
2021-08-10T12:00:00Z,46.512011824929935,2022
2021-08-11T12:00:00Z,46.74605516366209,2022
2021-08-12T12:00:00Z,46.88726021504073,2022
2021-08-13T12:00:00Z,47.24884958616187,2022
2021-08-14T12:00:00Z,48.25757759291037,2022
2021-08-15T12:00:00Z,50.7580263427295,2022
2021-08-16T12:00:00Z,51.28610905016262,2022
2021-08-17T12:00:00Z,51.42809388332905,2022
2021-08-18T12:00:00Z,51.47245901161565,2022
2021-08-19T12:00:00Z,51.37518601397518,2022
2021-08-20T12:00:00Z,51.2842086581463,2022
2021-08-21T12:00:00Z,51.18890938761711,2022
2021-08-22T12:00:00Z,51.0140994735013,2022
2021-08-23T12:00:00Z,51.05304512980461,2022
2021-08-24T12:00:00Z,50.88244232104507,2022
2021-08-25T12:00:00Z,50.63768431921526,2022
2021-08-26T12:00:00Z,51.09352991919926,2022
2021-08-27T12:00:00Z,51.04357575826754,2022
2021-08-28T12:00:00Z,50.845577347543184,2022
2021-08-29T12:00:00Z,50.665079399433836,2022
2021-08-30T12:00:00Z,51.032784485430795,2022
2021-08-31T12:00:00Z,51.60123949560064,2022
2021-09-01T12:00:00Z,51.38449778382336,2022
2021-09-02T12:00:00Z,51.439462420321114,2022
2021-09-03T12:00:00Z,51.88236050299706,2022
2021-09-04T12:00:00Z,52.177777176498296,2022
2021-09-05T12:00:00Z,52.66390092114023,2022
2021-09-06T12:00:00Z,52.546844791350566,2022
2021-09-07T12:00:00Z,52.56249923339917,2022
2021-09-08T12:00:00Z,52.60195899739119,2022
2021-09-09T12:00:00Z,52.75712835795878,2022
2021-09-10T12:00:00Z,52.6157828035223,2022
2021-09-11T12:00:00Z,53.459806258047706,2022
2021-09-12T12:00:00Z,53.17803757363762,2022
2021-09-13T12:00:00Z,53.64061557424233,2022
2021-09-14T12:00:00Z,54.663077264612994,2022
2021-09-15T12:00:00Z,55.390728848096344,2022
2021-09-16T12:00:00Z,56.08051115149284,2022
2021-09-17T12:00:00Z,57.418091179585126,2022
2021-09-18T12:00:00Z,59.631369651972925,2022
2021-09-19T12:00:00Z,60.05723330584127,2022
2021-09-20T12:00:00Z,61.26695568402799,2022
2021-09-21T12:00:00Z,61.82449966000452,2022
2021-09-22T12:00:00Z,62.70157937254102,2022
2021-09-23T12:00:00Z,63.381595131016525,2022
2021-09-24T12:00:00Z,65.34857064002848,2022
2021-09-25T12:00:00Z,65.39342203123095,2022
2021-09-26T12:00:00Z,67.20491164676001,2022
2021-09-27T12:00:00Z,66.97312990633685,2022
2021-09-28T12:00:00Z,66.17156004376517,2022
2021-09-29T12:00:00Z,65.53514536197984,2022
2021-09-30T12:00:00Z,65.08626256163562,2022
2021-10-01T12:00:00Z,64.99593281874631,2022
2021-10-02T12:00:00Z,65.00023384300191,2022
2021-10-03T12:00:00Z,64.85027650536787,2022
2021-10-04T12:00:00Z,64.77514573150434,2022
2021-10-05T12:00:00Z,64.72520463024705,2022
2021-10-06T12:00:00Z,64.22784619940636,2022
2021-10-07T12:00:00Z,64.3366435828435,2022
2021-10-08T12:00:00Z,64.05662192680482,2022
2021-10-09T12:00:00Z,68.55168473598981,2022
2021-10-10T12:00:00Z,69.40380502848404,2022
2021-10-11T12:00:00Z,69.07935087710851,2022
2021-10-12T12:00:00Z,69.07061578559532,2022
2021-10-13T12:00:00Z,70.09216542693048,2022
2021-10-14T12:00:00Z,70.15950855467945,2022
2021-10-15T12:00:00Z,69.94817413394152,2022
2021-10-16T12:00:00Z,69.75266445963126,2022
2021-10-17T12:00:00Z,69.4225712863714,2022
2021-10-18T12:00:00Z,68.98215043194364,2022
2021-10-19T12:00:00Z,68.41840969879755,2022
2021-10-20T12:00:00Z,67.59710169553614,2022
2021-10-21T12:00:00Z,66.990482392108,2022
2021-10-22T12:00:00Z,66.61111186804997,2022
2021-10-23T12:00:00Z,66.38993237271735,2022
2021-10-24T12:00:00Z,66.09227499592855,2022
2021-10-25T12:00:00Z,66.23172155653708,2022
2021-10-26T12:00:00Z,65.98342754544794,2022
2021-10-27T12:00:00Z,65.548441767335,2022
2021-10-28T12:00:00Z,64.99123404536623,2022
2021-10-29T12:00:00Z,65.4746448651859,2022
2021-10-30T12:00:00Z,64.92628783127041,2022
2021-10-31T12:00:00Z,64.41804773734584,2022
2021-11-01T12:00:00Z,63.816009043216994,2022
2021-11-02T12:00:00Z,63.518331515123975,2022
2021-11-03T12:00:00Z,63.267883920927,2022
2021-11-04T12:00:00Z,62.941974200527326,2022
2021-11-05T12:00:00Z,68.08938005947394,2022
2021-11-06T12:00:00Z,70.05938311315398,2022
2021-11-07T12:00:00Z,69.54959556565859,2022
2021-11-08T12:00:00Z,69.15563471702022,2022
2021-11-09T12:00:00Z,68.76334034416871,2022
2021-11-10T12:00:00Z,68.52341877663285,2022
2021-11-11T12:00:00Z,68.6556620240283,2022
2021-11-12T12:00:00Z,69.06598311380205,2022
2021-11-13T12:00:00Z,69.08597132425932,2022
2021-11-14T12:00:00Z,68.80647930243663,2022
2021-11-15T12:00:00Z,68.36584640393089,2022
2021-11-16T12:00:00Z,68.01642178888441,2022
2021-11-17T12:00:00Z,67.77898006976974,2022
2021-11-18T12:00:00Z,67.70797906840141,2022
2021-11-19T12:00:00Z,68.04721942116704,2022
2021-11-20T12:00:00Z,67.8206902946193,2022
2021-11-21T12:00:00Z,69.284061255681,2022
2021-11-22T12:00:00Z,69.24510277769275,2022
2021-11-23T12:00:00Z,68.50889672987033,2022
2021-11-24T12:00:00Z,67.82375982155253,2022
2021-11-25T12:00:00Z,67.5287564031078,2022
2021-11-26T12:00:00Z,67.31372965976873,2022
2021-11-27T12:00:00Z,66.96234967712878,2022
2021-11-28T12:00:00Z,66.53374134056855,2022
2021-11-29T12:00:00Z,66.11763287906383,2022
2021-11-30T12:00:00Z,65.7053185928061,2022
2021-12-01T12:00:00Z,65.33472342167919,2022
2021-12-02T12:00:00Z,65.0465172880341,2022
2021-12-03T12:00:00Z,64.62525767170175,2022
2021-12-04T12:00:00Z,64.20735932082992,2022
2021-12-05T12:00:00Z,63.784616881097655,2022
2021-12-06T12:00:00Z,63.51835630264694,2022
2021-12-07T12:00:00Z,63.2519955420537,2022
2021-12-08T12:00:00Z,62.83519754484162,2022
2021-12-09T12:00:00Z,62.37937744406075,2022
2021-12-10T12:00:00Z,62.01365705557619,2022
2021-12-11T12:00:00Z,61.636661767530526,2022
2021-12-12T12:00:00Z,61.195893363746684,2022
2021-12-13T12:00:00Z,60.773786406353985,2022
2021-12-14T12:00:00Z,60.28948348742727,2022
2021-12-15T12:00:00Z,59.943071741791776,2022
2021-12-16T12:00:00Z,59.45733817408882,2022
2021-12-17T12:00:00Z,59.03656950265831,2022
2021-12-18T12:00:00Z,58.5419002983766,2022
2021-12-19T12:00:00Z,58.17376202798991,2022
2021-12-20T12:00:00Z,57.76706193490306,2022
2021-12-21T12:00:00Z,57.53639977494613,2022
2021-12-22T12:00:00Z,57.09127347427853,2022
2021-12-23T12:00:00Z,56.491601478288324,2022
2021-12-24T12:00:00Z,55.9598038895944,2022
2021-12-25T12:00:00Z,55.49464137323903,2022
2021-12-26T12:00:00Z,55.03622873371493,2022
2021-12-27T12:00:00Z,54.5702811425935,2022
2021-12-28T12:00:00Z,54.0883205049969,2022
2021-12-29T12:00:00Z,53.69171967760989,2022
2021-12-30T12:00:00Z,53.198295643605654,2022
2021-12-31T12:00:00Z,52.79966865589895,2022
2022-01-01T12:00:00Z,52.29669935916381,2022
2022-01-02T12:00:00Z,51.796818909991195,2022
2022-01-03T12:00:00Z,51.332553540866535,2022
2022-01-04T12:00:00Z,50.74999310745761,2022
2022-01-05T12:00:00Z,50.35149216494592,2022
2022-01-06T12:00:00Z,49.88532222525832,2022
2022-01-07T12:00:00Z,49.51496343263696,2022
2022-01-08T12:00:00Z,49.11462379002471,2022
2022-01-09T12:00:00Z,48.93472232143537,2022
2022-01-10T12:00:00Z,48.59201266512444,2022
2022-01-11T12:00:00Z,48.45244533399228,2022
2022-01-12T12:00:00Z,47.91931801780513,2022
2022-01-13T12:00:00Z,47.42190352899269,2022
2022-01-14T12:00:00Z,46.809786088894285,2022
2022-01-15T12:00:00Z,46.17487595391688,2022
2022-01-16T12:00:00Z,46.328701241258095,2022
2022-01-17T12:00:00Z,46.80297012878308,2022
2022-01-18T12:00:00Z,46.27521258138509,2022
2022-01-19T12:00:00Z,45.70103672670617,2022
2022-01-20T12:00:00Z,45.50460112674121,2022
2022-01-21T12:00:00Z,47.529831664892605,2022
2022-01-22T12:00:00Z,47.34997880337263,2022
2022-01-23T12:00:00Z,46.92334938850242,2022
2022-01-24T12:00:00Z,46.36521888966323,2022
2022-01-25T12:00:00Z,45.83902332234969,2022
2022-01-26T12:00:00Z,45.539095280766844,2022
2022-01-27T12:00:00Z,45.58460174496473,2022
2022-01-28T12:00:00Z,45.16423539938008,2022
2022-01-29T12:00:00Z,44.41699176872999,2022
2022-01-30T12:00:00Z,43.6896055687239,2022
2022-01-31T12:00:00Z,43.16134149726451,2022
2022-02-01T12:00:00Z,42.6644882472175,2022
2022-02-02T12:00:00Z,42.24831072298724,2022
2022-02-03T12:00:00Z,41.78461772321439,2022
2022-02-04T12:00:00Z,41.29653421961482,2022
2022-02-05T12:00:00Z,40.893719559310796,2022
2022-02-06T12:00:00Z,40.615601425765874,2022
2022-02-07T12:00:00Z,40.115457892918485,2022
2022-02-08T12:00:00Z,39.80657648911502,2022
2022-02-09T12:00:00Z,40.04618934992909,2022
2022-02-10T12:00:00Z,39.8153544347588,2022
2022-02-11T12:00:00Z,39.39754525214952,2022
2022-02-12T12:00:00Z,39.02786885783854,2022
2022-02-13T12:00:00Z,42.364440940852354,2022
2022-02-14T12:00:00Z,42.14615303181429,2022
2022-02-15T12:00:00Z,41.60191381370942,2022
2022-02-16T12:00:00Z,41.17434807258519,2022
2022-02-17T12:00:00Z,40.811071429055254,2022
2022-02-18T12:00:00Z,40.44829246964938,2022
2022-02-19T12:00:00Z,40.06538404614609,2022
2022-02-20T12:00:00Z,39.81122931678923,2022
2022-02-21T12:00:00Z,39.28780350573562,2022
2022-02-22T12:00:00Z,38.76512955389269,2022
2022-02-23T12:00:00Z,38.29903278682642,2022
2022-02-24T12:00:00Z,37.77631593737405,2022
2022-02-25T12:00:00Z,37.2269660867326,2022
2022-02-26T12:00:00Z,36.709870677689416,2022
2022-02-27T12:00:00Z,36.13775813944267,2022
2022-02-28T12:00:00Z,35.95589893480655,2022
2022-03-01T12:00:00Z,35.34597587013359,2022
2022-03-02T12:00:00Z,34.82119888735876,2022
2022-03-03T12:00:00Z,34.366479428571076,2022
2022-03-04T12:00:00Z,33.85845960766953,2022
2022-03-05T12:00:00Z,33.21920193521721,2022
2022-03-06T12:00:00Z,32.53253687793935,2022
2022-03-07T12:00:00Z,31.90946617652788,2022
2022-03-08T12:00:00Z,31.48576389077043,2022
2022-03-09T12:00:00Z,30.868856923195438,2022
2022-03-10T12:00:00Z,30.361369155307123,2022
2022-03-11T12:00:00Z,29.86882719510175,2022
2022-03-12T12:00:00Z,29.11056809634167,2022
2022-03-13T12:00:00Z,28.524282081297365,2022
2022-03-14T12:00:00Z,27.925477360277455,2022
2022-03-15T12:00:00Z,27.847171140417913,2022
2022-03-16T12:00:00Z,29.293555707651194,2022
2022-03-17T12:00:00Z,30.646511066439057,2022
2022-03-18T12:00:00Z,31.31589126586914,2022
2022-03-19T12:00:00Z,30.757928414622253,2022
2022-03-20T12:00:00Z,30.325125901943636,2022
2022-03-21T12:00:00Z,31.88569354381687,2022
2022-03-22T12:00:00Z,31.127185221982703,2022
2022-03-23T12:00:00Z,30.40681753175732,2022
2022-03-24T12:00:00Z,29.60264451931391,2022
2022-03-25T12:00:00Z,29.340946620856492,2022
2022-03-26T12:00:00Z,28.533247002027817,2022
2022-03-27T12:00:00Z,27.70707217275417,2022
2022-03-28T12:00:00Z,26.946709464106934,2022
2022-03-29T12:00:00Z,26.34075207587267,2022
2022-03-30T12:00:00Z,25.56514908642417,2022
2022-03-31T12:00:00Z,24.65177389555658,2022
2022-04-01T12:00:00Z,24.259807618706972,2022
2022-04-02T12:00:00Z,23.672335715657162,2022
2022-04-03T12:00:00Z,23.7287068884746,2022
2022-04-04T12:00:00Z,23.894277324344703,2022
2022-04-05T12:00:00Z,23.226908509289352,2022
2022-04-06T12:00:00Z,22.533603677366333,2022
2022-04-07T12:00:00Z,21.83515725825172,2022
2022-04-08T12:00:00Z,20.92869522561552,2022
2022-04-09T12:00:00Z,19.984817742872323,2022
2022-04-10T12:00:00Z,19.2188826585574,2022
2022-04-11T12:00:00Z,18.566199725447976,2022
2022-04-12T12:00:00Z,17.875070142831785,2022
2022-04-13T12:00:00Z,17.19850669911184,2022
2022-04-14T12:00:00Z,16.5931551726764,2022
2022-04-15T12:00:00Z,16.459170523988465,2022
2022-04-16T12:00:00Z,16.881281783499258,2022
2022-04-17T12:00:00Z,16.24675918011588,2022
2022-04-18T12:00:00Z,15.617123641006662,2022
2022-04-19T12:00:00Z,15.146926992012485,2022
2022-04-20T12:00:00Z,14.222158307291178,2022
2022-04-21T12:00:00Z,13.487432629746023,2022
2022-04-22T12:00:00Z,12.91759971293705,2022
2022-04-23T12:00:00Z,12.164116178076641,2022
2022-04-24T12:00:00Z,11.546538965674882,2022
2022-04-25T12:00:00Z,11.032225816494416,2022
2022-04-26T12:00:00Z,10.377191819326564,2022
2022-04-27T12:00:00Z,9.806924486989809,2022
2022-04-28T12:00:00Z,9.855209540519875,2022
2022-04-29T12:00:00Z,10.603927227860092,2022
2022-04-30T12:00:00Z,10.771238726345308,2022
2022-05-01T12:00:00Z,10.697594972735189,2022
2022-05-02T12:00:00Z,10.214836045089566,2022
2022-05-03T12:00:00Z,10.274031016092923,2022
2022-05-04T12:00:00Z,10.266617475760219,2022
2022-05-05T12:00:00Z,10.492847362534329,2022
2022-05-06T12:00:00Z,11.128047345853094,2022
2022-05-07T12:00:00Z,10.726620178131121,2022
2022-05-08T12:00:00Z,10.661147441989874,2022
2022-05-09T12:00:00Z,10.200279464675912,2022
2022-05-10T12:00:00Z,9.493274249355451,2022
2022-05-11T12:00:00Z,8.731972267045615,2022
2022-05-12T12:00:00Z,8.313250014791963,2022
2022-05-13T12:00:00Z,9.084709716687033,2022
2022-05-14T12:00:00Z,8.775872219660071,2022
2022-05-15T12:00:00Z,8.478300866926224,2022
2022-05-16T12:00:00Z,8.375631258025738,2022
2022-05-17T12:00:00Z,8.29158917972265,2022
2022-05-18T12:00:00Z,7.611447872626402,2022
2022-05-19T12:00:00Z,7.163980073248045,2022
2022-05-20T12:00:00Z,7.6152134433647936,2022
2022-05-21T12:00:00Z,10.758875116303644,2022
2022-05-22T12:00:00Z,9.991737969849877,2022
2022-05-23T12:00:00Z,9.32037060147785,2022
2022-05-24T12:00:00Z,8.312202735081646,2022
2022-05-25T12:00:00Z,7.4642541744641795,2022
2022-05-26T12:00:00Z,6.875400321241904,2022
2022-05-27T12:00:00Z,6.8616577336083076,2022
2022-05-28T12:00:00Z,7.0781001346727725,2022
2022-05-29T12:00:00Z,8.316099193186265,2022
2022-05-30T12:00:00Z,11.580077983121637,2022
2022-06-01T12:00:00Z,12.445711670196479,2023
2022-06-02T12:00:00Z,13.697861202905903,2023
2022-06-03T12:00:00Z,16.775366459911144,2023
2022-06-04T12:00:00Z,29.558298517145936,2023
2022-06-05T12:00:00Z,30.40025703736816,2023
2022-06-06T12:00:00Z,30.4739369608073,2023
2022-06-07T12:00:00Z,30.77093635838262,2023
2022-06-08T12:00:00Z,30.91402433929718,2023
2022-06-09T12:00:00Z,31.366747610713453,2023
2022-06-10T12:00:00Z,34.68596492188379,2023
2022-06-11T12:00:00Z,39.19987801069547,2023
2022-06-12T12:00:00Z,39.89849894019609,2023
2022-06-13T12:00:00Z,40.17217243196868,2023
2022-06-14T12:00:00Z,40.48272133903298,2023
2022-06-15T12:00:00Z,40.50855179153378,2023
2022-06-16T12:00:00Z,40.69075930755011,2023
2022-06-17T12:00:00Z,41.13432568536952,2023
2022-06-18T12:00:00Z,41.21132500184533,2023
2022-06-19T12:00:00Z,43.956736083508396,2023
2022-06-20T12:00:00Z,44.39776950692015,2023
2022-06-21T12:00:00Z,45.872574317076285,2023
2022-06-22T12:00:00Z,45.87819636847777,2023
2022-06-23T12:00:00Z,45.475924372315475,2023
2022-06-24T12:00:00Z,45.063691148946724,2023
2022-06-25T12:00:00Z,45.035577798075636,2023
2022-06-26T12:00:00Z,46.57537408381361,2023
2022-06-27T12:00:00Z,48.30782753132601,2023
2022-06-28T12:00:00Z,48.66250668475924,2023
2022-06-29T12:00:00Z,48.50694152017375,2023
2022-06-30T12:00:00Z,48.73842984927795,2023
2022-07-01T12:00:00Z,50.10891630496533,2023
2022-07-02T12:00:00Z,49.885907057022436,2023
2022-07-03T12:00:00Z,49.6321155042368,2023
2022-07-04T12:00:00Z,49.37073308147208,2023
2022-07-05T12:00:00Z,49.331040188446686,2023
2022-07-06T12:00:00Z,49.848184632482685,2023
2022-07-07T12:00:00Z,50.96699034674266,2023
2022-07-08T12:00:00Z,50.6702930104897,2023
2022-07-09T12:00:00Z,50.38865759105259,2023
2022-07-10T12:00:00Z,50.35665426957944,2023
2022-07-11T12:00:00Z,50.41542943166127,2023
2022-07-12T12:00:00Z,50.80675568148699,2023
2022-07-13T12:00:00Z,51.705513634364195,2023
2022-07-14T12:00:00Z,52.39163299084568,2023
2022-07-15T12:00:00Z,52.31622061589269,2023
2022-07-16T12:00:00Z,52.62932630606447,2023
2022-07-17T12:00:00Z,54.32072852854966,2023
2022-07-18T12:00:00Z,54.21322455861001,2023
2022-07-19T12:00:00Z,53.98815459381268,2023
2022-07-20T12:00:00Z,53.42938664693209,2023
2022-07-21T12:00:00Z,52.710438447436246,2023
2022-07-22T12:00:00Z,52.34207321514823,2023
2022-07-23T12:00:00Z,52.08512456444258,2023
2022-07-24T12:00:00Z,51.63916344691267,2023
2022-07-25T12:00:00Z,51.07119447768771,2023
2022-07-26T12:00:00Z,51.4283790176474,2023
2022-07-27T12:00:00Z,53.1304887521031,2023
2022-07-28T12:00:00Z,52.73800832866264,2023
2022-07-29T12:00:00Z,52.247027199784654,2023
2022-07-30T12:00:00Z,51.60391873575358,2023
2022-07-31T12:00:00Z,50.96611515175603,2023
2022-08-01T12:00:00Z,50.28429873717639,2023
2022-08-02T12:00:00Z,49.55371243637625,2023
2022-08-03T12:00:00Z,48.93194131330594,2023
2022-08-04T12:00:00Z,48.47598672785585,2023
2022-08-05T12:00:00Z,48.002881018644906,2023
2022-08-06T12:00:00Z,47.495568749714415,2023
2022-08-07T12:00:00Z,47.06170281751755,2023
2022-08-08T12:00:00Z,46.62669432971316,2023
2022-08-09T12:00:00Z,46.205798402544836,2023
2022-08-10T12:00:00Z,45.76245419022275,2023
2022-08-11T12:00:00Z,45.1129592662095,2023
2022-08-12T12:00:00Z,44.4897913163339,2023
2022-08-13T12:00:00Z,43.91508220496404,2023
2022-08-14T12:00:00Z,43.76572101961444,2023
2022-08-15T12:00:00Z,44.754320125202256,2023
2022-08-16T12:00:00Z,44.80538975441606,2023
2022-08-17T12:00:00Z,44.513275006894375,2023
2022-08-18T12:00:00Z,44.00870234736012,2023
2022-08-19T12:00:00Z,43.344437318285856,2023
2022-08-20T12:00:00Z,42.77250413259633,2023
2022-08-21T12:00:00Z,42.352066438213825,2023
2022-08-22T12:00:00Z,41.59612014212148,2023
2022-08-23T12:00:00Z,41.17620430610533,2023
2022-08-24T12:00:00Z,41.29921815777225,2023
2022-08-25T12:00:00Z,42.35829632398105,2023
2022-08-26T12:00:00Z,42.42446345859612,2023
2022-08-27T12:00:00Z,42.97303461670947,2023
2022-08-28T12:00:00Z,43.966444307268915,2023
2022-08-29T12:00:00Z,43.76927928318145,2023
2022-08-30T12:00:00Z,43.285857051307026,2023
2022-08-31T12:00:00Z,42.82684641279142,2023
2022-09-01T12:00:00Z,42.64304989343928,2023
2022-09-02T12:00:00Z,42.79307078571468,2023
2022-09-03T12:00:00Z,42.31790022229319,2023
2022-09-04T12:00:00Z,41.79543856624793,2023
2022-09-05T12:00:00Z,41.31387658396665,2023
2022-09-06T12:00:00Z,41.51702943331622,2023
2022-09-07T12:00:00Z,41.74621931692763,2023
2022-09-08T12:00:00Z,41.67463183846385,2023
2022-09-09T12:00:00Z,42.63334147059138,2023
2022-09-10T12:00:00Z,42.986087048489964,2023
2022-09-11T12:00:00Z,43.156534145746534,2023
2022-09-12T12:00:00Z,43.83942682212459,2023
2022-09-13T12:00:00Z,43.822272588481574,2023
2022-09-14T12:00:00Z,45.97563307086507,2023
2022-09-15T12:00:00Z,46.6743363310065,2023
2022-09-16T12:00:00Z,48.43981602239123,2023
2022-09-17T12:00:00Z,48.99662169082907,2023
2022-09-18T12:00:00Z,50.7899811212074,2023
2022-09-19T12:00:00Z,51.068767359961846,2023
2022-09-20T12:00:00Z,51.5243997259203,2023
2022-09-21T12:00:00Z,54.4219313348634,2023
2022-09-22T12:00:00Z,55.02590966868272,2023
2022-09-23T12:00:00Z,55.18515722209562,2023
2022-09-24T12:00:00Z,55.19254211215252,2023
2022-09-25T12:00:00Z,55.75594814279942,2023
2022-09-26T12:00:00Z,55.993095851044636,2023
2022-09-27T12:00:00Z,63.716900956509136,2023
2022-09-28T12:00:00Z,69.80765377609903,2023
2022-09-29T12:00:00Z,70.1816546068838,2023
2022-09-30T12:00:00Z,70.90781265057413,2023
2022-10-01T12:00:00Z,71.56497632434572,2023
2022-10-02T12:00:00Z,72.04802040919331,2023
2022-10-03T12:00:00Z,72.50961759781222,2023
2022-10-04T12:00:00Z,73.10369185394488,2023
2022-10-05T12:00:00Z,73.4886307375976,2023
2022-10-06T12:00:00Z,74.08517210971257,2023
2022-10-07T12:00:00Z,74.35638363660276,2023
2022-10-08T12:00:00Z,74.53865668440409,2023
2022-10-09T12:00:00Z,76.1613025562307,2023
2022-10-10T12:00:00Z,77.23346306538252,2023
2022-10-11T12:00:00Z,77.31484662235033,2023
2022-10-12T12:00:00Z,77.39973265036323,2023
2022-10-13T12:00:00Z,77.7269404342093,2023
2022-10-14T12:00:00Z,78.84884768728017,2023
2022-10-15T12:00:00Z,79.18255581595473,2023
2022-10-16T12:00:00Z,79.06128251202176,2023
2022-10-17T12:00:00Z,78.96715412700541,2023
2022-10-18T12:00:00Z,78.7525140685669,2023
2022-10-19T12:00:00Z,78.79080015295769,2023
2022-10-20T12:00:00Z,79.40298229645452,2023
2022-10-21T12:00:00Z,78.96790528826608,2023
2022-10-22T12:00:00Z,78.76067062817295,2023
2022-10-23T12:00:00Z,78.50269900930093,2023
2022-10-24T12:00:00Z,78.20716647838645,2023
2022-10-25T12:00:00Z,77.81178560354213,2023
2022-10-26T12:00:00Z,77.4891406141074,2023
2022-10-27T12:00:00Z,77.12761597613338,2023
2022-10-28T12:00:00Z,76.66194002029061,2023
2022-10-29T12:00:00Z,76.25950512030772,2023
2022-10-30T12:00:00Z,75.76664591093012,2023
2022-10-31T12:00:00Z,75.227197153953,2023
2022-11-01T12:00:00Z,74.71746773310743,2023
2022-11-02T12:00:00Z,74.33426153666971,2023
2022-11-03T12:00:00Z,73.88230268985265,2023
2022-11-04T12:00:00Z,73.38484544530913,2023
2022-11-05T12:00:00Z,72.6734292705973,2023
2022-11-06T12:00:00Z,72.48530151147504,2023
2022-11-07T12:00:00Z,72.37660320947896,2023
2022-11-08T12:00:00Z,71.6953626883266,2023
2022-11-09T12:00:00Z,71.5807499693909,2023
2022-11-10T12:00:00Z,71.85977306720663,2023
2022-11-11T12:00:00Z,71.41927313847533,2023
2022-11-12T12:00:00Z,71.04063697224544,2023
2022-11-13T12:00:00Z,71.02851971109685,2023
2022-11-14T12:00:00Z,70.81139311535887,2023
2022-11-15T12:00:00Z,70.45665472084416,2023
2022-11-16T12:00:00Z,70.10067032537707,2023
2022-11-17T12:00:00Z,69.60429946176292,2023
2022-11-18T12:00:00Z,68.97601505089607,2023
2022-11-19T12:00:00Z,68.50549764696109,2023
2022-11-20T12:00:00Z,69.21958698393988,2023
2022-11-21T12:00:00Z,69.73764733289914,2023
2022-11-22T12:00:00Z,70.17336412783361,2023
2022-11-23T12:00:00Z,70.01461917852025,2023
2022-11-24T12:00:00Z,69.67979968001761,2023
2022-11-25T12:00:00Z,69.31948038798002,2023
2022-11-26T12:00:00Z,68.88937687773725,2023
2022-11-27T12:00:00Z,68.49398452447572,2023
2022-11-28T12:00:00Z,68.07905778844841,2023
2022-11-29T12:00:00Z,68.75182350309723,2023
2022-11-30T12:00:00Z,68.32048507900959,2023
2022-12-01T12:00:00Z,68.13754034471427,2023
2022-12-02T12:00:00Z,67.73608292028727,2023
2022-12-03T12:00:00Z,67.12728301965339,2023
2022-12-04T12:00:00Z,66.58098886738155,2023
2022-12-05T12:00:00Z,66.05998890859036,2023
2022-12-06T12:00:00Z,65.5650237025654,2023
2022-12-07T12:00:00Z,64.99198939432695,2023
2022-12-08T12:00:00Z,64.5636424640731,2023
2022-12-09T12:00:00Z,64.04330945486927,2023
2022-12-10T12:00:00Z,63.47041945752085,2023
2022-12-11T12:00:00Z,62.96735587574868,2023
2022-12-12T12:00:00Z,62.515103494041185,2023
2022-12-13T12:00:00Z,61.982929589008954,2023
2022-12-14T12:00:00Z,61.594230665585634,2023
2022-12-15T12:00:00Z,61.115037662938605,2023
2022-12-16T12:00:00Z,61.094240837348885,2023
2022-12-17T12:00:00Z,60.836551469460744,2023
2022-12-18T12:00:00Z,61.264311785317496,2023
2022-12-19T12:00:00Z,60.83323681561905,2023
2022-12-20T12:00:00Z,60.568701361351266,2023
2022-12-21T12:00:00Z,60.554411544296364,2023
2022-12-22T12:00:00Z,60.14637382887192,2023
2022-12-23T12:00:00Z,61.02895322272215,2023
2022-12-24T12:00:00Z,60.331794285674114,2023
2022-12-25T12:00:00Z,59.53285799215279,2023
2022-12-26T12:00:00Z,59.09648876956786,2023
2022-12-27T12:00:00Z,59.89986979639595,2023
2022-12-28T12:00:00Z,59.705544351029694,2023
2022-12-29T12:00:00Z,59.48499266973998,2023
2022-12-30T12:00:00Z,59.166572417480616,2023
2022-12-31T12:00:00Z,58.80992289167288,2023
2023-01-01T12:00:00Z,58.15824980984638,2023
2023-01-02T12:00:00Z,57.78218244519431,2023
2023-01-03T12:00:00Z,57.31732904288893,2023
2023-01-04T12:00:00Z,56.83125177485255,2023
2023-01-05T12:00:00Z,56.47754585435452,2023
2023-01-06T12:00:00Z,55.83152381059433,2023
2023-01-07T12:00:00Z,55.179815844997506,2023
2023-01-08T12:00:00Z,54.63312326395805,2023
2023-01-09T12:00:00Z,54.125550703152825,2023
2023-01-10T12:00:00Z,53.62893755935092,2023
2023-01-11T12:00:00Z,53.054399045270294,2023
2023-01-12T12:00:00Z,52.598555497945824,2023
2023-01-13T12:00:00Z,52.15883246080276,2023
2023-01-14T12:00:00Z,51.57862760181118,2023
2023-01-15T12:00:00Z,50.91629026031952,2023
2023-01-16T12:00:00Z,50.50520943708597,2023
2023-01-17T12:00:00Z,50.08421826834584,2023
2023-01-18T12:00:00Z,49.657990659863636,2023
2023-01-19T12:00:00Z,49.17374521998066,2023
2023-01-20T12:00:00Z,48.72189626939724,2023
2023-01-21T12:00:00Z,48.34424890382031,2023
2023-01-22T12:00:00Z,47.82333478372685,2023
2023-01-23T12:00:00Z,47.43659245216997,2023
2023-01-24T12:00:00Z,47.04718400192032,2023
2023-01-25T12:00:00Z,46.528649918819944,2023
2023-01-26T12:00:00Z,46.145090172944414,2023
2023-01-27T12:00:00Z,45.5765321659484,2023
2023-01-28T12:00:00Z,45.0392600907919,2023
2023-01-29T12:00:00Z,0,2023
2023-01-30T12:00:00Z,0,2023
2023-01-31T12:00:00Z,0,2023
2023-02-01T12:00:00Z,0,2023
2023-02-02T12:00:00Z,0,2023
2023-02-03T12:00:00Z,0,2023
2023-02-04T12:00:00Z,0,2023
2023-02-05T12:00:00Z,0,2023
2023-02-06T12:00:00Z,0,2023
2023-02-07T12:00:00Z,0,2023
2023-02-08T12:00:00Z,0,2023
2023-02-09T12:00:00Z,0,2023
2023-02-10T12:00:00Z,0,2023
2023-02-11T12:00:00Z,0,2023
2023-02-12T12:00:00Z,0,2023
2023-02-13T12:00:00Z,0,2023
2023-02-14T12:00:00Z,0,2023
2023-02-15T12:00:00Z,0,2023
2023-02-16T12:00:00Z,0,2023
2023-02-17T12:00:00Z,0,2023
2023-02-18T12:00:00Z,0,2023
2023-02-19T12:00:00Z,0,2023
2023-02-20T12:00:00Z,0,2023
2023-02-21T12:00:00Z,0,2023
2023-02-22T12:00:00Z,0,2023
2023-02-23T12:00:00Z,0,2023
2023-02-24T12:00:00Z,0,2023
2023-02-25T12:00:00Z,0,2023
2023-02-26T12:00:00Z,0,2023
2023-02-27T12:00:00Z,0,2023
2023-02-28T12:00:00Z,0,2023
2023-03-01T12:00:00Z,0,2023
2023-03-02T12:00:00Z,0,2023
2023-03-03T12:00:00Z,0,2023
2023-03-04T12:00:00Z,0,2023
2023-03-05T12:00:00Z,0,2023
2023-03-06T12:00:00Z,0,2023
2023-03-07T12:00:00Z,0,2023
2023-03-08T12:00:00Z,0,2023
2023-03-09T12:00:00Z,0,2023
2023-03-10T12:00:00Z,0,2023
2023-03-11T12:00:00Z,0,2023
2023-03-12T12:00:00Z,0,2023
2023-03-13T12:00:00Z,0,2023
2023-03-14T12:00:00Z,0,2023
2023-03-15T12:00:00Z,0,2023
2023-03-16T12:00:00Z,0,2023
2023-03-17T12:00:00Z,0,2023
2023-03-18T12:00:00Z,0,2023
2023-03-19T12:00:00Z,0,2023
2023-03-20T12:00:00Z,0,2023
2023-03-21T12:00:00Z,0,2023
2023-03-22T12:00:00Z,0,2023
2023-03-23T12:00:00Z,0,2023
2023-03-24T12:00:00Z,0,2023
2023-03-25T12:00:00Z,0,2023
2023-03-26T12:00:00Z,0,2023
2023-03-27T12:00:00Z,0,2023
2023-03-28T12:00:00Z,0,2023
2023-03-29T12:00:00Z,0,2023
2023-03-30T12:00:00Z,0,2023
2023-03-31T12:00:00Z,0,2023
2023-04-01T12:00:00Z,15.17296433977975,2023
2023-04-02T12:00:00Z,14.73034201600842,2023
2023-04-03T12:00:00Z,14.274548995687923,2023
2023-04-04T12:00:00Z,15.114854404149687,2023
2023-04-05T12:00:00Z,14.246909298865324,2023
2023-04-06T12:00:00Z,13.456191719114672,2023
2023-04-07T12:00:00Z,12.775481237218132,2023
2023-04-08T12:00:00Z,12.102376515663664,2023
2023-04-09T12:00:00Z,12.873015016442512,2023
2023-04-10T12:00:00Z,14.862121126647473,2023
2023-04-11T12:00:00Z,16.000013771354617,2023
2023-04-12T12:00:00Z,18.840236924691478,2023
2023-04-13T12:00:00Z,20.429996911536882,2023
2023-04-14T12:00:00Z,22.14363234073156,2023
2023-04-15T12:00:00Z,22.502923348740897,2023
2023-04-16T12:00:00Z,22.275362359168792,2023
2023-04-17T12:00:00Z,28.25683706795018,2023
2023-04-18T12:00:00Z,28.65102151459967,2023
2023-04-19T12:00:00Z,28.35281907317877,2023
2023-04-20T12:00:00Z,28.04252468903192,2023
2023-04-21T12:00:00Z,27.77847920482432,2023
2023-04-22T12:00:00Z,28.867904390771017,2023
2023-04-23T12:00:00Z,28.80378365931428,2023
2023-04-24T12:00:00Z,28.702505552203768,2023
2023-04-25T12:00:00Z,29.211622465851068,2023
2023-04-26T12:00:00Z,28.88037099077377,2023
2023-04-27T12:00:00Z,28.571802472238705,2023
2023-04-28T12:00:00Z,27.996845725917073,2023
2023-04-29T12:00:00Z,27.503933875090215,2023
2023-04-30T12:00:00Z,27.71031506589307,2023
2023-05-01T12:00:00Z,27.558248038197537,2023
2023-05-02T12:00:00Z,26.985768737518367,2023
2023-05-03T12:00:00Z,26.336903989136253,2023
2023-05-04T12:00:00Z,25.55123753996759,2023
2023-05-05T12:00:00Z,24.92510893878353,2023
2023-05-06T12:00:00Z,24.413009799163213,2023
2023-05-07T12:00:00Z,24.54625092513846,2023
2023-05-08T12:00:00Z,23.86675975275526,2023
2023-05-09T12:00:00Z,23.240491650815343,2023
2023-05-10T12:00:00Z,22.696444215642956,2023
2023-05-11T12:00:00Z,22.086605376373456,2023
2023-05-12T12:00:00Z,21.26478348739432,2023
2023-05-13T12:00:00Z,20.63684455262878,2023
2023-05-14T12:00:00Z,19.958253097305345,2023
2023-05-15T12:00:00Z,19.6034229212202,2023
2023-05-16T12:00:00Z,19.395209181430314,2023
2023-05-17T12:00:00Z,19.03182195973525,2023
2023-05-18T12:00:00Z,18.410638657028116,2023
2023-05-19T12:00:00Z,18.178990231921876,2023
2023-05-20T12:00:00Z,18.53810219401432,2023
2023-05-21T12:00:00Z,18.107482326624275,2023
2023-05-22T12:00:00Z,17.802820836131847,2023
2023-05-23T12:00:00Z,20.32937061193108,2023
2023-05-24T12:00:00Z,20.857705489846854,2023
2023-05-25T12:00:00Z,21.959453752102363,2023
2023-05-26T12:00:00Z,23.394521872297904,2023
2023-05-27T12:00:00Z,23.800627227307224,2023
2023-05-28T12:00:00Z,23.427409260732084,2023
2023-05-29T12:00:00Z,22.900331207714757,2023
2023-05-30T12:00:00Z,22.929486790172483,2023
2023-06-01T12:00:00Z,28.4178387573828,2024
2023-06-02T12:00:00Z,28.9777256050865,2024
2023-06-03T12:00:00Z,30.301081402829542,2024
2023-06-04T12:00:00Z,30.72575719383711,2024
2023-06-05T12:00:00Z,33.09879675752472,2024
2023-06-06T12:00:00Z,32.931502211215474,2024
2023-06-07T12:00:00Z,32.76876909316623,2024
2023-06-08T12:00:00Z,33.15466981600628,2024
2023-06-09T12:00:00Z,33.381321903038824,2024
2023-06-10T12:00:00Z,33.24132891393523,2024
2023-06-11T12:00:00Z,33.54399959928058,2024
2023-06-12T12:00:00Z,33.87523986596724,2024
2023-06-13T12:00:00Z,34.80364775586143,2024
2023-06-14T12:00:00Z,35.497783374843586,2024
2023-06-15T12:00:00Z,35.429232102493074,2024
2023-06-16T12:00:00Z,35.15420106591475,2024
2023-06-17T12:00:00Z,34.97644519176609,2024
2023-06-18T12:00:00Z,36.02117345543343,2024
2023-06-19T12:00:00Z,36.541906893432106,2024
2023-06-20T12:00:00Z,41.83590382219577,2024
2023-06-21T12:00:00Z,44.370477050524954,2024
2023-06-22T12:00:00Z,45.11808838412371,2024
2023-06-23T12:00:00Z,46.12136040122908,2024
2023-06-24T12:00:00Z,47.916922504628715,2024
2023-06-25T12:00:00Z,50.40822150968976,2024
2023-06-26T12:00:00Z,51.49064327988284,2024
2023-06-27T12:00:00Z,51.80624272026698,2024
2023-06-28T12:00:00Z,52.10560287081988,2024
2023-06-29T12:00:00Z,52.54338309202784,2024
2023-06-30T12:00:00Z,53.91185740818145,2024
2023-07-01T12:00:00Z,55.472519511295495,2024
2023-07-02T12:00:00Z,58.14933423074906,2024
2023-07-03T12:00:00Z,58.831679229187124,2024
2023-07-04T12:00:00Z,61.68264968222176,2024
2023-07-05T12:00:00Z,61.89936852641068,2024
2023-07-06T12:00:00Z,61.87139349092462,2024
2023-07-07T12:00:00Z,62.277633126939065,2024
2023-07-08T12:00:00Z,62.68766659952311,2024
2023-07-09T12:00:00Z,64.56169369153513,2024
2023-07-10T12:00:00Z,64.54286355634757,2024
2023-07-11T12:00:00Z,64.45787775352034,2024
2023-07-12T12:00:00Z,64.3310354378099,2024
2023-07-13T12:00:00Z,64.28136317774288,2024
2023-07-14T12:00:00Z,64.19032552132151,2024
2023-07-15T12:00:00Z,64.20226951695233,2024
2023-07-16T12:00:00Z,63.73243262343015,2024
2023-07-17T12:00:00Z,64.08788343268236,2024
2023-07-18T12:00:00Z,64.34352393055934,2024
2023-07-19T12:00:00Z,64.3653818415394,2024
2023-07-20T12:00:00Z,64.4115680998932,2024
2023-07-21T12:00:00Z,64.38923915046092,2024
2023-07-22T12:00:00Z,64.88178564619717,2024
2023-07-23T12:00:00Z,64.66629226034676,2024
2023-07-24T12:00:00Z,64.38879589728417,2024
2023-07-25T12:00:00Z,64.19939934056036,2024
2023-07-26T12:00:00Z,63.92549463511229,2024
2023-07-27T12:00:00Z,64.39389182481497,2024
2023-07-28T12:00:00Z,65.05751618383599,2024
2023-07-29T12:00:00Z,0,2024
2023-07-30T12:00:00Z,0,2024
2023-07-31T12:00:00Z,0,2024
2023-08-01T12:00:00Z,0,2024
2023-08-02T12:00:00Z,0,2024
2023-08-03T12:00:00Z,0,2024
2023-08-04T12:00:00Z,0,2024
2023-08-05T12:00:00Z,0,2024
2023-08-06T12:00:00Z,0,2024
2023-08-07T12:00:00Z,0,2024
2023-08-08T12:00:00Z,0,2024
2023-08-09T12:00:00Z,0,2024
2023-08-10T12:00:00Z,0,2024
2023-08-11T12:00:00Z,0,2024
2023-08-12T12:00:00Z,0,2024
2023-08-13T12:00:00Z,0,2024
2023-08-14T12:00:00Z,0,2024
2023-08-15T12:00:00Z,0,2024
2023-08-16T12:00:00Z,0,2024
2023-08-17T12:00:00Z,0,2024
2023-08-18T12:00:00Z,0,2024
2023-08-19T12:00:00Z,0,2024
2023-08-20T12:00:00Z,0,2024
2023-08-21T12:00:00Z,0,2024
2023-08-22T12:00:00Z,0,2024
2023-08-23T12:00:00Z,0,2024
2023-08-24T12:00:00Z,0,2024
2023-08-25T12:00:00Z,0,2024
2023-08-26T12:00:00Z,0,2024
2023-08-27T12:00:00Z,0,2024
2023-08-28T12:00:00Z,0,2024
2023-08-29T12:00:00Z,0,2024
2023-08-30T12:00:00Z,0,2024
2023-08-31T12:00:00Z,0,2024
2023-09-01T12:00:00Z,0,2024
2023-09-02T12:00:00Z,0,2024
2023-09-03T12:00:00Z,0,2024
2023-09-04T12:00:00Z,0,2024
2023-09-05T12:00:00Z,0,2024
2023-09-06T12:00:00Z,0,2024
2023-09-07T12:00:00Z,0,2024
2023-09-08T12:00:00Z,0,2024
2023-09-09T12:00:00Z,0,2024
2023-09-10T12:00:00Z,0,2024
2023-09-11T12:00:00Z,0,2024
2023-09-12T12:00:00Z,0,2024
2023-09-13T12:00:00Z,0,2024
2023-09-14T12:00:00Z,0,2024
2023-09-15T12:00:00Z,0,2024
2023-09-16T12:00:00Z,0,2024
2023-09-17T12:00:00Z,0,2024
2023-09-18T12:00:00Z,0,2024
2023-09-19T12:00:00Z,0,2024
2023-09-20T12:00:00Z,0,2024
2023-09-21T12:00:00Z,0,2024
2023-09-22T12:00:00Z,0,2024
2023-09-23T12:00:00Z,0,2024
2023-09-24T12:00:00Z,0,2024
2023-09-25T12:00:00Z,0,2024
2023-09-26T12:00:00Z,0,2024
2023-09-27T12:00:00Z,0,2024
2023-09-28T12:00:00Z,0,2024
2023-09-29T12:00:00Z,0,2024
2023-09-30T12:00:00Z,0,2024
2023-10-01T12:00:00Z,90.19482263978112,2024
2023-10-02T12:00:00Z,90.95713022388809,2024
2023-10-03T12:00:00Z,90.64231635942099,2024
2023-10-04T12:00:00Z,90.35702117617858,2024
2023-10-05T12:00:00Z,90.21706083282855,2024
2023-10-06T12:00:00Z,89.91134875823298,2024
2023-10-07T12:00:00Z,89.79510532372285,2024
2023-10-08T12:00:00Z,89.91362393109758,2024
2023-10-09T12:00:00Z,89.90347726200609,2024
2023-10-10T12:00:00Z,89.84990052999532,2024
2023-10-11T12:00:00Z,90.1949932576656,2024
2023-10-12T12:00:00Z,90.56164849641156,2024
2023-10-13T12:00:00Z,90.20729268834343,2024
2023-10-14T12:00:00Z,91.16918006169274,2024
2023-10-15T12:00:00Z,90.95239114561122,2024
2023-10-16T12:00:00Z,90.3758024525771,2024
2023-10-17T12:00:00Z,89.57868423416147,2024
2023-10-18T12:00:00Z,89.06844973092174,2024
2023-10-19T12:00:00Z,88.71781747700143,2024
2023-10-20T12:00:00Z,88.38363865312876,2024
2023-10-21T12:00:00Z,87.95144773459249,2024
2023-10-22T12:00:00Z,87.35933614592389,2024
2023-10-23T12:00:00Z,86.74812549391977,2024
2023-10-24T12:00:00Z,86.07524648939841,2024
2023-10-25T12:00:00Z,85.292408637108025,2024
2023-10-26T12:00:00Z,84.50060856206444,2024
2023-10-27T12:00:00Z,83.68163154478479,2024
2023-10-28T12:00:00Z,82.90244838529243,2024
2023-10-29T12:00:00Z,82.06229832677263,2024
2023-10-30T12:00:00Z,81.29127752101557,2024
2023-10-31T12:00:00Z,80.51210008471328,2024
2023-11-01T12:00:00Z,79.66592101730411,2024
2023-11-02T12:00:00Z,78.8094544711053,2024
2023-11-03T12:00:00Z,77.97650852443647,2024
2023-11-04T12:00:00Z,77.27639558834449,2024
2023-11-05T12:00:00Z,76.71868631034535,2024
2023-11-06T12:00:00Z,75.88575631126216,2024
2023-11-07T12:00:00Z,75.22131730727828,2024
2023-11-08T12:00:00Z,74.61855029201679,2024
2023-11-09T12:00:00Z,74.11762161346417,2024
2023-11-10T12:00:00Z,73.66672611064945,2024
2023-11-11T12:00:00Z,73.18401291818053,2024
2023-11-12T12:00:00Z,72.49634440329952,2024
2023-11-13T12:00:00Z,71.94518864476616,2024
2023-11-14T12:00:00Z,71.7991294563353,2024
2023-11-15T12:00:00Z,74.47216106018908,2024
2023-11-16T12:00:00Z,85.1411407507317,2024
2023-11-17T12:00:00Z,84.27957213275363,2024
2023-11-18T12:00:00Z,83.69978062264134,2024
2023-11-19T12:00:00Z,83.19500788486712,2024
2023-11-20T12:00:00Z,82.78756585490153,2024
2023-11-21T12:00:00Z,82.35409592123324,2024
2023-11-22T12:00:00Z,81.870162334568,2024
2023-11-23T12:00:00Z,81.37485006660778,2024
2023-11-24T12:00:00Z,80.74360166342586,2024
2023-11-25T12:00:00Z,80.63004243481137,2024
2023-11-26T12:00:00Z,80.2123807187415,2024
2023-11-27T12:00:00Z,79.75148465180011,2024
2023-11-28T12:00:00Z,79.02108264183956,2024
2023-11-29T12:00:00Z,78.21234088524702,2024
2023-11-30T12:00:00Z,77.74138130366481,2024
2023-12-01T12:00:00Z,77.28840443840554,2024
2023-12-02T12:00:00Z,76.83539232094988,2024
2023-12-03T12:00:00Z,76.36179295970639,2024
2023-12-04T12:00:00Z,75.84595520165986,2024
2023-12-05T12:00:00Z,75.34448303973238,2024
2023-12-06T12:00:00Z,74.44926363619489,2024
2023-12-07T12:00:00Z,73.71415236529721,2024
2023-12-08T12:00:00Z,73.27019687004982,2024
2023-12-09T12:00:00Z,72.87787852662011,2024
2023-12-10T12:00:00Z,72.39664860149308,2024
2023-12-11T12:00:00Z,71.81016132970305,2024
2023-12-12T12:00:00Z,71.10604240769888,2024
2023-12-13T12:00:00Z,71.23033725392983,2024
2023-12-14T12:00:00Z,71.49577678687285,2024
2023-12-15T12:00:00Z,71.41529205450414,2024
2023-12-16T12:00:00Z,72.02627607641924,2024
2023-12-17T12:00:00Z,75.12103605127363,2024
2023-12-18T12:00:00Z,74.60328804066457,2024
2023-12-19T12:00:00Z,73.92096589379634,2024
2023-12-20T12:00:00Z,73.58597023271128,2024
2023-12-21T12:00:00Z,73.23136488806365,2024
2023-12-22T12:00:00Z,72.79773272564115,2024
2023-12-23T12:00:00Z,72.46296870844337,2024
2023-12-24T12:00:00Z,72.27631176340415,2024
2023-12-25T12:00:00Z,72.08513288263367,2024
2023-12-26T12:00:00Z,73.19778606000601,2024
2023-12-27T12:00:00Z,72.79578748175535,2024
2023-12-28T12:00:00Z,73.31292176775827,2024
2023-12-29T12:00:00Z,73.13496998247446,2024
2023-12-30T12:00:00Z,72.79612461678197,2024
2023-12-31T12:00:00Z,72.4783287277176,2024
2024-01-01T12:00:00Z,72.07649159331342,2024
2024-01-02T12:00:00Z,71.64518023824435,2024
2024-01-03T12:00:00Z,71.27825935514801,2024
2024-01-04T12:00:00Z,70.90768528957173,2024
2024-01-05T12:00:00Z,70.51818408062162,2024
2024-01-06T12:00:00Z,70.33570331832071,2024
2024-01-07T12:00:00Z,71.00403107778713,2024
2024-01-08T12:00:00Z,70.84496055882208,2024
2024-01-09T12:00:00Z,70.8394464677011,2024
2024-01-10T12:00:00Z,70.62958162761979,2024
2024-01-11T12:00:00Z,70.61702221399592,2024
2024-01-12T12:00:00Z,70.83678613398413,2024
2024-01-13T12:00:00Z,70.69950919560351,2024
2024-01-14T12:00:00Z,71.79352570953094,2024
2024-01-15T12:00:00Z,71.85207362366639,2024
2024-01-16T12:00:00Z,71.73384252135169,2024
2024-01-17T12:00:00Z,71.50450607281498,2024
2024-01-18T12:00:00Z,71.31283392216821,2024
2024-01-19T12:00:00Z,71.35935091729213,2024
2024-01-20T12:00:00Z,71.24734335740884,2024
2024-01-21T12:00:00Z,70.83364277995841,2024
2024-01-22T12:00:00Z,70.6384954309492,2024
2024-01-23T12:00:00Z,70.50283600430183,2024
2024-01-24T12:00:00Z,70.37709514066425,2024
2024-01-25T12:00:00Z,70.20749766825199,2024
2024-01-26T12:00:00Z,69.99705033053448,2024
2024-01-27T12:00:00Z,69.8381278685059,2024
2024-01-28T12:00:00Z,69.54019338496802,2024
2024-01-29T12:00:00Z,68.74582772349339,2024
2024-01-30T12:00:00Z,68.37611674976407,2024
2024-01-31T12:00:00Z,68.00398652798127,2024
2024-02-01T12:00:00Z,67.59227125217046,2024
2024-02-02T12:00:00Z,67.26087765845269,2024
2024-02-03T12:00:00Z,66.86203388518463,2024
2024-02-04T12:00:00Z,67.14997306096032,2024
2024-02-05T12:00:00Z,67.11881735286244,2024
2024-02-06T12:00:00Z,66.6508016740768,2024
2024-02-07T12:00:00Z,66.05640277507852,2024
2024-02-08T12:00:00Z,65.66997268347234,2024
2024-02-09T12:00:00Z,65.27266224458965,2024
2024-02-10T12:00:00Z,64.84405381191829,2024
2024-02-11T12:00:00Z,64.37136437382323,2024
2024-02-12T12:00:00Z,63.84709614168475,2024
2024-02-13T12:00:00Z,63.62342971316625,2024
2024-02-14T12:00:00Z,62.97377425607408,2024
2024-02-15T12:00:00Z,62.52590556794037,2024
2024-02-16T12:00:00Z,61.93522408341818,2024
2024-02-17T12:00:00Z,61.4779121888635,2024
2024-02-18T12:00:00Z,63.81322652476951,2024
2024-02-19T12:00:00Z,67.79616106350264,2024
2024-02-20T12:00:00Z,67.44337638438499,2024
2024-02-21T12:00:00Z,66.85052510371949,2024
2024-02-22T12:00:00Z,66.38441280326089,2024
2024-02-23T12:00:00Z,65.92941639333266,2024
2024-02-24T12:00:00Z,65.52286629542378,2024
2024-02-25T12:00:00Z,64.9416609376794,2024
2024-02-26T12:00:00Z,64.44334230154091,2024
2024-02-27T12:00:00Z,63.942871011369014,2024
2024-02-28T12:00:00Z,63.509712207796476,2024
2024-02-29T12:00:00Z,63.06738558828151,2024
2024-03-01T12:00:00Z,62.49704686366804,2024
2024-03-02T12:00:00Z,62.04392423669807,2024
2024-03-03T12:00:00Z,61.621333977528224,2024
2024-03-04T12:00:00Z,61.57853294605972,2024
2024-03-05T12:00:00Z,61.20574934924514,2024
2024-03-06T12:00:00Z,62.9862607190476,2024
2024-03-07T12:00:00Z,64.33340320003626,2024
2024-03-08T12:00:00Z,64.25386791538176,2024
2024-03-09T12:00:00Z,63.77545818427257,2024
2024-03-10T12:00:00Z,63.11496110354345,2024
2024-03-11T12:00:00Z,62.41000769648927,2024
2024-03-12T12:00:00Z,61.77996882236712,2024
2024-03-13T12:00:00Z,61.20919578749045,2024
2024-03-14T12:00:00Z,60.617894198412515,2024
2024-03-15T12:00:00Z,60.0554903141381,2024
2024-03-16T12:00:00Z,59.38934962564982,2024
2024-03-17T12:00:00Z,58.74364957025685,2024
2024-03-18T12:00:00Z,58.11195096414677,2024
2024-03-19T12:00:00Z,57.337544050485555,2024
2024-03-20T12:00:00Z,56.40534486867885,2024
2024-03-21T12:00:00Z,55.87027904782813,2024
2024-03-22T12:00:00Z,58.6156624563454,2024
2024-03-23T12:00:00Z,63.315002249183955,2024
2024-03-24T12:00:00Z,62.963049274758085,2024
2024-03-25T12:00:00Z,62.49024733856329,2024
2024-03-26T12:00:00Z,61.91696455096798,2024
2024-03-27T12:00:00Z,61.32527951959657,2024
2024-03-28T12:00:00Z,60.62164549893366,2024
2024-03-29T12:00:00Z,59.76088929019006,2024
2024-03-30T12:00:00Z,59.12338634186615,2024
2024-03-31T12:00:00Z,58.49253242689475,2024
2024-04-01T12:00:00Z,57.846558559992104,2024
2024-04-02T12:00:00Z,57.45785965716403,2024
2024-04-03T12:00:00Z,56.81137076722839,2024
2024-04-04T12:00:00Z,56.67298523022446,2024
2024-04-05T12:00:00Z,56.04998809045564,2024
2024-04-06T12:00:00Z,55.298190933255,2024
2024-04-07T12:00:00Z,54.67837289628256,2024
2024-04-08T12:00:00Z,54.054818144799995,2024
2024-04-09T12:00:00Z,53.38673390581283,2024
2024-04-10T12:00:00Z,52.722270816832726,2024
2024-04-11T12:00:00Z,51.95527478214074,2024
2024-04-12T12:00:00Z,51.25264095816701,2024
2024-04-13T12:00:00Z,50.44293996196488,2024
2024-04-14T12:00:00Z,49.662522327992896,2024
2024-04-15T12:00:00Z,48.93378661303872,2024
2024-04-16T12:00:00Z,48.1404451806172,2024
2024-04-17T12:00:00Z,47.35906663882067,2024
2024-04-18T12:00:00Z,46.54135438247434,2024
2024-04-19T12:00:00Z,45.80606994217001,2024
2024-04-20T12:00:00Z,45.02496524392021,2024
2024-04-21T12:00:00Z,44.179626757753915,2024
2024-04-22T12:00:00Z,43.565741618522,2024
2024-04-23T12:00:00Z,43.47856790717662,2024
2024-04-24T12:00:00Z,42.69918650928628,2024
2024-04-25T12:00:00Z,42.00426233494146,2024
2024-04-26T12:00:00Z,41.282779691315156,2024
2024-04-27T12:00:00Z,40.54848206765507,2024
2024-04-28T12:00:00Z,39.884788405630644,2024
2024-04-29T12:00:00Z,39.25856350107542,2024
2024-04-30T12:00:00Z,38.73687070676075,2024
2024-05-01T12:00:00Z,38.9532003168153,2024
2024-05-02T12:00:00Z,38.2401743673177,2024
2024-05-03T12:00:00Z,37.51728602491172,2024
2024-05-04T12:00:00Z,36.7639522335096,2024
2024-05-05T12:00:00Z,35.924695125367016,2024
2024-05-06T12:00:00Z,35.06520057453963,2024
2024-05-07T12:00:00Z,34.21406792021112,2024
2024-05-08T12:00:00Z,33.40801082032129,2024
2024-05-09T12:00:00Z,32.413922333331186,2024
2024-05-10T12:00:00Z,31.392161895074597,2024
2024-05-11T12:00:00Z,30.446209944717598,2024
2024-05-12T12:00:00Z,29.601062605319512,2024
2024-05-13T12:00:00Z,28.770139526019356,2024
2024-05-14T12:00:00Z,27.74089559682058,2024
2024-05-15T12:00:00Z,26.823549310676196,2024
2024-05-16T12:00:00Z,26.20374430591787,2024
2024-05-17T12:00:00Z,25.698808613979107,2024
2024-05-18T12:00:00Z,24.801073780300094,2024
2024-05-19T12:00:00Z,23.946320870713553,2024
2024-05-20T12:00:00Z,23.016484167308384,2024
2024-05-21T12:00:00Z,22.331734083481155,2024
2024-05-22T12:00:00Z,21.771288406655827,2024
2024-05-23T12:00:00Z,20.976580394980573,2024
2024-05-24T12:00:00Z,20.128189636120627,2024
2024-05-25T12:00:00Z,19.336078630068663,2024
2024-05-26T12:00:00Z,20.164787011012105,2024
2024-05-27T12:00:00Z,19.41811789619615,2024
2024-05-28T12:00:00Z,18.829542403744593,2024
2024-05-29T12:00:00Z,19.219880203036542,2024
2024-05-30T12:00:00Z,21.06555206216447,2024
