time,avg_depth,year
1995-06-01T12:00:00Z,13.259209182271762,1996
1995-06-02T12:00:00Z,14.26581883865986,1996
1995-06-03T12:00:00Z,15.932933414420232,1996
1995-06-04T12:00:00Z,16.868362749743763,1996
1995-06-05T12:00:00Z,17.56267743446918,1996
1995-06-06T12:00:00Z,18.663380735557997,1996
1995-06-07T12:00:00Z,19.326586917851277,1996
1995-06-08T12:00:00Z,19.56979938760677,1996
1995-06-09T12:00:00Z,19.67802864517451,1996
1995-06-10T12:00:00Z,19.554152430563317,1996
1995-06-11T12:00:00Z,19.728909689228868,1996
1995-06-12T12:00:00Z,20.673343668394995,1996
1995-06-13T12:00:00Z,20.92628927643572,1996
1995-06-14T12:00:00Z,20.919602439791166,1996
1995-06-15T12:00:00Z,20.44494804901661,1996
1995-06-16T12:00:00Z,20.318008313998654,1996
1995-06-17T12:00:00Z,20.74830651187523,1996
1995-06-18T12:00:00Z,20.913917515887334,1996
1995-06-19T12:00:00Z,20.93090057666108,1996
1995-06-20T12:00:00Z,22.87323750939939,1996
1995-06-21T12:00:00Z,29.982748229636737,1996
1995-06-22T12:00:00Z,37.0057213432992,1996
1995-06-23T12:00:00Z,38.766103420855366,1996
1995-06-24T12:00:00Z,38.48958818004134,1996
1995-06-25T12:00:00Z,38.011242391266855,1996
1995-06-26T12:00:00Z,37.07206601396013,1996
1995-06-27T12:00:00Z,36.16037520680442,1996
1995-06-28T12:00:00Z,35.27179908154643,1996
1995-06-29T12:00:00Z,34.7343107322521,1996
1995-06-30T12:00:00Z,34.39651139209833,1996
1995-07-01T12:00:00Z,33.61771155972906,1996
1995-07-02T12:00:00Z,32.690300591755566,1996
1995-07-03T12:00:00Z,31.87445901624136,1996
1995-07-04T12:00:00Z,31.392205397412546,1996
1995-07-05T12:00:00Z,30.76463553982547,1996
1995-07-06T12:00:00Z,30.018513077503318,1996
1995-07-07T12:00:00Z,29.60167375764464,1996
1995-07-08T12:00:00Z,29.394970833146022,1996
1995-07-09T12:00:00Z,29.13184081384881,1996
1995-07-10T12:00:00Z,30.053192031068267,1996
1995-07-11T12:00:00Z,32.51044910367392,1996
1995-07-12T12:00:00Z,32.46623096279253,1996
1995-07-13T12:00:00Z,32.01618745572186,1996
1995-07-14T12:00:00Z,31.30055729990258,1996
1995-07-15T12:00:00Z,31.079194100946918,1996
1995-07-16T12:00:00Z,31.007314658842173,1996
1995-07-17T12:00:00Z,30.52688351480781,1996
1995-07-18T12:00:00Z,30.907821272122405,1996
1995-07-19T12:00:00Z,31.273808286332475,1996
1995-07-20T12:00:00Z,30.90290493129166,1996
1995-07-21T12:00:00Z,30.38424226581525,1996
1995-07-22T12:00:00Z,30.127657665118182,1996
1995-07-23T12:00:00Z,29.53833959263756,1996
1995-07-24T12:00:00Z,28.950287574698944,1996
1995-07-25T12:00:00Z,28.354090802279558,1996
1995-07-26T12:00:00Z,28.941858919920815,1996
1995-07-27T12:00:00Z,31.78275158832636,1996
1995-07-28T12:00:00Z,33.63845566507651,1996
1995-07-29T12:00:00Z,33.97374127207727,1996
1995-07-30T12:00:00Z,34.41971177139432,1996
1995-07-31T12:00:00Z,34.35834719333779,1996
1995-08-01T12:00:00Z,33.871450250552755,1996
1995-08-02T12:00:00Z,33.30623218842749,1996
1995-08-03T12:00:00Z,33.222835073928756,1996
1995-08-04T12:00:00Z,34.984118522976566,1996
1995-08-05T12:00:00Z,35.16519073575998,1996
1995-08-06T12:00:00Z,34.46717202908612,1996
1995-08-07T12:00:00Z,33.680172981127704,1996
1995-08-08T12:00:00Z,33.01060807557811,1996
1995-08-09T12:00:00Z,32.43474157400626,1996
1995-08-10T12:00:00Z,32.03728623983325,1996
1995-08-11T12:00:00Z,31.5269597593414,1996
1995-08-12T12:00:00Z,31.317112511682463,1996
1995-08-13T12:00:00Z,31.081754297560973,1996
1995-08-14T12:00:00Z,30.798345784552534,1996
1995-08-15T12:00:00Z,30.681058092051924,1996
1995-08-16T12:00:00Z,30.401483699133536,1996
1995-08-17T12:00:00Z,29.972795218095023,1996
1995-08-18T12:00:00Z,29.62699115614933,1996
1995-08-19T12:00:00Z,29.503598198904697,1996
1995-08-20T12:00:00Z,29.32070161705503,1996
1995-08-21T12:00:00Z,29.14548761926365,1996
1995-08-22T12:00:00Z,29.077946502618293,1996
1995-08-23T12:00:00Z,30.029608837374276,1996
1995-08-24T12:00:00Z,35.49674649962482,1996
1995-08-25T12:00:00Z,37.76969409516696,1996
1995-08-26T12:00:00Z,37.69873553256447,1996
1995-08-27T12:00:00Z,37.73354265874327,1996
1995-08-28T12:00:00Z,37.69076273831284,1996
1995-08-29T12:00:00Z,37.10490081788978,1996
1995-08-30T12:00:00Z,36.50157169132812,1996
1995-08-31T12:00:00Z,36.26629977408399,1996
1995-09-01T12:00:00Z,36.40570728150684,1996
1995-09-02T12:00:00Z,36.9991305551146,1996
1995-09-03T12:00:00Z,37.17733862565851,1996
1995-09-04T12:00:00Z,37.05785440721428,1996
1995-09-05T12:00:00Z,37.27654677035176,1996
1995-09-06T12:00:00Z,38.46056327698397,1996
1995-09-07T12:00:00Z,38.813132586932205,1996
1995-09-08T12:00:00Z,39.327748978173,1996
1995-09-09T12:00:00Z,39.690326199638974,1996
1995-09-10T12:00:00Z,40.2515777562671,1996
1995-09-11T12:00:00Z,40.84021312861204,1996
1995-09-12T12:00:00Z,40.8715765368343,1996
1995-09-13T12:00:00Z,40.67542781596319,1996
1995-09-14T12:00:00Z,40.17272253512869,1996
1995-09-15T12:00:00Z,39.668976895932936,1996
1995-09-16T12:00:00Z,39.650328086569075,1996
1995-09-17T12:00:00Z,39.49313285185004,1996
1995-09-18T12:00:00Z,39.2664803176155,1996
1995-09-19T12:00:00Z,39.07771099849032,1996
1995-09-20T12:00:00Z,39.192483942142076,1996
1995-09-21T12:00:00Z,38.85097055145622,1996
1995-09-22T12:00:00Z,39.01256082648745,1996
1995-09-23T12:00:00Z,39.24595781199262,1996
1995-09-24T12:00:00Z,38.95667637555069,1996
1995-09-25T12:00:00Z,38.585332871510865,1996
1995-09-26T12:00:00Z,38.14278780370221,1996
1995-09-27T12:00:00Z,38.18381378872505,1996
1995-09-28T12:00:00Z,39.87070311435173,1996
1995-09-29T12:00:00Z,40.64636173790045,1996
1995-09-30T12:00:00Z,40.58234677254045,1996
1995-10-01T12:00:00Z,40.57792465058643,1996
1995-10-02T12:00:00Z,40.814019245405504,1996
1995-10-03T12:00:00Z,40.678898712610284,1996
1995-10-04T12:00:00Z,40.27114063350741,1996
1995-10-05T12:00:00Z,40.27355495923647,1996
1995-10-06T12:00:00Z,42.021158328882976,1996
1995-10-07T12:00:00Z,42.29349385494116,1996
1995-10-08T12:00:00Z,42.3617893834539,1996
1995-10-09T12:00:00Z,43.30840405792027,1996
1995-10-10T12:00:00Z,44.15507596919166,1996
1995-10-11T12:00:00Z,44.09844242884293,1996
1995-10-12T12:00:00Z,43.63105784219112,1996
1995-10-13T12:00:00Z,43.707423439548954,1996
1995-10-14T12:00:00Z,45.43066512060212,1996
1995-10-15T12:00:00Z,46.9972372312854,1996
1995-10-16T12:00:00Z,48.98764074887865,1996
1995-10-17T12:00:00Z,50.22981032465861,1996
1995-10-18T12:00:00Z,51.61776716902954,1996
1995-10-19T12:00:00Z,51.88512472830837,1996
1995-10-20T12:00:00Z,51.41531092674562,1996
1995-10-21T12:00:00Z,50.93250807520224,1996
1995-10-22T12:00:00Z,51.07733916302269,1996
1995-10-23T12:00:00Z,52.14658619136231,1996
1995-10-24T12:00:00Z,52.147062338811295,1996
1995-10-25T12:00:00Z,51.48799874812919,1996
1995-10-26T12:00:00Z,50.79822351397777,1996
1995-10-27T12:00:00Z,50.10490106251985,1996
1995-10-28T12:00:00Z,49.416132084606446,1996
1995-10-29T12:00:00Z,48.73444522031958,1996
1995-10-30T12:00:00Z,47.945729067743585,1996
1995-10-31T12:00:00Z,47.35459798818471,1996
1995-11-01T12:00:00Z,46.798367992554304,1996
1995-11-02T12:00:00Z,46.29239528844686,1996
1995-11-03T12:00:00Z,46.147256385287626,1996
1995-11-04T12:00:00Z,46.366291479452585,1996
1995-11-05T12:00:00Z,45.99817835698515,1996
1995-11-06T12:00:00Z,45.50096424926623,1996
1995-11-07T12:00:00Z,44.99739384926731,1996
1995-11-08T12:00:00Z,44.60548045263935,1996
1995-11-09T12:00:00Z,44.140193957516544,1996
1995-11-10T12:00:00Z,43.61605357376532,1996
1995-11-11T12:00:00Z,43.19982646499395,1996
1995-11-12T12:00:00Z,42.97032851976699,1996
1995-11-13T12:00:00Z,42.52943893277563,1996
1995-11-14T12:00:00Z,42.239976299521274,1996
1995-11-15T12:00:00Z,41.735603156075776,1996
1995-11-16T12:00:00Z,41.2716788652478,1996
1995-11-17T12:00:00Z,40.87766154183697,1996
1995-11-18T12:00:00Z,40.521398620530746,1996
1995-11-19T12:00:00Z,40.28771154980935,1996
1995-11-20T12:00:00Z,40.00455994928269,1996
1995-11-21T12:00:00Z,39.77094882811902,1996
1995-11-22T12:00:00Z,39.42405584486645,1996
1995-11-23T12:00:00Z,39.029055235645096,1996
1995-11-24T12:00:00Z,38.758670008077445,1996
1995-11-25T12:00:00Z,38.646786673412265,1996
1995-11-26T12:00:00Z,38.358341770190805,1996
1995-11-27T12:00:00Z,38.02812757618163,1996
1995-11-28T12:00:00Z,37.793095248686576,1996
1995-11-29T12:00:00Z,37.80527488155533,1996
1995-11-30T12:00:00Z,37.73088091416877,1996
1995-12-01T12:00:00Z,37.48522524240551,1996
1995-12-02T12:00:00Z,37.19755434336088,1996
1995-12-03T12:00:00Z,36.90018946169406,1996
1995-12-04T12:00:00Z,36.696790799618235,1996
1995-12-05T12:00:00Z,36.51587165833454,1996
1995-12-06T12:00:00Z,36.26308211850606,1996
1995-12-07T12:00:00Z,35.970230487511515,1996
1995-12-08T12:00:00Z,35.74854833502961,1996
1995-12-09T12:00:00Z,35.57367351949507,1996
1995-12-10T12:00:00Z,35.57427693959198,1996
1995-12-11T12:00:00Z,35.22175290633602,1996
1995-12-12T12:00:00Z,34.81192883632559,1996
1995-12-13T12:00:00Z,34.743461543409175,1996
1995-12-14T12:00:00Z,34.44666962474147,1996
1995-12-15T12:00:00Z,34.151238507225045,1996
1995-12-16T12:00:00Z,33.90010869995737,1996
1995-12-17T12:00:00Z,33.63187450405199,1996
1995-12-18T12:00:00Z,33.35417920814555,1996
1995-12-19T12:00:00Z,33.22238787906527,1996
1995-12-20T12:00:00Z,33.32378150935738,1996
1995-12-21T12:00:00Z,33.041277481152896,1996
1995-12-22T12:00:00Z,32.72639214030442,1996
1995-12-23T12:00:00Z,32.58101012944942,1996
1995-12-24T12:00:00Z,32.238726774041965,1996
1995-12-25T12:00:00Z,31.844820763758886,1996
1995-12-26T12:00:00Z,31.572174883075608,1996
1995-12-27T12:00:00Z,31.287037955441974,1996
1995-12-28T12:00:00Z,31.300175336268925,1996
1995-12-29T12:00:00Z,31.38795871417039,1996
1995-12-30T12:00:00Z,31.211097892467937,1996
1995-12-31T12:00:00Z,31.188974932942404,1996
1996-01-01T12:00:00Z,31.225621001937597,1996
1996-01-02T12:00:00Z,31.106363980076573,1996
1996-01-03T12:00:00Z,32.27609511825177,1996
1996-01-04T12:00:00Z,32.98306419898434,1996
1996-01-05T12:00:00Z,32.663087600171856,1996
1996-01-06T12:00:00Z,32.31206184937368,1996
1996-01-07T12:00:00Z,32.48150064662668,1996
1996-01-08T12:00:00Z,32.27663929067793,1996
1996-01-09T12:00:00Z,31.823907215845107,1996
1996-01-10T12:00:00Z,31.499887354460334,1996
1996-01-11T12:00:00Z,31.167734526350262,1996
1996-01-12T12:00:00Z,30.850902574396276,1996
1996-01-13T12:00:00Z,30.471430872329652,1996
1996-01-14T12:00:00Z,30.114123585852308,1996
1996-01-15T12:00:00Z,29.821653427082925,1996
1996-01-16T12:00:00Z,29.553220297096992,1996
1996-01-17T12:00:00Z,29.284805954028062,1996
1996-01-18T12:00:00Z,29.049087896636603,1996
1996-01-19T12:00:00Z,28.81540022540863,1996
1996-01-20T12:00:00Z,28.568595006393522,1996
1996-01-21T12:00:00Z,28.201139445846625,1996
1996-01-22T12:00:00Z,27.914070263828986,1996
1996-01-23T12:00:00Z,27.65233156809494,1996
1996-01-24T12:00:00Z,27.192696253676605,1996
1996-01-25T12:00:00Z,26.848388032464857,1996
1996-01-26T12:00:00Z,26.618225647676937,1996
1996-01-27T12:00:00Z,26.327540218841786,1996
1996-01-28T12:00:00Z,25.983087603340653,1996
1996-01-29T12:00:00Z,25.69956257955101,1996
1996-01-30T12:00:00Z,25.55180013179779,1996
1996-01-31T12:00:00Z,25.246789754219318,1996
1996-02-01T12:00:00Z,24.68071857387826,1996
1996-02-02T12:00:00Z,24.376556995957653,1996
1996-02-03T12:00:00Z,24.324495546661325,1996
1996-02-04T12:00:00Z,24.111336242977483,1996
1996-02-05T12:00:00Z,23.614121743957863,1996
1996-02-06T12:00:00Z,23.18218837816498,1996
1996-02-07T12:00:00Z,22.7641264066932,1996
1996-02-08T12:00:00Z,22.27153160333867,1996
1996-02-09T12:00:00Z,21.883397415639372,1996
1996-02-10T12:00:00Z,21.537884083848507,1996
1996-02-11T12:00:00Z,21.17808121968787,1996
1996-02-12T12:00:00Z,20.816968729604586,1996
1996-02-13T12:00:00Z,20.327136974341723,1996
1996-02-14T12:00:00Z,19.829805088872188,1996
1996-02-15T12:00:00Z,19.35832401336582,1996
1996-02-16T12:00:00Z,19.103198666215295,1996
1996-02-17T12:00:00Z,18.770259989014335,1996
1996-02-18T12:00:00Z,18.381158137841044,1996
1996-02-19T12:00:00Z,18.01695969369806,1996
1996-02-20T12:00:00Z,17.716073394738263,1996
1996-02-21T12:00:00Z,17.412004004239336,1996
1996-02-22T12:00:00Z,17.073776698941465,1996
1996-02-23T12:00:00Z,16.706122840198084,1996
1996-02-24T12:00:00Z,16.30963011329426,1996
1996-02-25T12:00:00Z,16.00179950991293,1996
1996-02-26T12:00:00Z,15.684473383809047,1996
1996-02-27T12:00:00Z,15.322816448967382,1996
1996-02-28T12:00:00Z,14.947227516183657,1996
1996-02-29T12:00:00Z,14.543417616630745,1996
1996-03-01T12:00:00Z,14.1852261060307,1996
1996-03-02T12:00:00Z,13.998782907521223,1996
1996-03-03T12:00:00Z,13.849149833340837,1996
1996-03-04T12:00:00Z,13.52383885035669,1996
1996-03-05T12:00:00Z,13.138382875428961,1996
1996-03-06T12:00:00Z,12.522460546170112,1996
1996-03-07T12:00:00Z,12.137146110872097,1996
1996-03-08T12:00:00Z,11.903900190204178,1996
1996-03-09T12:00:00Z,11.442229081198471,1996
1996-03-10T12:00:00Z,11.569907172863443,1996
1996-03-11T12:00:00Z,12.672832106280048,1996
1996-03-12T12:00:00Z,12.61077494138485,1996
1996-03-13T12:00:00Z,12.27246858046466,1996
1996-03-14T12:00:00Z,11.9078408797942,1996
1996-03-15T12:00:00Z,11.585992531815542,1996
1996-03-16T12:00:00Z,11.186091922213352,1996
1996-03-17T12:00:00Z,10.829506314349572,1996
1996-03-18T12:00:00Z,10.404372014165158,1996
1996-03-19T12:00:00Z,10.161942996929723,1996
1996-03-20T12:00:00Z,9.753781462892029,1996
1996-03-21T12:00:00Z,9.33168191422328,1996
1996-03-22T12:00:00Z,8.907254141960275,1996
1996-03-23T12:00:00Z,8.515191327906729,1996
1996-03-24T12:00:00Z,8.11671186304933,1996
1996-03-25T12:00:00Z,7.7651948950199605,1996
1996-03-26T12:00:00Z,7.687709396015069,1996
1996-03-27T12:00:00Z,7.401666981875021,1996
1996-03-28T12:00:00Z,7.264469721997987,1996
1996-03-29T12:00:00Z,7.108634912751681,1996
1996-03-30T12:00:00Z,6.94369748059029,1996
1996-03-31T12:00:00Z,6.7458772412009615,1996
1996-04-01T12:00:00Z,6.5687169040568785,1996
1996-04-02T12:00:00Z,6.273793634716841,1996
1996-04-03T12:00:00Z,5.921352308959381,1996
1996-04-04T12:00:00Z,5.662583506368575,1996
1996-04-05T12:00:00Z,5.42458159555184,1996
1996-04-06T12:00:00Z,5.193870202468728,1996
1996-04-07T12:00:00Z,5.020076883960074,1996
1996-04-08T12:00:00Z,6.0513177961490525,1996
1996-04-09T12:00:00Z,7.6701248981704415,1996
1996-04-10T12:00:00Z,8.129105698653698,1996
1996-04-11T12:00:00Z,7.682835581335335,1996
1996-04-12T12:00:00Z,7.329289126215206,1996
1996-04-13T12:00:00Z,7.035073104883151,1996
1996-04-14T12:00:00Z,6.730809618093358,1996
1996-04-15T12:00:00Z,6.414431010920055,1996
1996-04-16T12:00:00Z,6.076537610254781,1996
1996-04-17T12:00:00Z,5.726202993522545,1996
1996-04-18T12:00:00Z,5.363347540400287,1996
1996-04-19T12:00:00Z,5.022216848563494,1996
1996-04-20T12:00:00Z,4.702154808718415,1996
1996-04-21T12:00:00Z,4.434180121008493,1996
1996-04-22T12:00:00Z,4.165733647066279,1996
1996-04-23T12:00:00Z,3.93395760562581,1996
1996-04-24T12:00:00Z,3.7197243409105427,1996
1996-04-25T12:00:00Z,3.5288664689085043,1996
1996-04-26T12:00:00Z,3.437600321085516,1996
1996-04-27T12:00:00Z,3.367505074586504,1996
1996-04-28T12:00:00Z,3.1932455094974492,1996
1996-04-29T12:00:00Z,3.084405233524922,1996
1996-04-30T12:00:00Z,3.139547920262078,1996
1996-05-01T12:00:00Z,3.748100122100109,1996
1996-05-02T12:00:00Z,4.331577523144639,1996
1996-05-03T12:00:00Z,5.3503611781746585,1996
1996-05-04T12:00:00Z,5.3523968502193195,1996
1996-05-05T12:00:00Z,4.925187932528432,1996
1996-05-06T12:00:00Z,4.562310468753568,1996
1996-05-07T12:00:00Z,4.216241261039028,1996
1996-05-08T12:00:00Z,3.8853135699214714,1996
1996-05-09T12:00:00Z,3.670060546145967,1996
1996-05-10T12:00:00Z,3.6733750880319156,1996
1996-05-11T12:00:00Z,3.381690768274341,1996
1996-05-12T12:00:00Z,3.2122772805604365,1996
1996-05-13T12:00:00Z,3.108019145720444,1996
1996-05-14T12:00:00Z,3.1936153731780466,1996
1996-05-15T12:00:00Z,3.386018344453453,1996
1996-05-16T12:00:00Z,3.163182988824153,1996
1996-05-17T12:00:00Z,2.940490240226413,1996
1996-05-18T12:00:00Z,2.7434752143211627,1996
1996-05-19T12:00:00Z,2.599039582022257,1996
1996-05-20T12:00:00Z,2.5219574203570607,1996
1996-05-21T12:00:00Z,4.110165995549152,1996
1996-05-22T12:00:00Z,5.893689067911331,1996
1996-05-23T12:00:00Z,5.963028152594954,1996
1996-05-24T12:00:00Z,6.263211487532829,1996
1996-05-25T12:00:00Z,6.765359186565724,1996
1996-05-26T12:00:00Z,7.077056913073453,1996
1996-05-27T12:00:00Z,7.561821386121746,1996
1996-05-28T12:00:00Z,7.823920886838821,1996
1996-05-29T12:00:00Z,7.849578278562114,1996
1996-05-30T12:00:00Z,7.737978034184098,1996
1996-06-01T12:00:00Z,7.487477598934053,1997
1996-06-02T12:00:00Z,7.186580123665517,1997
1996-06-03T12:00:00Z,6.828257307111779,1997
1996-06-04T12:00:00Z,6.7104963979921894,1997
1996-06-05T12:00:00Z,6.5926161854145695,1997
1996-06-06T12:00:00Z,6.388144320001448,1997
1996-06-07T12:00:00Z,6.609890470845692,1997
1996-06-08T12:00:00Z,7.013800202807764,1997
1996-06-09T12:00:00Z,6.87185285250774,1997
1996-06-10T12:00:00Z,10.701522664482049,1997
1996-06-11T12:00:00Z,10.945717870873873,1997
1996-06-12T12:00:00Z,11.518180145783008,1997
1996-06-13T12:00:00Z,11.962677709969904,1997
1996-06-14T12:00:00Z,11.75748149458972,1997
1996-06-15T12:00:00Z,11.28545849769286,1997
1996-06-16T12:00:00Z,10.904231955162109,1997
1996-06-17T12:00:00Z,11.223350040452605,1997
1996-06-18T12:00:00Z,11.894055358483206,1997
1996-06-19T12:00:00Z,13.721301460919955,1997
1996-06-20T12:00:00Z,17.185207604661393,1997
1996-06-21T12:00:00Z,19.811379457711006,1997
1996-06-22T12:00:00Z,20.064809435565138,1997
1996-06-23T12:00:00Z,20.346545913800902,1997
1996-06-24T12:00:00Z,21.354663166173175,1997
1996-06-25T12:00:00Z,21.849755401779458,1997
1996-06-26T12:00:00Z,21.901657417215166,1997
1996-06-27T12:00:00Z,21.731512644055073,1997
1996-06-28T12:00:00Z,21.779727601491274,1997
1996-06-29T12:00:00Z,21.728190200686104,1997
1996-06-30T12:00:00Z,21.94481956536109,1997
1996-07-01T12:00:00Z,22.019422753994427,1997
1996-07-02T12:00:00Z,21.798584454767152,1997
1996-07-03T12:00:00Z,21.640350707761222,1997
1996-07-04T12:00:00Z,21.37068226325757,1997
1996-07-05T12:00:00Z,21.317554393968198,1997
1996-07-06T12:00:00Z,20.984787965171133,1997
1996-07-07T12:00:00Z,20.486628958807636,1997
1996-07-08T12:00:00Z,19.938590752576403,1997
1996-07-09T12:00:00Z,19.623421991957272,1997
1996-07-10T12:00:00Z,19.694375651216646,1997
1996-07-11T12:00:00Z,19.33473852916049,1997
1996-07-12T12:00:00Z,19.173287533476117,1997
1996-07-13T12:00:00Z,19.78069034115458,1997
1996-07-14T12:00:00Z,20.12087259743286,1997
1996-07-15T12:00:00Z,19.783313104408144,1997
1996-07-16T12:00:00Z,21.452165107605623,1997
1996-07-17T12:00:00Z,21.623266002550412,1997
1996-07-18T12:00:00Z,21.25199603226463,1997
1996-07-19T12:00:00Z,20.92345611617684,1997
1996-07-20T12:00:00Z,20.52798889418891,1997
1996-07-21T12:00:00Z,20.487378907343782,1997
1996-07-22T12:00:00Z,20.584960564915512,1997
1996-07-23T12:00:00Z,20.369917413840447,1997
1996-07-24T12:00:00Z,20.22903080122011,1997
1996-07-25T12:00:00Z,19.925501883800536,1997
1996-07-26T12:00:00Z,19.576445560579085,1997
1996-07-27T12:00:00Z,19.200344298565422,1997
1996-07-28T12:00:00Z,18.817245176279815,1997
1996-07-29T12:00:00Z,18.489251666869986,1997
1996-07-30T12:00:00Z,18.300168737013124,1997
1996-07-31T12:00:00Z,18.125341327218422,1997
1996-08-01T12:00:00Z,18.225306115123598,1997
1996-08-02T12:00:00Z,18.521689958833925,1997
1996-08-03T12:00:00Z,18.989657999883086,1997
1996-08-04T12:00:00Z,19.305413974633296,1997
1996-08-05T12:00:00Z,19.086348234216274,1997
1996-08-06T12:00:00Z,19.78893279039778,1997
1996-08-07T12:00:00Z,19.716904757819144,1997
1996-08-08T12:00:00Z,19.547624298188758,1997
1996-08-09T12:00:00Z,19.95378742767361,1997
1996-08-10T12:00:00Z,20.0342853599851,1997
1996-08-11T12:00:00Z,19.75503463578154,1997
1996-08-12T12:00:00Z,19.420989661819206,1997
1996-08-13T12:00:00Z,19.09493080763462,1997
1996-08-14T12:00:00Z,18.88275865784588,1997
1996-08-15T12:00:00Z,18.73263632763728,1997
1996-08-16T12:00:00Z,18.72100225985342,1997
1996-08-17T12:00:00Z,18.635083274463014,1997
1996-08-18T12:00:00Z,18.55809638025011,1997
1996-08-19T12:00:00Z,19.241155895190886,1997
1996-08-20T12:00:00Z,21.04885845806643,1997
1996-08-21T12:00:00Z,22.173156711917432,1997
1996-08-22T12:00:00Z,22.513092231913948,1997
1996-08-23T12:00:00Z,23.480571327900677,1997
1996-08-24T12:00:00Z,24.290443622914164,1997
1996-08-25T12:00:00Z,24.18154574554417,1997
1996-08-26T12:00:00Z,24.724933923983784,1997
1996-08-27T12:00:00Z,25.634897081648802,1997
1996-08-28T12:00:00Z,25.71385487265498,1997
1996-08-29T12:00:00Z,25.522142114204943,1997
1996-08-30T12:00:00Z,25.493638095589507,1997
1996-08-31T12:00:00Z,25.497043073235716,1997
1996-09-01T12:00:00Z,25.204167993878993,1997
1996-09-02T12:00:00Z,25.089233530373345,1997
1996-09-03T12:00:00Z,25.045249825219802,1997
1996-09-04T12:00:00Z,24.578280993913694,1997
1996-09-05T12:00:00Z,24.075705056722907,1997
1996-09-06T12:00:00Z,23.69168437897984,1997
1996-09-07T12:00:00Z,23.649860160824836,1997
1996-09-08T12:00:00Z,23.64727039192379,1997
1996-09-09T12:00:00Z,24.117994871896112,1997
1996-09-10T12:00:00Z,25.813261188699496,1997
1996-09-11T12:00:00Z,26.525678088686025,1997
1996-09-12T12:00:00Z,26.486372632354527,1997
1996-09-13T12:00:00Z,26.43282191447483,1997
1996-09-14T12:00:00Z,26.074043556198436,1997
1996-09-15T12:00:00Z,25.66832982043678,1997
1996-09-16T12:00:00Z,25.947402135912515,1997
1996-09-17T12:00:00Z,26.30225045856136,1997
1996-09-18T12:00:00Z,26.277807866254353,1997
1996-09-19T12:00:00Z,25.922695649078847,1997
1996-09-20T12:00:00Z,25.94469759106986,1997
1996-09-21T12:00:00Z,25.9276695419829,1997
1996-09-22T12:00:00Z,25.77102876414748,1997
1996-09-23T12:00:00Z,25.716880788532222,1997
1996-09-24T12:00:00Z,25.813938903201453,1997
1996-09-25T12:00:00Z,25.39066039950794,1997
1996-09-26T12:00:00Z,24.96228012104576,1997
1996-09-27T12:00:00Z,24.57777410777145,1997
1996-09-28T12:00:00Z,24.176314570457766,1997
1996-09-29T12:00:00Z,23.840950907759524,1997
1996-09-30T12:00:00Z,24.234793788772606,1997
1996-10-01T12:00:00Z,24.848016568005495,1997
1996-10-02T12:00:00Z,24.65998035296871,1997
1996-10-03T12:00:00Z,24.67336804983548,1997
1996-10-04T12:00:00Z,25.451600295953256,1997
1996-10-05T12:00:00Z,25.67784747610363,1997
1996-10-06T12:00:00Z,25.887893182360344,1997
1996-10-07T12:00:00Z,26.629641313814393,1997
1996-10-08T12:00:00Z,27.648697690795615,1997
1996-10-09T12:00:00Z,28.639180508463202,1997
1996-10-10T12:00:00Z,28.385534320685586,1997
1996-10-11T12:00:00Z,27.94011586363939,1997
1996-10-12T12:00:00Z,27.983572277569746,1997
1996-10-13T12:00:00Z,30.8096188797423,1997
1996-10-14T12:00:00Z,31.735233106996123,1997
1996-10-15T12:00:00Z,32.47742582231497,1997
1996-10-16T12:00:00Z,33.47103749115483,1997
1996-10-17T12:00:00Z,34.91134786970118,1997
1996-10-18T12:00:00Z,35.624164566167074,1997
1996-10-19T12:00:00Z,35.48391179618125,1997
1996-10-20T12:00:00Z,34.79575466806111,1997
1996-10-21T12:00:00Z,34.1041524507857,1997
1996-10-22T12:00:00Z,33.45127428719859,1997
1996-10-23T12:00:00Z,32.81314347255008,1997
1996-10-24T12:00:00Z,32.231159457637325,1997
1996-10-25T12:00:00Z,31.666443753499358,1997
1996-10-26T12:00:00Z,31.122360611615758,1997
1996-10-27T12:00:00Z,30.54147011881127,1997
1996-10-28T12:00:00Z,30.05288674936472,1997
1996-10-29T12:00:00Z,29.555474821383992,1997
1996-10-30T12:00:00Z,29.10489935870269,1997
1996-10-31T12:00:00Z,28.6988828554443,1997
1996-11-01T12:00:00Z,28.22659863113306,1997
1996-11-02T12:00:00Z,27.852829740096492,1997
1996-11-03T12:00:00Z,27.423324367044955,1997
1996-11-04T12:00:00Z,26.951128600650158,1997
1996-11-05T12:00:00Z,26.606124699711216,1997
1996-11-06T12:00:00Z,26.276728935549936,1997
1996-11-07T12:00:00Z,25.94482525534541,1997
1996-11-08T12:00:00Z,25.67747107028494,1997
1996-11-09T12:00:00Z,25.250286935592374,1997
1996-11-10T12:00:00Z,24.722491890022734,1997
1996-11-11T12:00:00Z,24.355515982565286,1997
1996-11-12T12:00:00Z,23.969684407351416,1997
1996-11-13T12:00:00Z,23.630197143776527,1997
1996-11-14T12:00:00Z,23.413634222961896,1997
1996-11-15T12:00:00Z,23.260268197587376,1997
1996-11-16T12:00:00Z,23.0079351703754,1997
1996-11-17T12:00:00Z,22.772950808646982,1997
1996-11-18T12:00:00Z,22.591537338279252,1997
1996-11-19T12:00:00Z,22.75652632288321,1997
1996-11-20T12:00:00Z,22.683963875777575,1997
1996-11-21T12:00:00Z,22.541471284400238,1997
1996-11-22T12:00:00Z,22.356247268437638,1997
1996-11-23T12:00:00Z,22.229541210749943,1997
1996-11-24T12:00:00Z,21.693839748716027,1997
1996-11-25T12:00:00Z,21.505233173815206,1997
1996-11-26T12:00:00Z,21.246027434753742,1997
1996-11-27T12:00:00Z,20.87547397039079,1997
1996-11-28T12:00:00Z,20.6603763190411,1997
1996-11-29T12:00:00Z,20.45656178774026,1997
1996-11-30T12:00:00Z,20.22439704703771,1997
1996-12-01T12:00:00Z,20.09201477275656,1997
1996-12-02T12:00:00Z,19.99397574759487,1997
1996-12-03T12:00:00Z,19.892891903637555,1997
1996-12-04T12:00:00Z,19.69884868993932,1997
1996-12-05T12:00:00Z,19.592804388388128,1997
1996-12-06T12:00:00Z,19.67181227316936,1997
1996-12-07T12:00:00Z,19.565472806095492,1997
1996-12-08T12:00:00Z,19.582522928130963,1997
1996-12-09T12:00:00Z,19.34916188098658,1997
1996-12-10T12:00:00Z,19.060137393273756,1997
1996-12-11T12:00:00Z,18.690157952971838,1997
1996-12-12T12:00:00Z,18.304145724182614,1997
1996-12-13T12:00:00Z,18.17135103398626,1997
1996-12-14T12:00:00Z,18.07047495082473,1997
1996-12-15T12:00:00Z,17.849990719181726,1997
1996-12-16T12:00:00Z,17.631316278272845,1997
1996-12-17T12:00:00Z,17.3424442251679,1997
1996-12-18T12:00:00Z,17.017209464638523,1997
1996-12-19T12:00:00Z,16.816046511187025,1997
1996-12-20T12:00:00Z,16.41754311295436,1997
1996-12-21T12:00:00Z,16.090480566071484,1997
1996-12-22T12:00:00Z,15.864752085960811,1997
1996-12-23T12:00:00Z,15.60090138585864,1997
1996-12-24T12:00:00Z,15.38268159554941,1997
1996-12-25T12:00:00Z,15.125090991382384,1997
1996-12-26T12:00:00Z,14.88601972024658,1997
1996-12-27T12:00:00Z,14.876095088040794,1997
1996-12-28T12:00:00Z,14.687047843134485,1997
1996-12-29T12:00:00Z,14.406198791781556,1997
1996-12-30T12:00:00Z,14.170161503929933,1997
1996-12-31T12:00:00Z,13.819782679236834,1997
1997-01-01T12:00:00Z,13.566788026036642,1997
1997-01-02T12:00:00Z,13.294460926971869,1997
1997-01-03T12:00:00Z,13.045005627678494,1997
1997-01-04T12:00:00Z,12.782706238532276,1997
1997-01-05T12:00:00Z,12.548408836114652,1997
1997-01-06T12:00:00Z,12.287863185222422,1997
1997-01-07T12:00:00Z,12.011218408307647,1997
1997-01-08T12:00:00Z,11.753105902093866,1997
1997-01-09T12:00:00Z,11.541813179094573,1997
1997-01-10T12:00:00Z,11.737089150355915,1997
1997-01-11T12:00:00Z,11.587403720856647,1997
1997-01-12T12:00:00Z,11.394694593008772,1997
1997-01-13T12:00:00Z,11.404815300224927,1997
1997-01-14T12:00:00Z,11.791726587002003,1997
1997-01-15T12:00:00Z,11.807517981068045,1997
1997-01-16T12:00:00Z,12.19041083895261,1997
1997-01-17T12:00:00Z,11.998007074456723,1997
1997-01-18T12:00:00Z,11.663269465899024,1997
1997-01-19T12:00:00Z,11.338299761369576,1997
1997-01-20T12:00:00Z,11.098058838308967,1997
1997-01-21T12:00:00Z,10.829510083015238,1997
1997-01-22T12:00:00Z,10.592389052020463,1997
1997-01-23T12:00:00Z,10.392821226989984,1997
1997-01-24T12:00:00Z,10.184907020521912,1997
1997-01-25T12:00:00Z,9.988631281533975,1997
1997-01-26T12:00:00Z,9.7982343057986,1997
1997-01-27T12:00:00Z,9.587432179208133,1997
1997-01-28T12:00:00Z,9.507618510804845,1997
1997-01-29T12:00:00Z,9.426657462972384,1997
1997-01-30T12:00:00Z,9.309908390576412,1997
1997-01-31T12:00:00Z,9.165379016844229,1997
1997-02-01T12:00:00Z,8.912636704966207,1997
1997-02-02T12:00:00Z,8.685657548142578,1997
1997-02-03T12:00:00Z,8.445081362411393,1997
1997-02-04T12:00:00Z,8.312635652156114,1997
1997-02-05T12:00:00Z,8.434770853821842,1997
1997-02-06T12:00:00Z,8.393142171380687,1997
1997-02-07T12:00:00Z,8.278402717001407,1997
1997-02-08T12:00:00Z,8.12598967423168,1997
1997-02-09T12:00:00Z,7.982124243070984,1997
1997-02-10T12:00:00Z,7.8945814100407015,1997
1997-02-11T12:00:00Z,7.015911198462142,1997
1997-02-12T12:00:00Z,7.329544390342495,1997
1997-02-13T12:00:00Z,7.129845091837744,1997
1997-02-14T12:00:00Z,6.979138034109271,1997
1997-02-15T12:00:00Z,6.875012271215703,1997
1997-02-16T12:00:00Z,7.424150624423198,1997
1997-02-17T12:00:00Z,8.57401183711677,1997
1997-02-18T12:00:00Z,8.414262151049703,1997
1997-02-19T12:00:00Z,8.385484235632314,1997
1997-02-20T12:00:00Z,8.174309405780797,1997
1997-02-21T12:00:00Z,7.979868230366684,1997
1997-02-22T12:00:00Z,7.935680796750378,1997
1997-02-23T12:00:00Z,7.964366104486641,1997
1997-02-24T12:00:00Z,7.782624016429255,1997
1997-02-25T12:00:00Z,7.655017612406019,1997
1997-02-26T12:00:00Z,7.447481440746177,1997
1997-02-27T12:00:00Z,7.192801687554853,1997
1997-02-28T12:00:00Z,6.973793619083027,1997
1997-03-01T12:00:00Z,6.7332880445532535,1997
1997-03-02T12:00:00Z,6.494588250727425,1997
1997-03-03T12:00:00Z,6.312259627979369,1997
1997-03-04T12:00:00Z,6.1509249155073045,1997
1997-03-05T12:00:00Z,5.937448253083416,1997
1997-03-06T12:00:00Z,5.716863030250696,1997
1997-03-07T12:00:00Z,5.600356998476296,1997
1997-03-08T12:00:00Z,5.424485069454942,1997
1997-03-09T12:00:00Z,5.1907136810398,1997
1997-03-10T12:00:00Z,4.986137957250686,1997
1997-03-11T12:00:00Z,4.791140173280741,1997
1997-03-12T12:00:00Z,4.6699912588930275,1997
1997-03-13T12:00:00Z,4.508848639531654,1997
1997-03-14T12:00:00Z,6.470382394303772,1997
1997-03-15T12:00:00Z,7.575958733994744,1997
1997-03-16T12:00:00Z,7.324609310293058,1997
1997-03-17T12:00:00Z,7.026588463692048,1997
1997-03-18T12:00:00Z,6.75530030260065,1997
1997-03-19T12:00:00Z,6.497292634888564,1997
1997-03-20T12:00:00Z,6.299016213133917,1997
1997-03-21T12:00:00Z,6.3675259271372076,1997
1997-03-22T12:00:00Z,6.388718002561724,1997
1997-03-23T12:00:00Z,6.15651884792659,1997
1997-03-24T12:00:00Z,5.971634654921136,1997
1997-03-25T12:00:00Z,6.093568137060417,1997
1997-03-26T12:00:00Z,5.990679746742901,1997
1997-03-27T12:00:00Z,5.948088647345634,1997
1997-03-28T12:00:00Z,5.774706512549482,1997
1997-03-29T12:00:00Z,5.503100090477539,1997
1997-03-30T12:00:00Z,5.257076409643007,1997
1997-03-31T12:00:00Z,5.078493452537714,1997
1997-04-01T12:00:00Z,4.85642611726491,1997
1997-04-02T12:00:00Z,4.556172525427367,1997
1997-04-03T12:00:00Z,4.292610429071189,1997
1997-04-04T12:00:00Z,4.067588148087292,1997
1997-04-05T12:00:00Z,3.834679645726076,1997
1997-04-06T12:00:00Z,3.659492216941542,1997
1997-04-07T12:00:00Z,3.5064290484181817,1997
1997-04-08T12:00:00Z,3.3932357069969643,1997
1997-04-09T12:00:00Z,3.371648831471407,1997
1997-04-10T12:00:00Z,4.088976086832283,1997
1997-04-11T12:00:00Z,4.075010663767169,1997
1997-04-12T12:00:00Z,4.574228342821736,1997
1997-04-13T12:00:00Z,4.686872123422632,1997
1997-04-14T12:00:00Z,4.620270574735031,1997
1997-04-15T12:00:00Z,4.643518807541262,1997
1997-04-16T12:00:00Z,4.596620340147635,1997
1997-04-17T12:00:00Z,4.642451861375226,1997
1997-04-18T12:00:00Z,4.464229398251062,1997
1997-04-19T12:00:00Z,4.236525913013417,1997
1997-04-20T12:00:00Z,4.075395496456677,1997
1997-04-21T12:00:00Z,3.893318159041979,1997
1997-04-22T12:00:00Z,3.81612540077159,1997
1997-04-23T12:00:00Z,3.689502544419422,1997
1997-04-24T12:00:00Z,3.565380224249856,1997
1997-04-25T12:00:00Z,3.380601273577781,1997
1997-04-26T12:00:00Z,4.750534866512347,1997
1997-04-27T12:00:00Z,6.078989464511601,1997
1997-04-28T12:00:00Z,6.02711521398776,1997
1997-04-29T12:00:00Z,6.1457438240847555,1997
1997-04-30T12:00:00Z,5.925733763172157,1997
1997-05-01T12:00:00Z,5.751783293660778,1997
1997-05-02T12:00:00Z,5.704392789472095,1997
1997-05-03T12:00:00Z,5.596826441374395,1997
1997-05-04T12:00:00Z,5.668066134660648,1997
1997-05-05T12:00:00Z,5.872894562073015,1997
1997-05-06T12:00:00Z,5.544319567565936,1997
1997-05-07T12:00:00Z,5.273129341304011,1997
1997-05-08T12:00:00Z,4.980871035370987,1997
1997-05-09T12:00:00Z,4.7586087860305675,1997
1997-05-10T12:00:00Z,4.611921414443958,1997
1997-05-11T12:00:00Z,4.58513873838742,1997
1997-05-12T12:00:00Z,5.486561772743939,1997
1997-05-13T12:00:00Z,6.26765639096586,1997
1997-05-14T12:00:00Z,6.054130635450682,1997
1997-05-15T12:00:00Z,5.782342332712466,1997
1997-05-16T12:00:00Z,5.535922422406722,1997
1997-05-17T12:00:00Z,5.983407351943819,1997
1997-05-18T12:00:00Z,6.438145303778737,1997
1997-05-19T12:00:00Z,6.4219841040488435,1997
1997-05-20T12:00:00Z,6.596259992946957,1997
1997-05-21T12:00:00Z,6.607605182079564,1997
1997-05-22T12:00:00Z,6.790276853455619,1997
1997-05-23T12:00:00Z,7.440939765158643,1997
1997-05-24T12:00:00Z,7.305058462005637,1997
1997-05-25T12:00:00Z,6.977302328916768,1997
1997-05-26T12:00:00Z,6.965860648288316,1997
1997-05-27T12:00:00Z,7.406428605931046,1997
1997-05-28T12:00:00Z,7.505678297142908,1997
1997-05-29T12:00:00Z,7.836409307340567,1997
1997-05-30T12:00:00Z,7.799947536911133,1997
1997-06-01T12:00:00Z,7.64618558220777,1998
1997-06-02T12:00:00Z,12.405996322795296,1998
1997-06-03T12:00:00Z,13.850721407234376,1998
1997-06-04T12:00:00Z,13.462869844287196,1998
1997-06-05T12:00:00Z,13.153373390313577,1998
1997-06-06T12:00:00Z,12.636579696520302,1998
1997-06-07T12:00:00Z,12.012850840855299,1998
1997-06-08T12:00:00Z,12.855969054902102,1998
1997-06-09T12:00:00Z,21.628137037406123,1998
1997-06-10T12:00:00Z,33.94587005704904,1998
1997-06-11T12:00:00Z,33.10510947613244,1998
1997-06-12T12:00:00Z,31.527221690709396,1998
1997-06-13T12:00:00Z,29.977404062194527,1998
1997-06-14T12:00:00Z,28.568310713884763,1998
1997-06-15T12:00:00Z,28.379001998527745,1998
1997-06-16T12:00:00Z,27.444847517919587,1998
1997-06-17T12:00:00Z,26.119583274101533,1998
1997-06-18T12:00:00Z,25.194915104846412,1998
1997-06-19T12:00:00Z,24.634075193283724,1998
1997-06-20T12:00:00Z,24.670277345939436,1998
1997-06-21T12:00:00Z,23.939995140053266,1998
1997-06-22T12:00:00Z,24.15589959016626,1998
1997-06-23T12:00:00Z,24.213039115547083,1998
1997-06-24T12:00:00Z,24.09305723939423,1998
1997-06-25T12:00:00Z,24.817946077490646,1998
1997-06-26T12:00:00Z,23.932759923589334,1998
1997-06-27T12:00:00Z,23.206870554943627,1998
1997-06-28T12:00:00Z,22.516799892384437,1998
1997-06-29T12:00:00Z,22.093818660254108,1998
1997-06-30T12:00:00Z,21.95169949312051,1998
1997-07-01T12:00:00Z,21.57595204419651,1998
1997-07-02T12:00:00Z,21.61700448793716,1998
1997-07-03T12:00:00Z,22.080675325571146,1998
1997-07-04T12:00:00Z,22.114367561125498,1998
1997-07-05T12:00:00Z,21.853160132203584,1998
1997-07-06T12:00:00Z,21.527031827043015,1998
1997-07-07T12:00:00Z,21.401510934428067,1998
1997-07-08T12:00:00Z,20.910233649824555,1998
1997-07-09T12:00:00Z,20.47779042377528,1998
1997-07-10T12:00:00Z,20.290175538338595,1998
1997-07-11T12:00:00Z,20.399848090843403,1998
1997-07-12T12:00:00Z,21.06663667487818,1998
1997-07-13T12:00:00Z,21.27516306135493,1998
1997-07-14T12:00:00Z,21.34685103528997,1998
1997-07-15T12:00:00Z,22.387353940084797,1998
1997-07-16T12:00:00Z,22.79373449623059,1998
1997-07-17T12:00:00Z,23.299399270903937,1998
1997-07-18T12:00:00Z,23.907733977810057,1998
1997-07-19T12:00:00Z,24.28913357461001,1998
1997-07-20T12:00:00Z,24.93756566369919,1998
1997-07-21T12:00:00Z,25.22147344342642,1998
1997-07-22T12:00:00Z,25.191198447869176,1998
1997-07-23T12:00:00Z,25.237664531517215,1998
1997-07-24T12:00:00Z,24.812532218546405,1998
1997-07-25T12:00:00Z,24.639893724028674,1998
1997-07-26T12:00:00Z,24.901490656425857,1998
1997-07-27T12:00:00Z,24.881499860849484,1998
1997-07-28T12:00:00Z,24.80669618997938,1998
1997-07-29T12:00:00Z,24.76501948807779,1998
1997-07-30T12:00:00Z,24.458661320767604,1998
1997-07-31T12:00:00Z,24.326787875074597,1998
1997-08-01T12:00:00Z,24.578949365629857,1998
1997-08-02T12:00:00Z,24.49025726612588,1998
1997-08-03T12:00:00Z,24.331477830365635,1998
1997-08-04T12:00:00Z,24.589245762834352,1998
1997-08-05T12:00:00Z,24.631553647917467,1998
1997-08-06T12:00:00Z,24.769180507057442,1998
1997-08-07T12:00:00Z,24.91929922215969,1998
1997-08-08T12:00:00Z,24.95626710187443,1998
1997-08-09T12:00:00Z,25.279730021941905,1998
1997-08-10T12:00:00Z,25.91262052131563,1998
1997-08-11T12:00:00Z,26.163440885529813,1998
1997-08-12T12:00:00Z,26.277910350795825,1998
1997-08-13T12:00:00Z,25.99672733436719,1998
1997-08-14T12:00:00Z,25.698317666081792,1998
1997-08-15T12:00:00Z,25.682442932451156,1998
1997-08-16T12:00:00Z,26.220331676839965,1998
1997-08-17T12:00:00Z,26.282313262517256,1998
1997-08-18T12:00:00Z,25.964150590224083,1998
1997-08-19T12:00:00Z,25.758963431212155,1998
1997-08-20T12:00:00Z,26.06407072304745,1998
1997-08-21T12:00:00Z,26.088965229493045,1998
1997-08-22T12:00:00Z,26.349232736766982,1998
1997-08-23T12:00:00Z,26.606723579463715,1998
1997-08-24T12:00:00Z,26.823182699262336,1998
1997-08-25T12:00:00Z,27.336486996212624,1998
1997-08-26T12:00:00Z,27.448816113140392,1998
1997-08-27T12:00:00Z,27.489256953679384,1998
1997-08-28T12:00:00Z,27.6153083065698,1998
1997-08-29T12:00:00Z,27.542023440135914,1998
1997-08-30T12:00:00Z,27.624642705683844,1998
1997-08-31T12:00:00Z,28.407649337579873,1998
1997-09-01T12:00:00Z,29.347134413798575,1998
1997-09-02T12:00:00Z,29.80765753969273,1998
1997-09-03T12:00:00Z,29.802850841425077,1998
1997-09-04T12:00:00Z,29.956949957250732,1998
1997-09-05T12:00:00Z,30.66024739342969,1998
1997-09-06T12:00:00Z,31.370476968188008,1998
1997-09-07T12:00:00Z,31.422956300318884,1998
1997-09-08T12:00:00Z,31.02870603023383,1998
1997-09-09T12:00:00Z,30.633570086453968,1998
1997-09-10T12:00:00Z,30.225606673611484,1998
1997-09-11T12:00:00Z,30.27603685246392,1998
1997-09-12T12:00:00Z,30.733515010501215,1998
1997-09-13T12:00:00Z,30.65985649017349,1998
1997-09-14T12:00:00Z,30.915230503044913,1998
1997-09-15T12:00:00Z,31.125194263551656,1998
1997-09-16T12:00:00Z,31.078709032019486,1998
1997-09-17T12:00:00Z,31.0560819207396,1998
1997-09-18T12:00:00Z,31.146537174463973,1998
1997-09-19T12:00:00Z,31.52787551599665,1998
1997-09-20T12:00:00Z,31.889799068350047,1998
1997-09-21T12:00:00Z,31.881552015672582,1998
1997-09-22T12:00:00Z,31.461155489306023,1998
1997-09-23T12:00:00Z,31.162771585896014,1998
1997-09-24T12:00:00Z,31.18538410128856,1998
1997-09-25T12:00:00Z,31.326860490158186,1998
1997-09-26T12:00:00Z,31.249531957288212,1998
1997-09-27T12:00:00Z,31.3963713297531,1998
1997-09-28T12:00:00Z,32.283525412650114,1998
1997-09-29T12:00:00Z,34.33449273954759,1998
1997-09-30T12:00:00Z,35.343719824567714,1998
1997-10-01T12:00:00Z,35.895244384022114,1998
1997-10-02T12:00:00Z,35.79097899017558,1998
1997-10-03T12:00:00Z,35.32954341186015,1998
1997-10-04T12:00:00Z,34.780355354387545,1998
1997-10-05T12:00:00Z,34.13929796564474,1998
1997-10-06T12:00:00Z,33.73218941683867,1998
1997-10-07T12:00:00Z,33.1245855855428,1998
1997-10-08T12:00:00Z,32.54861444544255,1998
1997-10-09T12:00:00Z,31.99387152258026,1998
1997-10-10T12:00:00Z,31.522146149783833,1998
1997-10-11T12:00:00Z,31.34113754446196,1998
1997-10-12T12:00:00Z,30.912623106651044,1998
1997-10-13T12:00:00Z,30.539701088355173,1998
1997-10-14T12:00:00Z,30.152690942187036,1998
1997-10-15T12:00:00Z,29.829217929821407,1998
1997-10-16T12:00:00Z,29.461673651946516,1998
1997-10-17T12:00:00Z,29.261142781525702,1998
1997-10-18T12:00:00Z,29.22516624551562,1998
1997-10-19T12:00:00Z,29.150410539092793,1998
1997-10-20T12:00:00Z,28.775286197685706,1998
1997-10-21T12:00:00Z,28.478237700976074,1998
1997-10-22T12:00:00Z,28.17040522364748,1998
1997-10-23T12:00:00Z,27.829779326553794,1998
1997-10-24T12:00:00Z,27.536078309522434,1998
1997-10-25T12:00:00Z,27.261425350602064,1998
1997-10-26T12:00:00Z,27.04079479437967,1998
1997-10-27T12:00:00Z,26.79942620372679,1998
1997-10-28T12:00:00Z,26.497411149063026,1998
1997-10-29T12:00:00Z,26.206787701066396,1998
1997-10-30T12:00:00Z,26.404516215188963,1998
1997-10-31T12:00:00Z,27.16446310236218,1998
1997-11-01T12:00:00Z,26.984513022231774,1998
1997-11-02T12:00:00Z,26.80288877697346,1998
1997-11-03T12:00:00Z,26.576428089214236,1998
1997-11-04T12:00:00Z,26.371725554643135,1998
1997-11-05T12:00:00Z,26.19356098126011,1998
1997-11-06T12:00:00Z,26.114280353377076,1998
1997-11-07T12:00:00Z,25.917669668674,1998
1997-11-08T12:00:00Z,25.63309112603938,1998
1997-11-09T12:00:00Z,25.31243113500014,1998
1997-11-10T12:00:00Z,25.054086812224377,1998
1997-11-11T12:00:00Z,24.8018530879852,1998
1997-11-12T12:00:00Z,24.483486531086697,1998
1997-11-13T12:00:00Z,24.112055694262967,1998
1997-11-14T12:00:00Z,24.37366068984339,1998
1997-11-15T12:00:00Z,24.64389495755036,1998
1997-11-16T12:00:00Z,24.452789037923505,1998
1997-11-17T12:00:00Z,24.176267814904772,1998
1997-11-18T12:00:00Z,23.885392676522986,1998
1997-11-19T12:00:00Z,23.54659067404025,1998
1997-11-20T12:00:00Z,23.11304054527628,1998
1997-11-21T12:00:00Z,22.901645624836092,1998
1997-11-22T12:00:00Z,23.17726217648425,1998
1997-11-23T12:00:00Z,23.859896668923124,1998
1997-11-24T12:00:00Z,23.714216244664414,1998
1997-11-25T12:00:00Z,23.408826606292333,1998
1997-11-26T12:00:00Z,22.95768464288796,1998
1997-11-27T12:00:00Z,22.620509549464582,1998
1997-11-28T12:00:00Z,22.23973636634203,1998
1997-11-29T12:00:00Z,22.830971160119475,1998
1997-11-30T12:00:00Z,24.28702785017208,1998
1997-12-01T12:00:00Z,25.229832113022667,1998
1997-12-02T12:00:00Z,24.87740206944954,1998
1997-12-03T12:00:00Z,24.451138017938842,1998
1997-12-04T12:00:00Z,27.34401906459035,1998
1997-12-05T12:00:00Z,30.518914501627325,1998
1997-12-06T12:00:00Z,29.92073247789986,1998
1997-12-07T12:00:00Z,29.22280297517543,1998
1997-12-08T12:00:00Z,28.66149736071894,1998
1997-12-09T12:00:00Z,28.124809234499583,1998
1997-12-10T12:00:00Z,27.768507251286483,1998
1997-12-11T12:00:00Z,27.171949976431634,1998
1997-12-12T12:00:00Z,26.940673428044146,1998
1997-12-13T12:00:00Z,27.039031037410957,1998
1997-12-14T12:00:00Z,28.714659813592295,1998
1997-12-15T12:00:00Z,28.90051827682921,1998
1997-12-16T12:00:00Z,28.30163356059912,1998
1997-12-17T12:00:00Z,27.831156216732552,1998
1997-12-18T12:00:00Z,27.331648366855244,1998
1997-12-19T12:00:00Z,26.903866030350255,1998
1997-12-20T12:00:00Z,26.502966500356077,1998
1997-12-21T12:00:00Z,26.209830742368034,1998
1997-12-22T12:00:00Z,25.972091733790517,1998
1997-12-23T12:00:00Z,25.658254338198148,1998
1997-12-24T12:00:00Z,25.33628874819846,1998
1997-12-25T12:00:00Z,25.989984084109718,1998
1997-12-26T12:00:00Z,25.713900878053455,1998
1997-12-27T12:00:00Z,25.854621794875293,1998
1997-12-28T12:00:00Z,26.276358128995085,1998
1997-12-29T12:00:00Z,26.325546876036807,1998
1997-12-30T12:00:00Z,26.15791772208181,1998
1997-12-31T12:00:00Z,25.76880110522092,1998
1998-01-01T12:00:00Z,25.23079237363481,1998
1998-01-02T12:00:00Z,24.755311174770995,1998
1998-01-03T12:00:00Z,24.448981641859078,1998
1998-01-04T12:00:00Z,24.136780518719547,1998
1998-01-05T12:00:00Z,23.878394435948888,1998
1998-01-06T12:00:00Z,23.60319233517455,1998
1998-01-07T12:00:00Z,23.339892926225467,1998
1998-01-08T12:00:00Z,23.154511340918432,1998
1998-01-09T12:00:00Z,23.29857531775457,1998
1998-01-10T12:00:00Z,22.98601540993757,1998
1998-01-11T12:00:00Z,22.56963977220593,1998
1998-01-12T12:00:00Z,22.241978307598135,1998
1998-01-13T12:00:00Z,21.89262439743137,1998
1998-01-14T12:00:00Z,21.65905657886408,1998
1998-01-15T12:00:00Z,21.651004867420607,1998
1998-01-16T12:00:00Z,22.22777715984451,1998
1998-01-17T12:00:00Z,21.98057395350571,1998
1998-01-18T12:00:00Z,21.712094236681207,1998
1998-01-19T12:00:00Z,21.508448481904185,1998
1998-01-20T12:00:00Z,21.282940560944166,1998
1998-01-21T12:00:00Z,21.083214233320913,1998
1998-01-22T12:00:00Z,20.87451625246259,1998
1998-01-23T12:00:00Z,20.83258202293127,1998
1998-01-24T12:00:00Z,21.08361132498703,1998
1998-01-25T12:00:00Z,20.97324981072974,1998
1998-01-26T12:00:00Z,20.981258652965657,1998
1998-01-27T12:00:00Z,21.2102259488811,1998
1998-01-28T12:00:00Z,21.10781845971723,1998
1998-01-29T12:00:00Z,20.83894746600122,1998
1998-01-30T12:00:00Z,20.59343228476755,1998
1998-01-31T12:00:00Z,20.373515179762062,1998
1998-02-01T12:00:00Z,20.14794989793938,1998
1998-02-02T12:00:00Z,21.987789709023932,1998
1998-02-03T12:00:00Z,28.23092634124457,1998
1998-02-04T12:00:00Z,28.183204911294577,1998
1998-02-05T12:00:00Z,27.776313573723325,1998
1998-02-06T12:00:00Z,27.651410972266426,1998
1998-02-07T12:00:00Z,27.656084077575414,1998
1998-02-08T12:00:00Z,27.19772467216245,1998
1998-02-09T12:00:00Z,26.771471980689906,1998
1998-02-10T12:00:00Z,26.28840822047982,1998
1998-02-11T12:00:00Z,25.87344707335828,1998
1998-02-12T12:00:00Z,25.49666749438623,1998
1998-02-13T12:00:00Z,25.146636218632352,1998
1998-02-14T12:00:00Z,24.731706246269557,1998
1998-02-15T12:00:00Z,24.39566594494195,1998
1998-02-16T12:00:00Z,25.19186232669113,1998
1998-02-17T12:00:00Z,24.94608959532858,1998
1998-02-18T12:00:00Z,25.72614995398788,1998
1998-02-19T12:00:00Z,25.578415614594206,1998
1998-02-20T12:00:00Z,25.313562327430716,1998
1998-02-21T12:00:00Z,24.955738972730195,1998
1998-02-22T12:00:00Z,24.486515669888078,1998
1998-02-23T12:00:00Z,24.476763292157568,1998
1998-02-24T12:00:00Z,24.11620201807648,1998
1998-02-25T12:00:00Z,23.623262947745236,1998
1998-02-26T12:00:00Z,23.19939220331675,1998
1998-02-27T12:00:00Z,22.81936096976366,1998
1998-02-28T12:00:00Z,22.554749131287345,1998
1998-03-01T12:00:00Z,23.020263467666332,1998
1998-03-02T12:00:00Z,23.273800674988635,1998
1998-03-03T12:00:00Z,22.924315953207998,1998
1998-03-04T12:00:00Z,22.533994926504942,1998
1998-03-05T12:00:00Z,22.098609890807037,1998
1998-03-06T12:00:00Z,21.676023948148814,1998
1998-03-07T12:00:00Z,21.284615222340584,1998
1998-03-08T12:00:00Z,20.91517374013477,1998
1998-03-09T12:00:00Z,23.885553558052578,1998
1998-03-10T12:00:00Z,24.841367447224467,1998
1998-03-11T12:00:00Z,24.333025069685103,1998
1998-03-12T12:00:00Z,23.797493342321136,1998
1998-03-13T12:00:00Z,23.29359746955401,1998
1998-03-14T12:00:00Z,22.913314994168445,1998
1998-03-15T12:00:00Z,22.534681982963722,1998
1998-03-16T12:00:00Z,22.16471205362494,1998
1998-03-17T12:00:00Z,21.756945844600295,1998
1998-03-18T12:00:00Z,21.408643104478966,1998
1998-03-19T12:00:00Z,21.485565335486708,1998
1998-03-20T12:00:00Z,25.132385553318887,1998
1998-03-21T12:00:00Z,25.429962135692303,1998
1998-03-22T12:00:00Z,24.95231714374755,1998
1998-03-23T12:00:00Z,24.674415997730296,1998
1998-03-24T12:00:00Z,24.147732765037095,1998
1998-03-25T12:00:00Z,23.667366414579192,1998
1998-03-26T12:00:00Z,23.173304564011787,1998
1998-03-27T12:00:00Z,22.806516915974257,1998
1998-03-28T12:00:00Z,22.41462807511723,1998
1998-03-29T12:00:00Z,21.97248072600855,1998
1998-03-30T12:00:00Z,21.520139853514724,1998
1998-03-31T12:00:00Z,21.093244471465923,1998
1998-04-01T12:00:00Z,20.88890778294506,1998
1998-04-02T12:00:00Z,20.59876094617526,1998
1998-04-03T12:00:00Z,20.20884173873823,1998
1998-04-04T12:00:00Z,19.893919133778066,1998
1998-04-05T12:00:00Z,19.51018064255579,1998
1998-04-06T12:00:00Z,19.17707282266234,1998
1998-04-07T12:00:00Z,18.862414978533604,1998
1998-04-08T12:00:00Z,18.4435621373567,1998
1998-04-09T12:00:00Z,18.177355690625927,1998
1998-04-10T12:00:00Z,17.893559822203713,1998
1998-04-11T12:00:00Z,17.517951616624426,1998
1998-04-12T12:00:00Z,17.07431554082967,1998
1998-04-13T12:00:00Z,16.766562466974296,1998
1998-04-14T12:00:00Z,16.446464478712706,1998
1998-04-15T12:00:00Z,16.212016713744745,1998
1998-04-16T12:00:00Z,15.946551659388009,1998
1998-04-17T12:00:00Z,15.688074792727434,1998
1998-04-18T12:00:00Z,15.457415426162735,1998
1998-04-19T12:00:00Z,15.149648934252467,1998
1998-04-20T12:00:00Z,14.88908249111764,1998
1998-04-21T12:00:00Z,14.661424612823827,1998
1998-04-22T12:00:00Z,14.362410705429333,1998
1998-04-23T12:00:00Z,14.004269404270039,1998
1998-04-24T12:00:00Z,13.723888431216547,1998
1998-04-25T12:00:00Z,13.392698651698147,1998
1998-04-26T12:00:00Z,13.124890782293681,1998
1998-04-27T12:00:00Z,12.844813024880954,1998
1998-04-28T12:00:00Z,12.561794143973556,1998
1998-04-29T12:00:00Z,12.308170615897007,1998
1998-04-30T12:00:00Z,12.15389983550108,1998
1998-05-01T12:00:00Z,12.27314247862599,1998
1998-05-02T12:00:00Z,12.541380678574088,1998
1998-05-03T12:00:00Z,12.355094156244244,1998
1998-05-04T12:00:00Z,12.024034777975457,1998
1998-05-05T12:00:00Z,11.724889517145689,1998
1998-05-06T12:00:00Z,11.494424388945891,1998
1998-05-07T12:00:00Z,11.294785334415055,1998
1998-05-08T12:00:00Z,11.020278270979002,1998
1998-05-09T12:00:00Z,10.765557482602196,1998
1998-05-10T12:00:00Z,10.430632538449869,1998
1998-05-11T12:00:00Z,10.154006207000963,1998
1998-05-12T12:00:00Z,9.877699020817277,1998
1998-05-13T12:00:00Z,9.563061451421545,1998
1998-05-14T12:00:00Z,9.263664335269302,1998
1998-05-15T12:00:00Z,8.907403419758618,1998
1998-05-16T12:00:00Z,8.57647659745903,1998
1998-05-17T12:00:00Z,8.2366031466747,1998
1998-05-18T12:00:00Z,8.005590812805,1998
1998-05-19T12:00:00Z,7.953340310202757,1998
1998-05-20T12:00:00Z,8.163056189393904,1998
1998-05-21T12:00:00Z,8.251945849660562,1998
1998-05-22T12:00:00Z,8.08168595222488,1998
1998-05-23T12:00:00Z,7.857389446611386,1998
1998-05-24T12:00:00Z,7.617539982814397,1998
1998-05-25T12:00:00Z,7.372635690104599,1998
1998-05-26T12:00:00Z,7.155523062919893,1998
1998-05-27T12:00:00Z,6.985284758869279,1998
1998-05-28T12:00:00Z,7.556648873418832,1998
1998-05-29T12:00:00Z,8.864103165575386,1998
1998-05-30T12:00:00Z,10.143165092510294,1998
1998-06-01T12:00:00Z,10.887091893331311,1999
1998-06-02T12:00:00Z,10.654941347180104,1999
1998-06-03T12:00:00Z,10.228744210213803,1999
1998-06-04T12:00:00Z,9.803385399762144,1999
1998-06-05T12:00:00Z,9.454415709787321,1999
1998-06-06T12:00:00Z,9.267042065139616,1999
1998-06-07T12:00:00Z,8.953578503314592,1999
1998-06-08T12:00:00Z,8.632307277411135,1999
1998-06-09T12:00:00Z,8.326041899844785,1999
1998-06-10T12:00:00Z,8.379729981543852,1999
1998-06-11T12:00:00Z,8.251262199414583,1999
1998-06-12T12:00:00Z,7.967858927542969,1999
1998-06-13T12:00:00Z,7.730088301938498,1999
1998-06-14T12:00:00Z,7.606219539221423,1999
1998-06-15T12:00:00Z,7.21692119832137,1999
1998-06-16T12:00:00Z,7.156108487066863,1999
1998-06-17T12:00:00Z,7.131517561339025,1999
1998-06-18T12:00:00Z,7.184753920048855,1999
1998-06-19T12:00:00Z,6.9476891407420185,1999
1998-06-20T12:00:00Z,6.7207266670599735,1999
1998-06-21T12:00:00Z,6.871601535921349,1999
1998-06-22T12:00:00Z,6.781180369900676,1999
1998-06-23T12:00:00Z,6.468957242746194,1999
1998-06-24T12:00:00Z,6.1123536313972435,1999
1998-06-25T12:00:00Z,6.032965665267567,1999
1998-06-26T12:00:00Z,7.361129382220585,1999
1998-06-27T12:00:00Z,8.713973398382587,1999
1998-06-28T12:00:00Z,9.146711656616874,1999
1998-06-29T12:00:00Z,9.828768567710268,1999
1998-06-30T12:00:00Z,10.048227508224539,1999
1998-07-01T12:00:00Z,9.663922814530094,1999
1998-07-02T12:00:00Z,9.333245222680599,1999
1998-07-03T12:00:00Z,9.032880732773217,1999
1998-07-04T12:00:00Z,9.373164145708317,1999
1998-07-05T12:00:00Z,9.597662530648254,1999
1998-07-06T12:00:00Z,9.547117732887054,1999
1998-07-07T12:00:00Z,10.076798166876092,1999
1998-07-08T12:00:00Z,10.242378006771894,1999
1998-07-09T12:00:00Z,10.331045310218235,1999
1998-07-10T12:00:00Z,10.245324011962865,1999
1998-07-11T12:00:00Z,9.93495444336087,1999
1998-07-12T12:00:00Z,9.736899594473675,1999
1998-07-13T12:00:00Z,10.230874970920173,1999
1998-07-14T12:00:00Z,11.376975879940066,1999
1998-07-15T12:00:00Z,12.525170652015202,1999
1998-07-16T12:00:00Z,12.67972359028549,1999
1998-07-17T12:00:00Z,12.743330548030857,1999
1998-07-18T12:00:00Z,12.891514946174434,1999
1998-07-19T12:00:00Z,13.170368159622917,1999
1998-07-20T12:00:00Z,13.116848978461528,1999
1998-07-21T12:00:00Z,14.276494347080078,1999
1998-07-22T12:00:00Z,16.30477572977251,1999
1998-07-23T12:00:00Z,16.054465889487048,1999
1998-07-24T12:00:00Z,15.560037170696445,1999
1998-07-25T12:00:00Z,15.032955282628828,1999
1998-07-26T12:00:00Z,14.616961355610997,1999
1998-07-27T12:00:00Z,14.296662697817741,1999
1998-07-28T12:00:00Z,13.768092173799129,1999
1998-07-29T12:00:00Z,13.470715407806793,1999
1998-07-30T12:00:00Z,13.236294907524115,1999
1998-07-31T12:00:00Z,13.153831556401453,1999
1998-08-01T12:00:00Z,13.398888808541386,1999
1998-08-02T12:00:00Z,13.432696852569599,1999
1998-08-03T12:00:00Z,13.337433252932392,1999
1998-08-04T12:00:00Z,13.49410768735654,1999
1998-08-05T12:00:00Z,13.711097806149201,1999
1998-08-06T12:00:00Z,14.422356319474193,1999
1998-08-07T12:00:00Z,15.654614133605994,1999
1998-08-08T12:00:00Z,15.98697266352165,1999
1998-08-09T12:00:00Z,16.079051356380997,1999
1998-08-10T12:00:00Z,15.949649548892527,1999
1998-08-11T12:00:00Z,15.766789446650009,1999
1998-08-12T12:00:00Z,15.825278060268118,1999
1998-08-13T12:00:00Z,16.018139038356814,1999
1998-08-14T12:00:00Z,16.765969259218185,1999
1998-08-15T12:00:00Z,18.09685328471439,1999
1998-08-16T12:00:00Z,17.790886931368,1999
1998-08-17T12:00:00Z,17.813719394368125,1999
1998-08-18T12:00:00Z,18.31778322174547,1999
1998-08-19T12:00:00Z,18.714449005005527,1999
1998-08-20T12:00:00Z,18.91847179335315,1999
1998-08-21T12:00:00Z,19.159130929149214,1999
1998-08-22T12:00:00Z,19.37055192003054,1999
1998-08-23T12:00:00Z,18.89977162330321,1999
1998-08-24T12:00:00Z,18.40234923395424,1999
1998-08-25T12:00:00Z,17.863583489122867,1999
1998-08-26T12:00:00Z,17.487549995418625,1999
1998-08-27T12:00:00Z,18.039719147453347,1999
1998-08-28T12:00:00Z,18.647260183171824,1999
1998-08-29T12:00:00Z,18.378677688849894,1999
1998-08-30T12:00:00Z,17.908520070836314,1999
1998-08-31T12:00:00Z,17.80395939331447,1999
1998-09-01T12:00:00Z,17.613881977975193,1999
1998-09-02T12:00:00Z,17.17741437632003,1999
1998-09-03T12:00:00Z,16.913281424079422,1999
1998-09-04T12:00:00Z,16.736280680981253,1999
1998-09-05T12:00:00Z,17.221204104806485,1999
1998-09-06T12:00:00Z,17.4380679498807,1999
1998-09-07T12:00:00Z,17.399965840782404,1999
1998-09-08T12:00:00Z,17.43400821321508,1999
1998-09-09T12:00:00Z,17.27145976205297,1999
1998-09-10T12:00:00Z,17.407705205696452,1999
1998-09-11T12:00:00Z,17.325036435058372,1999
1998-09-12T12:00:00Z,16.83935922600263,1999
1998-09-13T12:00:00Z,16.43399224242781,1999
1998-09-14T12:00:00Z,15.967391013246793,1999
1998-09-15T12:00:00Z,17.23763412523223,1999
1998-09-16T12:00:00Z,22.199439879145608,1999
1998-09-17T12:00:00Z,24.942793039850578,1999
1998-09-18T12:00:00Z,26.899325449436347,1999
1998-09-19T12:00:00Z,26.762085851656234,1999
1998-09-20T12:00:00Z,26.25970162317872,1999
1998-09-21T12:00:00Z,25.96732237532837,1999
1998-09-22T12:00:00Z,26.75384108294002,1999
1998-09-23T12:00:00Z,27.515663744303435,1999
1998-09-24T12:00:00Z,26.970867405535543,1999
1998-09-25T12:00:00Z,29.50922396787817,1999
1998-09-26T12:00:00Z,31.3214762860484,1999
1998-09-27T12:00:00Z,30.822990650808425,1999
1998-09-28T12:00:00Z,30.239983487012452,1999
1998-09-29T12:00:00Z,29.69240411838752,1999
1998-09-30T12:00:00Z,29.027456362684138,1999
1998-10-01T12:00:00Z,28.46395585212371,1999
1998-10-02T12:00:00Z,27.97866578312275,1999
1998-10-03T12:00:00Z,27.655974662549113,1999
1998-10-04T12:00:00Z,28.6307031082243,1999
1998-10-05T12:00:00Z,28.445834030857515,1999
1998-10-06T12:00:00Z,28.005771216356088,1999
1998-10-07T12:00:00Z,27.729998916696967,1999
1998-10-08T12:00:00Z,27.558871619404822,1999
1998-10-09T12:00:00Z,27.239828094516046,1999
1998-10-10T12:00:00Z,27.118430062722737,1999
1998-10-11T12:00:00Z,27.111034284772884,1999
1998-10-12T12:00:00Z,27.228244537424505,1999
1998-10-13T12:00:00Z,27.67284632523076,1999
1998-10-14T12:00:00Z,27.480171704735977,1999
1998-10-15T12:00:00Z,27.14847196696671,1999
1998-10-16T12:00:00Z,26.661635134993055,1999
1998-10-17T12:00:00Z,26.213177021803748,1999
1998-10-18T12:00:00Z,25.844841575529152,1999
1998-10-19T12:00:00Z,26.06364501986751,1999
1998-10-20T12:00:00Z,26.453521206750224,1999
1998-10-21T12:00:00Z,26.527453695898775,1999
1998-10-22T12:00:00Z,27.609639259837166,1999
1998-10-23T12:00:00Z,27.349344357781032,1999
1998-10-24T12:00:00Z,26.910130924809575,1999
1998-10-25T12:00:00Z,26.508954632971125,1999
1998-10-26T12:00:00Z,26.179349261469753,1999
1998-10-27T12:00:00Z,25.83881079274924,1999
1998-10-28T12:00:00Z,25.50360369103195,1999
1998-10-29T12:00:00Z,25.109933260722446,1999
1998-10-30T12:00:00Z,24.81525588992994,1999
1998-10-31T12:00:00Z,24.559658922317794,1999
1998-11-01T12:00:00Z,24.311303086635768,1999
1998-11-02T12:00:00Z,24.07412919869736,1999
1998-11-03T12:00:00Z,23.86587981161945,1999
1998-11-04T12:00:00Z,25.3544572415945,1999
1998-11-05T12:00:00Z,29.640411531539904,1999
1998-11-06T12:00:00Z,29.638825861924307,1999
1998-11-07T12:00:00Z,29.378484390531536,1999
1998-11-08T12:00:00Z,29.0499441454156,1999
1998-11-09T12:00:00Z,28.714928318821368,1999
1998-11-10T12:00:00Z,28.42709879478208,1999
1998-11-11T12:00:00Z,28.127209611550835,1999
1998-11-12T12:00:00Z,27.735375391327786,1999
1998-11-13T12:00:00Z,27.39762722504828,1999
1998-11-14T12:00:00Z,27.087435020452382,1999
1998-11-15T12:00:00Z,26.825188642617654,1999
1998-11-16T12:00:00Z,26.589789942149203,1999
1998-11-17T12:00:00Z,26.678973827002448,1999
1998-11-18T12:00:00Z,26.471760664000215,1999
1998-11-19T12:00:00Z,26.382871344624256,1999
1998-11-20T12:00:00Z,26.199637781207638,1999
1998-11-21T12:00:00Z,26.007199648872064,1999
1998-11-22T12:00:00Z,25.940226234371586,1999
1998-11-23T12:00:00Z,25.995681869972,1999
1998-11-24T12:00:00Z,25.985985593300725,1999
1998-11-25T12:00:00Z,26.24031265414777,1999
1998-11-26T12:00:00Z,26.155527231392032,1999
1998-11-27T12:00:00Z,26.004137200916897,1999
1998-11-28T12:00:00Z,25.770228795276683,1999
1998-11-29T12:00:00Z,25.464479426235457,1999
1998-11-30T12:00:00Z,25.342553355060993,1999
1998-12-01T12:00:00Z,25.197454017803555,1999
1998-12-02T12:00:00Z,25.02070612230217,1999
1998-12-03T12:00:00Z,24.85008298514756,1999
1998-12-04T12:00:00Z,24.71347898491216,1999
1998-12-05T12:00:00Z,24.53929556945629,1999
1998-12-06T12:00:00Z,24.345158336842097,1999
1998-12-07T12:00:00Z,24.177967198285018,1999
1998-12-08T12:00:00Z,24.02031274224822,1999
1998-12-09T12:00:00Z,23.883864848457282,1999
1998-12-10T12:00:00Z,23.79491560129881,1999
1998-12-11T12:00:00Z,23.73487563929525,1999
1998-12-12T12:00:00Z,23.79025711932682,1999
1998-12-13T12:00:00Z,23.700742987320776,1999
1998-12-14T12:00:00Z,23.835376124143835,1999
1998-12-15T12:00:00Z,23.70928776707869,1999
1998-12-16T12:00:00Z,23.520997972166153,1999
1998-12-17T12:00:00Z,23.307074775261462,1999
1998-12-18T12:00:00Z,23.17952142267631,1999
1998-12-19T12:00:00Z,23.00704102594402,1999
1998-12-20T12:00:00Z,22.953782368103276,1999
1998-12-21T12:00:00Z,22.892151663714362,1999
1998-12-22T12:00:00Z,22.792498661103377,1999
1998-12-23T12:00:00Z,22.69038103000424,1999
1998-12-24T12:00:00Z,22.5860628439794,1999
1998-12-25T12:00:00Z,22.462247032435005,1999
1998-12-26T12:00:00Z,22.37423618388573,1999
1998-12-27T12:00:00Z,22.347244695269744,1999
1998-12-28T12:00:00Z,22.6556519182959,1999
1998-12-29T12:00:00Z,22.67341744939447,1999
1998-12-30T12:00:00Z,22.18547680216835,1999
1998-12-31T12:00:00Z,21.79545904379867,1999
1999-01-01T12:00:00Z,21.577149030621676,1999
1999-01-02T12:00:00Z,21.480984751782387,1999
1999-01-03T12:00:00Z,22.737130325769932,1999
1999-01-04T12:00:00Z,23.166453295940283,1999
1999-01-05T12:00:00Z,23.42176787825219,1999
1999-01-06T12:00:00Z,23.159471057152537,1999
1999-01-07T12:00:00Z,22.956638487090558,1999
1999-01-08T12:00:00Z,22.739527565643673,1999
1999-01-09T12:00:00Z,22.572797963107835,1999
1999-01-10T12:00:00Z,22.939889282087385,1999
1999-01-11T12:00:00Z,22.927016434963726,1999
1999-01-12T12:00:00Z,22.503099726428015,1999
1999-01-13T12:00:00Z,22.326563288334185,1999
1999-01-14T12:00:00Z,22.17354428745974,1999
1999-01-15T12:00:00Z,21.98699132406046,1999
1999-01-16T12:00:00Z,21.74993012935711,1999
1999-01-17T12:00:00Z,21.601389780801146,1999
1999-01-18T12:00:00Z,21.354337833455446,1999
1999-01-19T12:00:00Z,21.13464898883304,1999
1999-01-20T12:00:00Z,20.93884133327019,1999
1999-01-21T12:00:00Z,20.698922974834478,1999
1999-01-22T12:00:00Z,20.482206152048214,1999
1999-01-23T12:00:00Z,20.143139975194714,1999
1999-01-24T12:00:00Z,21.98467070484255,1999
1999-01-25T12:00:00Z,22.50756420648997,1999
1999-01-26T12:00:00Z,22.195416735750452,1999
1999-01-27T12:00:00Z,21.917193913961835,1999
1999-01-28T12:00:00Z,21.67316537195275,1999
1999-01-29T12:00:00Z,21.320872168746448,1999
1999-01-30T12:00:00Z,20.89928281949386,1999
1999-01-31T12:00:00Z,20.61319785847837,1999
1999-02-01T12:00:00Z,20.369406637131995,1999
1999-02-02T12:00:00Z,20.14387655914355,1999
1999-02-03T12:00:00Z,20.017420601389436,1999
1999-02-04T12:00:00Z,19.69886546298409,1999
1999-02-05T12:00:00Z,19.381901150072007,1999
1999-02-06T12:00:00Z,19.116327144163247,1999
1999-02-07T12:00:00Z,18.749173013990003,1999
1999-02-08T12:00:00Z,18.49609930644306,1999
1999-02-09T12:00:00Z,18.237129670574195,1999
1999-02-10T12:00:00Z,18.061105456717684,1999
1999-02-11T12:00:00Z,17.909433055572013,1999
1999-02-12T12:00:00Z,18.010539989478442,1999
1999-02-13T12:00:00Z,18.368828142961956,1999
1999-02-14T12:00:00Z,18.008340183930812,1999
1999-02-15T12:00:00Z,17.634633933756426,1999
1999-02-16T12:00:00Z,17.349940726957872,1999
1999-02-17T12:00:00Z,17.06598269237127,1999
1999-02-18T12:00:00Z,16.811888370749767,1999
1999-02-19T12:00:00Z,16.730955249602367,1999
1999-02-20T12:00:00Z,16.610808347178722,1999
1999-02-21T12:00:00Z,16.38630250528907,1999
1999-02-22T12:00:00Z,15.943768420129517,1999
1999-02-23T12:00:00Z,15.60625729837567,1999
1999-02-24T12:00:00Z,15.375764855762887,1999
1999-02-25T12:00:00Z,15.083197342146855,1999
1999-02-26T12:00:00Z,14.779301835697265,1999
1999-02-27T12:00:00Z,14.514313856748013,1999
1999-02-28T12:00:00Z,14.286986787837586,1999
1999-03-01T12:00:00Z,14.049743985715272,1999
1999-03-02T12:00:00Z,13.7576756873397,1999
1999-03-03T12:00:00Z,13.754986186884526,1999
1999-03-04T12:00:00Z,13.860664341662236,1999
1999-03-05T12:00:00Z,13.574613293214362,1999
1999-03-06T12:00:00Z,13.323553396625687,1999
1999-03-07T12:00:00Z,13.061375700540104,1999
1999-03-08T12:00:00Z,12.748847487729398,1999
1999-03-09T12:00:00Z,12.483606262065754,1999
1999-03-10T12:00:00Z,12.276738821041572,1999
1999-03-11T12:00:00Z,12.004831068727109,1999
1999-03-12T12:00:00Z,11.69727746980314,1999
1999-03-13T12:00:00Z,11.459127769881201,1999
1999-03-14T12:00:00Z,11.210842560717689,1999
1999-03-15T12:00:00Z,11.187613474330286,1999
1999-03-16T12:00:00Z,10.98374746951487,1999
1999-03-17T12:00:00Z,10.780530973962426,1999
1999-03-18T12:00:00Z,10.540397478948027,1999
1999-03-19T12:00:00Z,10.386047581297936,1999
1999-03-20T12:00:00Z,10.194624935658274,1999
1999-03-21T12:00:00Z,10.03297169522604,1999
1999-03-22T12:00:00Z,9.797375746998101,1999
1999-03-23T12:00:00Z,9.53263770378068,1999
1999-03-24T12:00:00Z,9.250173436772227,1999
1999-03-25T12:00:00Z,9.014987900032937,1999
1999-03-26T12:00:00Z,8.79388546682128,1999
1999-03-27T12:00:00Z,8.597003243975962,1999
1999-03-28T12:00:00Z,8.341995666823355,1999
1999-03-29T12:00:00Z,8.106569080645844,1999
1999-03-30T12:00:00Z,7.766370178810179,1999
1999-03-31T12:00:00Z,7.4169489092504595,1999
1999-04-01T12:00:00Z,7.290877317938585,1999
1999-04-02T12:00:00Z,7.1644288939196725,1999
1999-04-03T12:00:00Z,6.981696011410638,1999
1999-04-04T12:00:00Z,6.719070955687709,1999
1999-04-05T12:00:00Z,6.436944231604035,1999
1999-04-06T12:00:00Z,6.16886844971271,1999
1999-04-07T12:00:00Z,5.7718436259831085,1999
1999-04-08T12:00:00Z,5.456081687715215,1999
1999-04-09T12:00:00Z,5.241354317681446,1999
1999-04-10T12:00:00Z,5.028730761210903,1999
1999-04-11T12:00:00Z,4.79930059215552,1999
1999-04-12T12:00:00Z,4.613826041497166,1999
1999-04-13T12:00:00Z,4.367801814483266,1999
1999-04-14T12:00:00Z,4.094637768649214,1999
1999-04-15T12:00:00Z,3.932120394438184,1999
1999-04-16T12:00:00Z,3.7911663873188646,1999
1999-04-17T12:00:00Z,3.6550609631531388,1999
1999-04-18T12:00:00Z,3.7385919175669917,1999
1999-04-19T12:00:00Z,3.7464065718224653,1999
1999-04-20T12:00:00Z,3.614621111555034,1999
1999-04-21T12:00:00Z,3.42831975725442,1999
1999-04-22T12:00:00Z,3.2245720703267913,1999
1999-04-23T12:00:00Z,3.0749379130582035,1999
1999-04-24T12:00:00Z,2.9099554470073463,1999
1999-04-25T12:00:00Z,2.841971439432561,1999
1999-04-26T12:00:00Z,2.623387446681386,1999
1999-04-27T12:00:00Z,2.6251766703971806,1999
1999-04-28T12:00:00Z,3.180400911029009,1999
1999-04-29T12:00:00Z,3.5705647310594153,1999
1999-04-30T12:00:00Z,3.4127532524063118,1999
1999-05-01T12:00:00Z,3.2464621482178,1999
1999-05-02T12:00:00Z,3.07645606561459,1999
1999-05-03T12:00:00Z,2.927585137783605,1999
1999-05-04T12:00:00Z,2.7906814004893867,1999
1999-05-05T12:00:00Z,2.6615647472142,1999
1999-05-06T12:00:00Z,2.510552796677674,1999
1999-05-07T12:00:00Z,2.376767633599936,1999
1999-05-08T12:00:00Z,2.3388367564274213,1999
1999-05-09T12:00:00Z,2.572780479600217,1999
1999-05-10T12:00:00Z,3.017544963917933,1999
1999-05-11T12:00:00Z,3.38540373927203,1999
1999-05-12T12:00:00Z,3.784633541095502,1999
1999-05-13T12:00:00Z,4.033418758247088,1999
1999-05-14T12:00:00Z,3.919077013160059,1999
1999-05-15T12:00:00Z,3.725060914347384,1999
1999-05-16T12:00:00Z,3.5856987012121517,1999
1999-05-17T12:00:00Z,3.8198078948416976,1999
1999-05-18T12:00:00Z,4.072003727906131,1999
1999-05-19T12:00:00Z,4.590034412596299,1999
1999-05-20T12:00:00Z,5.727096083786532,1999
1999-05-21T12:00:00Z,6.609600695506482,1999
1999-05-22T12:00:00Z,6.829171340954175,1999
1999-05-23T12:00:00Z,7.057256829687536,1999
1999-05-24T12:00:00Z,6.704443492314958,1999
1999-05-25T12:00:00Z,6.334026913258751,1999
1999-05-26T12:00:00Z,6.041941131258805,1999
1999-05-27T12:00:00Z,5.908156632530584,1999
1999-05-28T12:00:00Z,5.6901302142311385,1999
1999-05-29T12:00:00Z,5.881956320399753,1999
1999-05-30T12:00:00Z,6.44410005165711,1999
1999-06-01T12:00:00Z,6.78628887157599,2000
1999-06-02T12:00:00Z,8.651471960022096,2000
1999-06-03T12:00:00Z,9.42747662797147,2000
1999-06-04T12:00:00Z,9.724234013307573,2000
1999-06-05T12:00:00Z,9.478752581636538,2000
1999-06-06T12:00:00Z,9.096014613759623,2000
1999-06-07T12:00:00Z,9.460587359420465,2000
1999-06-08T12:00:00Z,10.605709937060148,2000
1999-06-09T12:00:00Z,11.001331470061702,2000
1999-06-10T12:00:00Z,11.303884851815768,2000
1999-06-11T12:00:00Z,11.57594836268439,2000
1999-06-12T12:00:00Z,11.860089377955289,2000
1999-06-13T12:00:00Z,11.807229615974146,2000
1999-06-14T12:00:00Z,11.747924180718524,2000
1999-06-15T12:00:00Z,12.554185173683138,2000
1999-06-16T12:00:00Z,13.011860033767581,2000
1999-06-17T12:00:00Z,13.893884589856565,2000
1999-06-18T12:00:00Z,15.049364304974544,2000
1999-06-19T12:00:00Z,16.52837596720743,2000
1999-06-20T12:00:00Z,17.445496109405298,2000
1999-06-21T12:00:00Z,18.16041631104897,2000
1999-06-22T12:00:00Z,19.244992546166543,2000
1999-06-23T12:00:00Z,19.314035430139004,2000
1999-06-24T12:00:00Z,19.82139447716144,2000
1999-06-25T12:00:00Z,19.821642213306745,2000
1999-06-26T12:00:00Z,20.17235584476202,2000
1999-06-27T12:00:00Z,20.464814574291143,2000
1999-06-28T12:00:00Z,20.333594373157514,2000
1999-06-29T12:00:00Z,21.67269567035204,2000
1999-06-30T12:00:00Z,23.82186328965466,2000
1999-07-01T12:00:00Z,16.103711970878816,2000
1999-10-01T12:00:00Z,36.49036050734861,2000
1999-10-02T12:00:00Z,35.71409767264834,2000
1999-10-03T12:00:00Z,35.620560990071084,2000
1999-10-04T12:00:00Z,35.67664671224431,2000
1999-10-05T12:00:00Z,35.82876763142988,2000
1999-10-06T12:00:00Z,35.4360908796925,2000
1999-10-07T12:00:00Z,35.264785400637216,2000
1999-10-08T12:00:00Z,35.395231490083816,2000
1999-10-09T12:00:00Z,36.34263214696049,2000
1999-10-10T12:00:00Z,36.331712799090944,2000
1999-10-11T12:00:00Z,36.03649744328976,2000
1999-10-12T12:00:00Z,35.7052127588741,2000
1999-10-13T12:00:00Z,35.301985737299006,2000
1999-10-14T12:00:00Z,37.28604693856459,2000
1999-10-15T12:00:00Z,52.89601920778908,2000
1999-10-16T12:00:00Z,60.08300035459872,2000
1999-10-17T12:00:00Z,58.849293553934274,2000
1999-10-18T12:00:00Z,57.38135483748299,2000
1999-10-19T12:00:00Z,56.01357835140097,2000
1999-10-20T12:00:00Z,54.85131463061117,2000
1999-10-21T12:00:00Z,53.67555910011463,2000
1999-10-22T12:00:00Z,52.468216515334646,2000
1999-10-23T12:00:00Z,51.15963347432195,2000
1999-10-24T12:00:00Z,49.919521690092175,2000
1999-10-25T12:00:00Z,48.808509961538284,2000
1999-10-26T12:00:00Z,47.962048307898925,2000
1999-10-27T12:00:00Z,47.21310437984261,2000
1999-10-28T12:00:00Z,46.29118044299314,2000
1999-10-29T12:00:00Z,45.935029973899695,2000
1999-10-30T12:00:00Z,45.40339008475144,2000
1999-10-31T12:00:00Z,44.949316244470964,2000
1999-11-01T12:00:00Z,44.580572700780706,2000
1999-11-02T12:00:00Z,45.136234369941135,2000
1999-11-03T12:00:00Z,44.985249096219384,2000
1999-11-04T12:00:00Z,44.429731076658065,2000
1999-11-05T12:00:00Z,43.97987681612095,2000
1999-11-06T12:00:00Z,43.60869436105248,2000
1999-11-07T12:00:00Z,43.323284406783415,2000
1999-11-08T12:00:00Z,42.98118152506321,2000
1999-11-09T12:00:00Z,42.62284020947896,2000
1999-11-10T12:00:00Z,42.36922585714342,2000
1999-11-11T12:00:00Z,42.18834602185959,2000
1999-11-12T12:00:00Z,41.96125592886526,2000
1999-11-13T12:00:00Z,41.64754382496833,2000
1999-11-14T12:00:00Z,41.365477176931535,2000
1999-11-15T12:00:00Z,41.08646088543181,2000
1999-11-16T12:00:00Z,40.84561762851786,2000
1999-11-17T12:00:00Z,40.58576786235544,2000
1999-11-18T12:00:00Z,40.35892530043375,2000
1999-11-19T12:00:00Z,40.05632947913346,2000
1999-11-20T12:00:00Z,39.83582857853052,2000
1999-11-21T12:00:00Z,39.75657818006839,2000
1999-11-22T12:00:00Z,39.632730457574915,2000
1999-11-23T12:00:00Z,39.483376206193455,2000
1999-11-24T12:00:00Z,39.55707109168274,2000
1999-11-25T12:00:00Z,39.61077696448091,2000
1999-11-26T12:00:00Z,39.864855128240634,2000
1999-11-27T12:00:00Z,39.54940470192037,2000
1999-11-28T12:00:00Z,39.22244356161934,2000
1999-11-29T12:00:00Z,38.88503166889,2000
1999-11-30T12:00:00Z,38.58064454393452,2000
1999-12-01T12:00:00Z,38.11427559647107,2000
1999-12-02T12:00:00Z,37.69433018322906,2000
1999-12-03T12:00:00Z,37.302005694125,2000
1999-12-04T12:00:00Z,37.029932718342366,2000
1999-12-05T12:00:00Z,36.836404165208165,2000
1999-12-06T12:00:00Z,36.63480513766043,2000
1999-12-07T12:00:00Z,36.369587053678174,2000
1999-12-08T12:00:00Z,36.180861587879356,2000
1999-12-09T12:00:00Z,36.293095614324,2000
1999-12-10T12:00:00Z,36.32635229677692,2000
1999-12-11T12:00:00Z,36.15705292068429,2000
1999-12-12T12:00:00Z,35.91505442268117,2000
1999-12-13T12:00:00Z,35.63573216565326,2000
1999-12-14T12:00:00Z,35.495091837790525,2000
1999-12-15T12:00:00Z,35.27539492288603,2000
1999-12-16T12:00:00Z,34.82517764958298,2000
1999-12-17T12:00:00Z,34.398914454522725,2000
1999-12-18T12:00:00Z,34.17050109161803,2000
1999-12-19T12:00:00Z,33.855398238207286,2000
1999-12-20T12:00:00Z,33.47981200008037,2000
1999-12-21T12:00:00Z,33.234887857792074,2000
1999-12-22T12:00:00Z,33.17001928708696,2000
1999-12-23T12:00:00Z,32.93081016479814,2000
1999-12-24T12:00:00Z,32.58002748769597,2000
1999-12-25T12:00:00Z,32.04818584223102,2000
1999-12-26T12:00:00Z,31.580519953203716,2000
1999-12-27T12:00:00Z,31.198475651409435,2000
1999-12-28T12:00:00Z,30.94798588635989,2000
1999-12-29T12:00:00Z,30.5754759785711,2000
1999-12-30T12:00:00Z,30.07873574288655,2000
1999-12-31T12:00:00Z,29.810541451853005,2000
2000-01-01T12:00:00Z,29.449342354271018,2000
2000-01-02T12:00:00Z,29.1374759076508,2000
2000-01-03T12:00:00Z,28.84180390059539,2000
2000-01-04T12:00:00Z,28.54568332341462,2000
2000-01-05T12:00:00Z,28.243095026240407,2000
2000-01-06T12:00:00Z,27.941537814532627,2000
2000-01-07T12:00:00Z,27.68988694873776,2000
2000-01-08T12:00:00Z,27.430320821055936,2000
2000-01-09T12:00:00Z,27.158152690059875,2000
2000-01-10T12:00:00Z,26.884889859433972,2000
2000-01-11T12:00:00Z,26.637071832480324,2000
2000-01-12T12:00:00Z,26.33543536163334,2000
2000-01-13T12:00:00Z,25.922625723851883,2000
2000-01-14T12:00:00Z,25.557637815377387,2000
2000-01-15T12:00:00Z,25.095480377643746,2000
2000-01-16T12:00:00Z,24.782702250421107,2000
2000-01-17T12:00:00Z,24.411755609413085,2000
2000-01-18T12:00:00Z,24.18577389372084,2000
2000-01-19T12:00:00Z,23.90330856934584,2000
2000-01-20T12:00:00Z,23.80057622214139,2000
2000-01-21T12:00:00Z,23.51980642715467,2000
2000-01-22T12:00:00Z,23.19175606877867,2000
2000-01-23T12:00:00Z,22.971833463986638,2000
2000-01-24T12:00:00Z,23.666915895632968,2000
2000-01-25T12:00:00Z,23.51025072603571,2000
2000-01-26T12:00:00Z,23.302500060839936,2000
2000-01-27T12:00:00Z,22.941075269803477,2000
2000-01-28T12:00:00Z,22.698916936416932,2000
2000-01-29T12:00:00Z,22.52196159001429,2000
2000-01-30T12:00:00Z,22.262287504485027,2000
2000-01-31T12:00:00Z,22.08758412524255,2000
2000-02-01T12:00:00Z,21.90863030101013,2000
2000-02-02T12:00:00Z,21.73552845414075,2000
2000-02-03T12:00:00Z,21.67657053275627,2000
2000-02-04T12:00:00Z,21.741185636256514,2000
2000-02-05T12:00:00Z,21.56613368928491,2000
2000-02-06T12:00:00Z,21.199500731407255,2000
2000-02-07T12:00:00Z,21.00440272693536,2000
2000-02-08T12:00:00Z,20.94972752988864,2000
2000-02-09T12:00:00Z,22.102321262457696,2000
2000-02-10T12:00:00Z,21.872354328854193,2000
2000-02-11T12:00:00Z,21.676182862290208,2000
2000-02-12T12:00:00Z,21.466109223907537,2000
2000-02-13T12:00:00Z,21.24499900418094,2000
2000-02-14T12:00:00Z,21.06133837587803,2000
2000-02-15T12:00:00Z,20.862059909332977,2000
2000-02-16T12:00:00Z,20.433181465197496,2000
2000-02-17T12:00:00Z,19.999219984802746,2000
2000-02-18T12:00:00Z,19.597672560913207,2000
2000-02-19T12:00:00Z,19.207562857440124,2000
2000-02-20T12:00:00Z,18.822250286442294,2000
2000-02-21T12:00:00Z,18.459176506293275,2000
2000-02-22T12:00:00Z,18.13603557557247,2000
2000-02-23T12:00:00Z,17.956831243678007,2000
2000-02-24T12:00:00Z,17.685659670934854,2000
2000-02-25T12:00:00Z,17.340848541560415,2000
2000-02-26T12:00:00Z,17.085322332691607,2000
2000-02-27T12:00:00Z,16.801352816954417,2000
2000-02-28T12:00:00Z,16.46801328811426,2000
2000-02-29T12:00:00Z,16.356292525397926,2000
2000-03-01T12:00:00Z,16.048764783920433,2000
2000-03-02T12:00:00Z,15.747416142662521,2000
2000-03-03T12:00:00Z,15.211944066471148,2000
2000-03-04T12:00:00Z,14.877785243185913,2000
2000-03-05T12:00:00Z,14.537504540335654,2000
2000-03-06T12:00:00Z,14.170808597970078,2000
2000-03-07T12:00:00Z,13.76270965333083,2000
2000-03-08T12:00:00Z,13.33030952592321,2000
2000-03-09T12:00:00Z,13.016259870654105,2000
2000-03-10T12:00:00Z,12.647382445398437,2000
2000-03-11T12:00:00Z,12.468378213255226,2000
2000-03-12T12:00:00Z,12.44158146280383,2000
2000-03-13T12:00:00Z,12.038199313252026,2000
2000-03-14T12:00:00Z,11.597988971300154,2000
2000-03-15T12:00:00Z,11.267108005477912,2000
2000-03-16T12:00:00Z,11.040696115965474,2000
2000-03-17T12:00:00Z,10.763464348169954,2000
2000-03-18T12:00:00Z,10.73540276700264,2000
2000-03-19T12:00:00Z,11.181573336578023,2000
2000-03-20T12:00:00Z,10.925012912099906,2000
2000-03-21T12:00:00Z,10.627082397690979,2000
2000-03-22T12:00:00Z,10.3023350289896,2000
2000-03-23T12:00:00Z,9.894859206980051,2000
2000-03-24T12:00:00Z,9.449559721715538,2000
2000-03-25T12:00:00Z,9.093394080262694,2000
2000-03-26T12:00:00Z,8.737856198921728,2000
2000-03-27T12:00:00Z,8.463599330364898,2000
2000-03-28T12:00:00Z,8.496517673295346,2000
2000-03-29T12:00:00Z,8.251925754474145,2000
2000-03-30T12:00:00Z,7.94294841873891,2000
2000-03-31T12:00:00Z,7.632202317093542,2000
2000-04-01T12:00:00Z,7.301434301769581,2000
2000-04-02T12:00:00Z,6.943403360478208,2000
2000-04-03T12:00:00Z,6.601761756783367,2000
2000-04-04T12:00:00Z,6.317583623490534,2000
2000-04-05T12:00:00Z,5.724973451904405,2000
2000-04-06T12:00:00Z,5.6041742865474165,2000
2000-04-07T12:00:00Z,5.341975682506102,2000
2000-04-08T12:00:00Z,5.212857960422872,2000
2000-04-09T12:00:00Z,5.3435109493657436,2000
2000-04-10T12:00:00Z,4.965266753644131,2000
2000-04-11T12:00:00Z,4.6975723351776075,2000
2000-04-12T12:00:00Z,4.567283150363973,2000
2000-04-13T12:00:00Z,4.826866697984857,2000
2000-04-14T12:00:00Z,9.592889237123652,2000
2000-04-15T12:00:00Z,10.31128054892865,2000
2000-04-16T12:00:00Z,10.199075365425557,2000
2000-04-17T12:00:00Z,10.280402141745247,2000
2000-04-18T12:00:00Z,9.964217331488848,2000
2000-04-19T12:00:00Z,9.659599053602845,2000
2000-04-20T12:00:00Z,9.3771043564909,2000
2000-04-21T12:00:00Z,9.155554589083332,2000
2000-04-22T12:00:00Z,8.888317434999081,2000
2000-04-23T12:00:00Z,8.601425283242394,2000
2000-04-24T12:00:00Z,8.317744129995408,2000
2000-04-25T12:00:00Z,8.035054994172377,2000
2000-04-26T12:00:00Z,7.7660061684633215,2000
2000-04-27T12:00:00Z,7.508799479710601,2000
2000-04-28T12:00:00Z,7.216339981109342,2000
2000-04-29T12:00:00Z,6.947519646767421,2000
2000-04-30T12:00:00Z,6.678685211043633,2000
2000-05-01T12:00:00Z,6.384683161524437,2000
2000-05-02T12:00:00Z,6.143975513461288,2000
2000-05-03T12:00:00Z,5.942550764137279,2000
2000-05-04T12:00:00Z,5.716333639474328,2000
2000-05-05T12:00:00Z,5.498812664495042,2000
2000-05-06T12:00:00Z,5.228578812765445,2000
2000-05-07T12:00:00Z,5.081822889652122,2000
2000-05-08T12:00:00Z,4.986907292112898,2000
2000-05-09T12:00:00Z,5.042694256424787,2000
2000-05-10T12:00:00Z,4.859889226089378,2000
2000-05-11T12:00:00Z,4.989661017325903,2000
2000-05-12T12:00:00Z,4.7593435722513595,2000
2000-05-13T12:00:00Z,4.559624364794059,2000
2000-05-14T12:00:00Z,4.422679712828413,2000
2000-05-15T12:00:00Z,4.292782371442302,2000
2000-05-16T12:00:00Z,4.288992588807273,2000
2000-05-17T12:00:00Z,4.158718225094294,2000
2000-05-18T12:00:00Z,3.916083039258708,2000
2000-05-19T12:00:00Z,3.5673419426283806,2000
2000-05-20T12:00:00Z,3.3523060965374567,2000
2000-05-21T12:00:00Z,3.13019260158735,2000
2000-05-22T12:00:00Z,2.977482171366894,2000
2000-05-23T12:00:00Z,2.8056977146694644,2000
2000-05-24T12:00:00Z,2.6895611786468727,2000
2000-05-25T12:00:00Z,2.5775314837606595,2000
2000-05-26T12:00:00Z,2.7817593854624896,2000
2000-05-27T12:00:00Z,2.9498583297654766,2000
2000-05-28T12:00:00Z,2.799850783385446,2000
2000-05-29T12:00:00Z,3.139289108867393,2000
2000-05-30T12:00:00Z,2.948525832606576,2000
2000-06-01T12:00:00Z,4.0472245387302435,2001
2000-06-02T12:00:00Z,4.6982684098278975,2001
2000-06-03T12:00:00Z,4.776874817124076,2001
2000-06-04T12:00:00Z,5.224121895172687,2001
2000-06-05T12:00:00Z,5.949852240332981,2001
2000-06-06T12:00:00Z,5.970906129942059,2001
2000-06-07T12:00:00Z,6.010394147671868,2001
2000-06-08T12:00:00Z,7.286112084999374,2001
2000-06-09T12:00:00Z,9.311575081421976,2001
2000-06-10T12:00:00Z,10.037342071582826,2001
2000-06-11T12:00:00Z,10.791041060000746,2001
2000-06-12T12:00:00Z,10.955175570701408,2001
2000-06-13T12:00:00Z,10.512333158659771,2001
2000-06-14T12:00:00Z,10.034611194613632,2001
2000-06-15T12:00:00Z,9.57721089082063,2001
2000-06-16T12:00:00Z,9.240209429630104,2001
2000-06-17T12:00:00Z,8.831220306877876,2001
2000-06-18T12:00:00Z,8.491591422124078,2001
2000-06-19T12:00:00Z,8.389487879108145,2001
2000-06-20T12:00:00Z,8.045491258544622,2001
2000-06-21T12:00:00Z,9.069098513600409,2001
2000-06-22T12:00:00Z,9.261307778793965,2001
2000-06-23T12:00:00Z,9.478482876465556,2001
2000-06-24T12:00:00Z,9.535383512469394,2001
2000-06-25T12:00:00Z,9.76309760355926,2001
2000-06-26T12:00:00Z,9.752351746508937,2001
2000-06-27T12:00:00Z,9.792458550140159,2001
2000-06-28T12:00:00Z,9.837792743892791,2001
2000-06-29T12:00:00Z,9.528727616917024,2001
2000-06-30T12:00:00Z,9.388953089775349,2001
2000-07-01T12:00:00Z,9.017721951906875,2001
2000-07-02T12:00:00Z,8.889456685207032,2001
2000-07-03T12:00:00Z,10.248263105429002,2001
2000-07-04T12:00:00Z,10.954374402603838,2001
2000-07-05T12:00:00Z,11.244774923671354,2001
2000-07-06T12:00:00Z,11.513724641014441,2001
2000-07-07T12:00:00Z,11.577066936462856,2001
2000-07-08T12:00:00Z,11.461849816772542,2001
2000-07-09T12:00:00Z,11.47805727801407,2001
2000-07-10T12:00:00Z,12.30752111109417,2001
2000-07-11T12:00:00Z,12.92573430095667,2001
2000-07-12T12:00:00Z,13.224729680886583,2001
2000-07-13T12:00:00Z,13.233333178446879,2001
2000-07-14T12:00:00Z,12.898600825827922,2001
2000-07-15T12:00:00Z,12.595792256267952,2001
2000-07-16T12:00:00Z,12.734034775298209,2001
2000-07-17T12:00:00Z,12.974193410051441,2001
2000-07-18T12:00:00Z,13.033291687717867,2001
2000-07-19T12:00:00Z,12.876137741177136,2001
2000-07-20T12:00:00Z,12.51685241921992,2001
2000-07-21T12:00:00Z,12.183825540805307,2001
2000-07-22T12:00:00Z,13.083040219224282,2001
2000-07-23T12:00:00Z,12.98824311435281,2001
2000-07-24T12:00:00Z,13.297126838538603,2001
2000-07-25T12:00:00Z,14.26077443348439,2001
2000-07-26T12:00:00Z,14.229670122438032,2001
2000-07-27T12:00:00Z,14.10358647486372,2001
2000-07-28T12:00:00Z,14.539895634634838,2001
2000-07-29T12:00:00Z,14.61116940394905,2001
2000-07-30T12:00:00Z,14.59836949970533,2001
2000-07-31T12:00:00Z,14.432577006240082,2001
2000-08-01T12:00:00Z,14.06471372096709,2001
2000-08-02T12:00:00Z,14.945667658578403,2001
2000-08-03T12:00:00Z,16.668527895177146,2001
2000-08-04T12:00:00Z,16.58522110830675,2001
2000-08-05T12:00:00Z,16.129934064029598,2001
2000-08-06T12:00:00Z,16.83520633319683,2001
2000-08-07T12:00:00Z,17.29993366191016,2001
2000-08-08T12:00:00Z,16.70437305804915,2001
2000-08-09T12:00:00Z,16.217202145065546,2001
2000-08-10T12:00:00Z,15.966501413433138,2001
2000-08-11T12:00:00Z,15.713412791998449,2001
2000-08-12T12:00:00Z,15.471058562453416,2001
2000-08-13T12:00:00Z,15.195894407011735,2001
2000-08-14T12:00:00Z,14.77459331407603,2001
2000-08-15T12:00:00Z,14.57219089546353,2001
2000-08-16T12:00:00Z,16.32479894214933,2001
2000-08-17T12:00:00Z,15.99130285096799,2001
2000-08-18T12:00:00Z,15.73358483975361,2001
2000-08-19T12:00:00Z,15.624328623299034,2001
2000-08-20T12:00:00Z,15.546269687686214,2001
2000-08-21T12:00:00Z,15.410906873650696,2001
2000-08-22T12:00:00Z,15.076840912233253,2001
2000-08-23T12:00:00Z,14.636780803794375,2001
2000-08-24T12:00:00Z,14.757050706730766,2001
2000-08-25T12:00:00Z,14.022323556955135,2001
2000-08-26T12:00:00Z,13.875032882895923,2001
2000-08-27T12:00:00Z,14.00438032710704,2001
2000-08-28T12:00:00Z,14.272287758417157,2001
2000-08-29T12:00:00Z,14.18237993201126,2001
2000-08-30T12:00:00Z,14.611826353932454,2001
2000-08-31T12:00:00Z,14.789129065299711,2001
2000-09-01T12:00:00Z,15.042174639827941,2001
2000-09-02T12:00:00Z,14.82578922803208,2001
2000-09-03T12:00:00Z,14.563412924891704,2001
2000-09-04T12:00:00Z,14.109585483884485,2001
2000-09-05T12:00:00Z,13.695139400569046,2001
2000-09-06T12:00:00Z,13.409463888377564,2001
2000-09-07T12:00:00Z,13.675196862407576,2001
2000-09-08T12:00:00Z,13.95215885534109,2001
2000-09-09T12:00:00Z,14.141405426696979,2001
2000-09-10T12:00:00Z,14.86639876545468,2001
2000-09-11T12:00:00Z,15.005874297084118,2001
2000-09-12T12:00:00Z,16.311464201248125,2001
2000-09-13T12:00:00Z,16.764492899337082,2001
2000-09-14T12:00:00Z,17.091648198435053,2001
2000-09-15T12:00:00Z,17.56941698029506,2001
2000-09-16T12:00:00Z,17.93188392240317,2001
2000-09-17T12:00:00Z,17.89275195530883,2001
2000-09-18T12:00:00Z,18.509819622067816,2001
2000-09-19T12:00:00Z,18.278619062375135,2001
2000-09-20T12:00:00Z,19.14313829293097,2001
2000-09-21T12:00:00Z,18.844932678233864,2001
2000-09-22T12:00:00Z,18.33420067720852,2001
2000-09-23T12:00:00Z,17.78909725190143,2001
2000-09-24T12:00:00Z,17.259379833568907,2001
2000-09-25T12:00:00Z,16.7228113055813,2001
2000-09-26T12:00:00Z,16.527771405725357,2001
2000-09-27T12:00:00Z,16.830541058455346,2001
2000-09-28T12:00:00Z,17.285249102991312,2001
2000-09-29T12:00:00Z,17.864480039351832,2001
2000-09-30T12:00:00Z,19.541360131019943,2001
2000-10-01T12:00:00Z,19.73408934820177,2001
2000-10-02T12:00:00Z,19.963291921531535,2001
2000-10-03T12:00:00Z,25.974059021601363,2001
2000-10-04T12:00:00Z,42.49088787289955,2001
2000-10-05T12:00:00Z,41.32343142394571,2001
2000-10-06T12:00:00Z,40.16065811975462,2001
2000-10-07T12:00:00Z,39.14510585306674,2001
2000-10-08T12:00:00Z,37.63965645097962,2001
2000-10-09T12:00:00Z,36.129850581670716,2001
2000-10-10T12:00:00Z,34.62439357699657,2001
2000-10-11T12:00:00Z,34.13628177512054,2001
2000-10-12T12:00:00Z,33.010600432079286,2001
2000-10-13T12:00:00Z,31.940614213018762,2001
2000-10-14T12:00:00Z,30.903139038254068,2001
2000-10-15T12:00:00Z,30.00133023705702,2001
2000-10-16T12:00:00Z,29.19462201924562,2001
2000-10-17T12:00:00Z,28.473111774171834,2001
2000-10-18T12:00:00Z,27.729949590064635,2001
2000-10-19T12:00:00Z,27.268990822660353,2001
2000-10-20T12:00:00Z,26.718940190120026,2001
2000-10-21T12:00:00Z,26.207462887385685,2001
2000-10-22T12:00:00Z,25.72161646926088,2001
2000-10-23T12:00:00Z,25.2327517138639,2001
2000-10-24T12:00:00Z,24.790193270235875,2001
2000-10-25T12:00:00Z,24.351263798836044,2001
2000-10-26T12:00:00Z,23.89639520047344,2001
2000-10-27T12:00:00Z,23.52610933493447,2001
2000-10-28T12:00:00Z,23.16193373541874,2001
2000-10-29T12:00:00Z,22.79680045311878,2001
2000-10-30T12:00:00Z,22.403349362718018,2001
2000-10-31T12:00:00Z,22.058169401871236,2001
2000-11-01T12:00:00Z,21.65110524300847,2001
2000-11-02T12:00:00Z,21.314965476812276,2001
2000-11-03T12:00:00Z,20.94333429878302,2001
2000-11-04T12:00:00Z,20.598962035421994,2001
2000-11-05T12:00:00Z,20.366667103720694,2001
2000-11-06T12:00:00Z,20.191828652857332,2001
2000-11-07T12:00:00Z,19.973787304073074,2001
2000-11-08T12:00:00Z,19.13311997900747,2001
2000-11-09T12:00:00Z,18.85904468191709,2001
2000-11-10T12:00:00Z,18.6078163721886,2001
2000-11-11T12:00:00Z,18.341993676016543,2001
2000-11-12T12:00:00Z,17.99882448678736,2001
2000-11-13T12:00:00Z,17.728031014444547,2001
2000-11-14T12:00:00Z,17.422946557831693,2001
2000-11-15T12:00:00Z,17.092006501718902,2001
2000-11-16T12:00:00Z,16.63961893048039,2001
2000-11-17T12:00:00Z,16.406231156946046,2001
2000-11-18T12:00:00Z,16.190597729047763,2001
2000-11-19T12:00:00Z,15.950345347653874,2001
2000-11-20T12:00:00Z,15.760973235127041,2001
2000-11-21T12:00:00Z,15.36018167183635,2001
2000-11-22T12:00:00Z,14.9004745954748,2001
2000-11-23T12:00:00Z,14.665723209248,2001
2000-11-24T12:00:00Z,14.403417949482112,2001
2000-11-25T12:00:00Z,14.348110057149414,2001
2000-11-26T12:00:00Z,14.258234843994098,2001
2000-11-27T12:00:00Z,14.008881938148082,2001
2000-11-28T12:00:00Z,13.68963007367673,2001
2000-11-29T12:00:00Z,13.423136612717482,2001
2000-11-30T12:00:00Z,13.305101256173225,2001
2000-12-01T12:00:00Z,13.031783529360078,2001
2000-12-02T12:00:00Z,12.865945346640325,2001
2000-12-03T12:00:00Z,12.621484089475654,2001
2000-12-04T12:00:00Z,12.32034791307223,2001
2000-12-05T12:00:00Z,12.070904773327793,2001
2000-12-06T12:00:00Z,11.820144720403267,2001
2000-12-07T12:00:00Z,11.63172710160784,2001
2000-12-08T12:00:00Z,11.488726288278702,2001
2000-12-09T12:00:00Z,11.387438526880963,2001
2000-12-10T12:00:00Z,11.737278444564424,2001
2000-12-11T12:00:00Z,14.10901334626084,2001
2000-12-12T12:00:00Z,14.052783850375398,2001
2000-12-13T12:00:00Z,14.054810899583646,2001
2000-12-14T12:00:00Z,13.816331033818752,2001
2000-12-15T12:00:00Z,13.523257366753933,2001
2000-12-16T12:00:00Z,13.266117989549908,2001
2000-12-17T12:00:00Z,13.049192568826163,2001
2000-12-18T12:00:00Z,12.677162897032225,2001
2000-12-19T12:00:00Z,12.421158582322395,2001
2000-12-20T12:00:00Z,12.097040608428951,2001
2000-12-21T12:00:00Z,11.776679791456104,2001
2000-12-22T12:00:00Z,11.609635132883952,2001
2000-12-23T12:00:00Z,11.422848683029384,2001
2000-12-24T12:00:00Z,11.238117463062139,2001
2000-12-25T12:00:00Z,10.984101502855657,2001
2000-12-26T12:00:00Z,10.720455680969996,2001
2000-12-27T12:00:00Z,10.522370392679585,2001
2000-12-28T12:00:00Z,10.326306648364147,2001
2000-12-29T12:00:00Z,10.29252711126433,2001
2000-12-30T12:00:00Z,10.07923316576105,2001
2000-12-31T12:00:00Z,9.797826162164522,2001
2001-01-01T12:00:00Z,9.602617329166405,2001
2001-01-02T12:00:00Z,9.347209940852194,2001
2001-01-03T12:00:00Z,9.072702883208766,2001
2001-01-04T12:00:00Z,8.946826514811871,2001
2001-01-05T12:00:00Z,8.719047515685364,2001
2001-01-06T12:00:00Z,8.554696175771292,2001
2001-01-07T12:00:00Z,8.35806794327982,2001
2001-01-08T12:00:00Z,8.165295011117456,2001
2001-01-09T12:00:00Z,8.002653940569292,2001
2001-01-10T12:00:00Z,7.747832482516123,2001
2001-01-11T12:00:00Z,7.535580294886485,2001
2001-01-12T12:00:00Z,7.32818164158171,2001
2001-01-13T12:00:00Z,7.109580247712766,2001
2001-01-14T12:00:00Z,6.927529054080354,2001
2001-01-15T12:00:00Z,6.729950124288049,2001
2001-01-16T12:00:00Z,6.603058289156372,2001
2001-01-17T12:00:00Z,6.440651140437187,2001
2001-01-18T12:00:00Z,6.2910365728334865,2001
2001-01-19T12:00:00Z,6.145850498097183,2001
2001-01-20T12:00:00Z,6.4651355730798405,2001
2001-01-21T12:00:00Z,6.3939934162972145,2001
2001-01-22T12:00:00Z,6.249136491170943,2001
2001-01-23T12:00:00Z,6.171178950712333,2001
2001-01-24T12:00:00Z,5.9163105314205255,2001
2001-01-25T12:00:00Z,5.628822418326379,2001
2001-01-26T12:00:00Z,5.375964647000264,2001
2001-01-27T12:00:00Z,5.185908581437607,2001
2001-01-28T12:00:00Z,5.036750974787087,2001
2001-01-29T12:00:00Z,4.856706456885282,2001
2001-01-30T12:00:00Z,4.731716689670296,2001
2001-01-31T12:00:00Z,4.603845436990729,2001
2001-02-01T12:00:00Z,4.43315350411863,2001
2001-02-02T12:00:00Z,4.285047644721189,2001
2001-02-03T12:00:00Z,4.111617482998695,2001
2001-02-04T12:00:00Z,3.9692169958942665,2001
2001-02-05T12:00:00Z,3.8272305060670613,2001
2001-02-06T12:00:00Z,3.602158181499197,2001
2001-02-07T12:00:00Z,3.459761407212459,2001
2001-02-08T12:00:00Z,3.303183862508569,2001
2001-02-09T12:00:00Z,3.1602997986798655,2001
2001-02-10T12:00:00Z,3.0307819901597957,2001
2001-02-11T12:00:00Z,2.9283327692198355,2001
2001-02-12T12:00:00Z,2.7535165374180948,2001
2001-02-13T12:00:00Z,2.4594807208635197,2001
2001-02-14T12:00:00Z,2.2719269940554803,2001
2001-02-15T12:00:00Z,2.145510584787337,2001
2001-02-16T12:00:00Z,2.0193572916725357,2001
2001-02-17T12:00:00Z,1.8915121710849205,2001
2001-02-18T12:00:00Z,1.7663434978213297,2001
2001-02-19T12:00:00Z,1.646122429122187,2001
2001-02-20T12:00:00Z,1.5400855726348082,2001
2001-02-21T12:00:00Z,1.4318428409058714,2001
2001-02-22T12:00:00Z,1.3291281053882156,2001
2001-02-23T12:00:00Z,1.2339673955923895,2001
2001-02-24T12:00:00Z,1.148270150449904,2001
2001-02-25T12:00:00Z,1.0676477435403426,2001
2001-02-26T12:00:00Z,0.9992948823939576,2001
2001-02-27T12:00:00Z,0.9524425541969285,2001
2001-02-28T12:00:00Z,0.8872186444473547,2001
2001-03-01T12:00:00Z,0.8256872338015699,2001
2001-03-02T12:00:00Z,0.7647419762074305,2001
2001-03-03T12:00:00Z,0.7100960572599547,2001
2001-03-04T12:00:00Z,0.69077627336593606,2001
2001-03-05T12:00:00Z,2.176385617553896,2001
2001-03-06T12:00:00Z,2.008543664818296,2001
2001-03-07T12:00:00Z,1.7867270856103281,2001
2001-03-08T12:00:00Z,1.5512750085607447,2001
2001-03-09T12:00:00Z,1.3541260113678764,2001
2001-03-10T12:00:00Z,1.2424183549656809,2001
2001-03-11T12:00:00Z,1.1674807654772168,2001
2001-03-12T12:00:00Z,1.0521332786552586,2001
2001-03-13T12:00:00Z,0.89179241205406,2001
2001-03-14T12:00:00Z,0.800904900308454,2001
2001-03-15T12:00:00Z,0.686250158365046,2001
2001-03-16T12:00:00Z,0.6062324683649883,2001
2001-03-17T12:00:00Z,0.5382430506616568,2001
2001-03-18T12:00:00Z,0.6024489485551981,2001
2001-03-19T12:00:00Z,0.8141707524613465,2001
2001-03-20T12:00:00Z,1.401038156912446,2001
2001-03-21T12:00:00Z,1.3385319199402115,2001
2001-03-22T12:00:00Z,1.224760766314246,2001
2001-03-23T12:00:00Z,1.065791870015842,2001
2001-03-24T12:00:00Z,0.8824091544580973,2001
2001-03-25T12:00:00Z,0.7670763039565577,2001
2001-03-26T12:00:00Z,0.6518290122097082,2001
2001-03-27T12:00:00Z,0.5756164496693391,2001
2001-03-28T12:00:00Z,0.5667927042861176,2001
2001-03-29T12:00:00Z,0.7892399487602839,2001
2001-03-30T12:00:00Z,0.9710018752487586,2001
2001-03-31T12:00:00Z,0.9007655911184081,2001
2001-04-01T12:00:00Z,1.1094106822417835,2001
2001-04-02T12:00:00Z,0.9427634460393642,2001
2001-04-03T12:00:00Z,0.7683579789903325,2001
2001-04-04T12:00:00Z,0.6470840387024446,2001
2001-04-05T12:00:00Z,0.5922591885203362,2001
2001-04-06T12:00:00Z,0.5420458593693116,2001
2001-04-07T12:00:00Z,0.5032511146832166,2001
2001-04-08T12:00:00Z,0.43718808909237794,2001
2001-04-09T12:00:00Z,0.3576206472431411,2001
2001-04-10T12:00:00Z,0.3035704847297519,2001
2001-04-11T12:00:00Z,0.27908061494089365,2001
2001-04-12T12:00:00Z,0.25119927468309206,2001
2001-04-13T12:00:00Z,0.21961362645628404,2001
2001-04-14T12:00:00Z,0.19522543383158386,2001
2001-04-15T12:00:00Z,0.18122780917907438,2001
2001-04-16T12:00:00Z,0.16278989474990577,2001
2001-04-17T12:00:00Z,0.15014025025456473,2001
2001-04-18T12:00:00Z,0.11829404080766422,2001
2001-04-19T12:00:00Z,0.08625893728273039,2001
2001-04-20T12:00:00Z,0.07612014634135188,2001
2001-04-21T12:00:00Z,0.06447258462635007,2001
2001-04-22T12:00:00Z,0.06068520970956352,2001
2001-04-23T12:00:00Z,0.05462286591413089,2001
2001-04-24T12:00:00Z,0.03746867857063436,2001
2001-04-25T12:00:00Z,0.03578421287275085,2001
2001-04-26T12:00:00Z,0.03856064462988664,2001
2001-04-27T12:00:00Z,0.03796914630258469,2001
2001-04-28T12:00:00Z,0.03634456331886344,2001
2001-04-29T12:00:00Z,0.03503171283748078,2001
2001-04-30T12:00:00Z,0.033787584071294806,2001
2001-05-01T12:00:00Z,0.033728061903935805,2001
2001-05-02T12:00:00Z,0.034789639845651,2001
2001-05-03T12:00:00Z,0.03436445391259861,2001
2001-05-04T12:00:00Z,0.04949572678294168,2001
2001-05-05T12:00:00Z,0.04522512845848263,2001
2001-05-06T12:00:00Z,0.0397310106691254,2001
2001-05-07T12:00:00Z,0.03242257266039946,2001
2001-05-08T12:00:00Z,0.029721317001701452,2001
2001-05-09T12:00:00Z,0.02729564436969514,2001
2001-05-10T12:00:00Z,0.02614017985359812,2001
2001-05-11T12:00:00Z,0.025429655405730157,2001
2001-05-12T12:00:00Z,0.025848556615696832,2001
2001-05-13T12:00:00Z,0.025418218412782256,2001
2001-05-14T12:00:00Z,0.02698871265078852,2001
2001-05-15T12:00:00Z,0.0310974059445851,2001
2001-05-16T12:00:00Z,0.0472129332330388,2001
2001-05-17T12:00:00Z,0.05067174801280052,2001
2001-05-18T12:00:00Z,0.0500425607754131,2001
2001-05-19T12:00:00Z,0.04888521936100914,2001
2001-05-20T12:00:00Z,0.04679358965269382,2001
2001-05-21T12:00:00Z,0.045186528496363954,2001
2001-05-22T12:00:00Z,0.04543273936989959,2001
2001-05-23T12:00:00Z,0.15326647067280172,2001
2001-05-24T12:00:00Z,0.2793078195103002,2001
2001-05-25T12:00:00Z,0.28019712252668255,2001
2001-05-26T12:00:00Z,0.2876620243041686,2001
2001-05-27T12:00:00Z,0.2768356635684948,2001
2001-05-28T12:00:00Z,0.2722132086753845,2001
2001-05-29T12:00:00Z,0.26839470984769964,2001
2001-05-30T12:00:00Z,0.235091439937401,2001
2001-06-01T12:00:00Z,0.27889745048631304,2002
2001-06-02T12:00:00Z,1.0052036101390753,2002
2001-06-03T12:00:00Z,1.1939678731499408,2002
2001-06-04T12:00:00Z,1.2437929110884316,2002
2001-06-05T12:00:00Z,1.1760162499520734,2002
2001-06-06T12:00:00Z,1.1176334991686259,2002
2001-06-07T12:00:00Z,1.0846890726822713,2002
2001-06-08T12:00:00Z,1.3253692138060766,2002
2001-06-09T12:00:00Z,1.4096182638938,2002
2001-06-10T12:00:00Z,1.3520508952022883,2002
2001-06-11T12:00:00Z,1.238219979320754,2002
2001-06-12T12:00:00Z,1.1383463369337632,2002
2001-06-13T12:00:00Z,1.1492207367319784,2002
2001-06-14T12:00:00Z,1.3998568934803495,2002
2001-06-15T12:00:00Z,1.4101551999191113,2002
2001-06-16T12:00:00Z,1.6101518398283978,2002
2001-06-17T12:00:00Z,1.8025243554275254,2002
2001-06-18T12:00:00Z,1.8699420702854403,2002
2001-06-19T12:00:00Z,1.8809469328629516,2002
2001-06-20T12:00:00Z,1.7323758302790995,2002
2001-06-21T12:00:00Z,1.705126624750694,2002
2001-06-22T12:00:00Z,2.0466298740477566,2002
2001-06-23T12:00:00Z,2.4889947955451914,2002
2001-06-24T12:00:00Z,2.4172961977564973,2002
2001-06-25T12:00:00Z,2.2644476185976936,2002
2001-06-26T12:00:00Z,2.447302921549814,2002
2001-06-27T12:00:00Z,2.3109551261413577,2002
2001-06-28T12:00:00Z,2.998728011598141,2002
2001-06-29T12:00:00Z,3.1691748404844384,2002
2001-06-30T12:00:00Z,2.963908356174564,2002
2001-07-01T12:00:00Z,2.7455133223714605,2002
2001-07-02T12:00:00Z,2.5431144481019485,2002
2001-07-03T12:00:00Z,2.3652698670848693,2002
2001-07-04T12:00:00Z,2.2098053211680124,2002
2001-07-05T12:00:00Z,2.2329590950259735,2002
2001-07-06T12:00:00Z,2.130228311179551,2002
2001-07-07T12:00:00Z,2.440190030568727,2002
2001-07-08T12:00:00Z,2.7377384766250352,2002
2001-07-09T12:00:00Z,2.8914221665271933,2002
2001-07-10T12:00:00Z,4.411586503703494,2002
2001-07-11T12:00:00Z,4.633437444612632,2002
2001-07-12T12:00:00Z,5.395985291419546,2002
2001-07-13T12:00:00Z,5.093077470614674,2002
2001-07-14T12:00:00Z,4.908437232289328,2002
2001-07-15T12:00:00Z,6.39247787600925,2002
2001-07-16T12:00:00Z,7.45518459686453,2002
2001-07-17T12:00:00Z,7.36543797978823,2002
2001-07-18T12:00:00Z,8.093656426253679,2002
2001-07-19T12:00:00Z,8.595817148183398,2002
2001-07-20T12:00:00Z,9.069315543055652,2002
2001-07-21T12:00:00Z,10.108458622154597,2002
2001-07-22T12:00:00Z,11.293110445734335,2002
2001-07-23T12:00:00Z,11.643709720208525,2002
2001-07-24T12:00:00Z,11.688958131706563,2002
2001-07-25T12:00:00Z,11.219855410882237,2002
2001-07-26T12:00:00Z,11.027447458275619,2002
2001-07-27T12:00:00Z,10.580282235939519,2002
2001-07-28T12:00:00Z,10.07148346245931,2002
2001-07-29T12:00:00Z,9.539854904766997,2002
2001-07-30T12:00:00Z,9.060263389810176,2002
2001-07-31T12:00:00Z,8.706480786954504,2002
2001-08-01T12:00:00Z,11.655633036385087,2002
2001-08-02T12:00:00Z,16.97486667651738,2002
2001-08-03T12:00:00Z,19.728681710791516,2002
2001-08-04T12:00:00Z,19.510699818860537,2002
2001-08-05T12:00:00Z,19.42652071178485,2002
2001-08-06T12:00:00Z,20.817344480863863,2002
2001-08-07T12:00:00Z,19.880873529451016,2002
2001-08-08T12:00:00Z,19.659006849769046,2002
2001-08-09T12:00:00Z,19.155300613435077,2002
2001-08-10T12:00:00Z,19.16434376419583,2002
2001-08-11T12:00:00Z,19.14296242030197,2002
2001-08-12T12:00:00Z,19.104615389144854,2002
2001-08-13T12:00:00Z,18.635501277505124,2002
2001-08-14T12:00:00Z,18.302461453539618,2002
2001-08-15T12:00:00Z,18.339592510058996,2002
2001-08-16T12:00:00Z,18.06939053105794,2002
2001-08-17T12:00:00Z,17.96853060923174,2002
2001-08-18T12:00:00Z,17.624770705636873,2002
2001-08-19T12:00:00Z,17.192354140202283,2002
2001-08-20T12:00:00Z,16.885654810990456,2002
2001-08-21T12:00:00Z,17.39008204869262,2002
2001-08-22T12:00:00Z,18.06824818675595,2002
2001-08-23T12:00:00Z,18.524771239638444,2002
2001-08-24T12:00:00Z,18.22463110242838,2002
2001-08-25T12:00:00Z,18.413584445762822,2002
2001-08-26T12:00:00Z,18.107596862748135,2002
2001-08-27T12:00:00Z,17.86363976830717,2002
2001-08-28T12:00:00Z,18.05816420004954,2002
2001-08-29T12:00:00Z,17.890178799208886,2002
2001-08-30T12:00:00Z,17.627369399775954,2002
2001-08-31T12:00:00Z,17.244765439253012,2002
2001-09-01T12:00:00Z,16.93560963580704,2002
2001-09-02T12:00:00Z,17.231355150731375,2002
2001-09-03T12:00:00Z,17.074213084032674,2002
2001-09-04T12:00:00Z,17.475706668114917,2002
2001-09-05T12:00:00Z,17.346219645973285,2002
2001-09-06T12:00:00Z,17.797640479696838,2002
2001-09-07T12:00:00Z,18.435188805776757,2002
2001-09-08T12:00:00Z,18.85482473214623,2002
2001-09-09T12:00:00Z,20.17862516145398,2002
2001-09-10T12:00:00Z,20.550827254581172,2002
2001-09-11T12:00:00Z,21.51252290997052,2002
2001-09-12T12:00:00Z,24.033686226238583,2002
2001-09-13T12:00:00Z,25.187724362437802,2002
2001-09-14T12:00:00Z,27.286133978766163,2002
2001-09-15T12:00:00Z,27.39029242247489,2002
2001-09-16T12:00:00Z,26.78949660227418,2002
2001-09-17T12:00:00Z,26.415579203176918,2002
2001-09-18T12:00:00Z,26.796677295841736,2002
2001-09-19T12:00:00Z,27.968278719839457,2002
2001-09-20T12:00:00Z,27.69187226066627,2002
2001-09-21T12:00:00Z,27.11249610618793,2002
2001-09-22T12:00:00Z,26.445754744093517,2002
2001-09-23T12:00:00Z,25.764697895834658,2002
2001-09-24T12:00:00Z,25.357767327782224,2002
2001-09-25T12:00:00Z,24.717725528862754,2002
2001-09-26T12:00:00Z,24.77651552728995,2002
2001-09-27T12:00:00Z,25.171029117875655,2002
2001-09-28T12:00:00Z,26.117098809035824,2002
2001-09-29T12:00:00Z,36.202088790635756,2002
2001-09-30T12:00:00Z,35.901888927680154,2002
2001-10-01T12:00:00Z,35.13025544677495,2002
2001-10-02T12:00:00Z,34.22583662774724,2002
2001-10-03T12:00:00Z,33.33735473952261,2002
2001-10-04T12:00:00Z,32.70407439371047,2002
2001-10-05T12:00:00Z,32.08495516660281,2002
2001-10-06T12:00:00Z,31.722077467018895,2002
2001-10-07T12:00:00Z,31.08952606866222,2002
2001-10-08T12:00:00Z,30.60445307667178,2002
2001-10-09T12:00:00Z,31.040804722306778,2002
2001-10-10T12:00:00Z,31.18554492496487,2002
2001-10-11T12:00:00Z,30.53759547241988,2002
2001-10-12T12:00:00Z,29.847159500383608,2002
2001-10-13T12:00:00Z,29.278124434987667,2002
2001-10-14T12:00:00Z,28.916943395336276,2002
2001-10-15T12:00:00Z,28.50180857403388,2002
2001-10-16T12:00:00Z,28.15611452892875,2002
2001-10-17T12:00:00Z,27.82857465800062,2002
2001-10-18T12:00:00Z,27.423395171618484,2002
2001-10-19T12:00:00Z,28.508978024612563,2002
2001-10-20T12:00:00Z,29.393648102000924,2002
2001-10-21T12:00:00Z,31.583038991298544,2002
2001-10-22T12:00:00Z,36.71623224432158,2002
2001-10-23T12:00:00Z,36.55185042314969,2002
2001-10-24T12:00:00Z,36.04417829803108,2002
2001-10-25T12:00:00Z,36.24677887616732,2002
2001-10-26T12:00:00Z,35.94719516163825,2002
2001-10-27T12:00:00Z,35.064384375636656,2002
2001-10-28T12:00:00Z,33.93176943548279,2002
2001-10-29T12:00:00Z,33.22443251549088,2002
2001-10-30T12:00:00Z,32.66817066302846,2002
2001-10-31T12:00:00Z,32.38395690535005,2002
2001-11-01T12:00:00Z,31.618182636358128,2002
2001-11-02T12:00:00Z,31.324066181537802,2002
2001-11-03T12:00:00Z,30.96003338816584,2002
2001-11-04T12:00:00Z,30.855326241260645,2002
2001-11-05T12:00:00Z,32.29195260198296,2002
2001-11-06T12:00:00Z,32.023184730817476,2002
2001-11-07T12:00:00Z,31.41723237518699,2002
2001-11-08T12:00:00Z,30.96516056023429,2002
2001-11-09T12:00:00Z,30.500094407779347,2002
2001-11-10T12:00:00Z,30.176930946701304,2002
2001-11-11T12:00:00Z,29.803900240077095,2002
2001-11-12T12:00:00Z,29.461841328440638,2002
2001-11-13T12:00:00Z,28.969513028328844,2002
2001-11-14T12:00:00Z,28.61580895308066,2002
2001-11-15T12:00:00Z,28.231471759542078,2002
2001-11-16T12:00:00Z,27.85872444812278,2002
2001-11-17T12:00:00Z,27.532631562482365,2002
2001-11-18T12:00:00Z,27.136778358427716,2002
2001-11-19T12:00:00Z,26.99472608435516,2002
2001-11-20T12:00:00Z,26.729021291471252,2002
2001-11-21T12:00:00Z,26.419771132763408,2002
2001-11-22T12:00:00Z,26.137367185299357,2002
2001-11-23T12:00:00Z,25.847727039651936,2002
2001-11-24T12:00:00Z,25.535151446788014,2002
2001-11-25T12:00:00Z,25.28507944208868,2002
2001-11-26T12:00:00Z,24.970687002836783,2002
2001-11-27T12:00:00Z,24.648981400988593,2002
2001-11-28T12:00:00Z,24.344990178536946,2002
2001-11-29T12:00:00Z,24.126739631904094,2002
2001-11-30T12:00:00Z,23.88589871803063,2002
2001-12-01T12:00:00Z,23.71506359017911,2002
2001-12-02T12:00:00Z,23.53421049324119,2002
2001-12-03T12:00:00Z,23.402917670663612,2002
2001-12-04T12:00:00Z,23.4364791289833,2002
2001-12-05T12:00:00Z,23.234701161263157,2002
2001-12-06T12:00:00Z,23.586575014841078,2002
2001-12-07T12:00:00Z,24.087478146928998,2002
2001-12-08T12:00:00Z,24.151719446653953,2002
2001-12-09T12:00:00Z,24.28176318564681,2002
2001-12-10T12:00:00Z,26.485784484374534,2002
2001-12-11T12:00:00Z,26.345840276805472,2002
2001-12-12T12:00:00Z,26.13046020458541,2002
2001-12-13T12:00:00Z,25.383492452285665,2002
2001-12-14T12:00:00Z,25.007267184542396,2002
2001-12-15T12:00:00Z,24.643808785591723,2002
2001-12-16T12:00:00Z,24.146227723973038,2002
2001-12-17T12:00:00Z,23.633662394970568,2002
2001-12-18T12:00:00Z,23.12213247362944,2002
2001-12-19T12:00:00Z,22.78181640751565,2002
2001-12-20T12:00:00Z,21.963774563563327,2002
2001-12-21T12:00:00Z,21.260093831689073,2002
2001-12-22T12:00:00Z,20.751042933585477,2002
2001-12-23T12:00:00Z,20.305379625398896,2002
2001-12-24T12:00:00Z,19.864707085493148,2002
2001-12-25T12:00:00Z,19.47003070927507,2002
2001-12-26T12:00:00Z,19.441883952844154,2002
2001-12-27T12:00:00Z,18.926448141267553,2002
2001-12-28T12:00:00Z,18.543867261367726,2002
2001-12-29T12:00:00Z,18.21979963254041,2002
2001-12-30T12:00:00Z,17.89692308175342,2002
2001-12-31T12:00:00Z,17.872714174797906,2002
2002-01-01T12:00:00Z,18.672386406509464,2002
2002-01-02T12:00:00Z,18.64269082417801,2002
2002-01-03T12:00:00Z,19.958752877553458,2002
2002-01-04T12:00:00Z,19.488593177212792,2002
2002-01-05T12:00:00Z,18.949757163881905,2002
2002-01-06T12:00:00Z,18.617439830606763,2002
2002-01-07T12:00:00Z,18.31231080217763,2002
2002-01-08T12:00:00Z,17.383114357116057,2002
2002-01-09T12:00:00Z,16.835681887308134,2002
2002-01-10T12:00:00Z,16.444187328864498,2002
2002-01-11T12:00:00Z,16.12469178894708,2002
2002-01-12T12:00:00Z,15.797888307216468,2002
2002-01-13T12:00:00Z,15.516572234457785,2002
2002-01-14T12:00:00Z,15.278004670948754,2002
2002-01-15T12:00:00Z,14.906208323299825,2002
2002-01-16T12:00:00Z,14.619540586527602,2002
2002-01-17T12:00:00Z,14.312414099770825,2002
2002-01-18T12:00:00Z,14.009426203016904,2002
2002-01-19T12:00:00Z,13.608878974676365,2002
2002-01-20T12:00:00Z,13.234230535889699,2002
2002-01-21T12:00:00Z,12.903680840014944,2002
2002-01-22T12:00:00Z,12.572984279060224,2002
2002-01-23T12:00:00Z,12.2599891924718,2002
2002-01-24T12:00:00Z,11.950672173046167,2002
2002-01-25T12:00:00Z,11.676809283054773,2002
2002-01-26T12:00:00Z,11.304514559592603,2002
2002-01-27T12:00:00Z,11.059051342412143,2002
2002-01-28T12:00:00Z,10.716768025050083,2002
2002-01-29T12:00:00Z,10.433840696947115,2002
2002-01-30T12:00:00Z,10.179067129042659,2002
2002-01-31T12:00:00Z,9.889142778769763,2002
2002-02-01T12:00:00Z,9.63150287974593,2002
2002-02-02T12:00:00Z,9.492161445286085,2002
2002-02-03T12:00:00Z,9.456022938405848,2002
2002-02-04T12:00:00Z,9.192259506129611,2002
2002-02-05T12:00:00Z,8.8411341278957,2002
2002-02-06T12:00:00Z,8.486575299933422,2002
2002-02-07T12:00:00Z,8.310310631035941,2002
2002-02-08T12:00:00Z,8.035424988749678,2002
2002-02-09T12:00:00Z,7.932083346993169,2002
2002-02-10T12:00:00Z,9.312032131601152,2002
2002-02-11T12:00:00Z,9.330636958951581,2002
2002-02-12T12:00:00Z,9.161665244886503,2002
2002-02-13T12:00:00Z,9.043135454132788,2002
2002-02-14T12:00:00Z,8.925288000302965,2002
2002-02-15T12:00:00Z,8.768442366210184,2002
2002-02-16T12:00:00Z,8.903713951480961,2002
2002-02-17T12:00:00Z,8.7472660961861,2002
2002-02-18T12:00:00Z,8.478732288169814,2002
2002-02-19T12:00:00Z,8.20033969943367,2002
2002-02-20T12:00:00Z,7.992664463877912,2002
2002-02-21T12:00:00Z,7.848782076430484,2002
2002-02-22T12:00:00Z,7.731131352100387,2002
2002-02-23T12:00:00Z,10.520274119489224,2002
2002-02-24T12:00:00Z,10.453809025437078,2002
2002-02-25T12:00:00Z,10.251503646350397,2002
2002-02-26T12:00:00Z,10.060765786975418,2002
2002-02-27T12:00:00Z,9.981787778733409,2002
2002-02-28T12:00:00Z,9.785483627758344,2002
2002-03-01T12:00:00Z,9.626439826477988,2002
2002-03-02T12:00:00Z,9.481512092055349,2002
2002-03-03T12:00:00Z,9.267934660013696,2002
2002-03-04T12:00:00Z,9.107510067223334,2002
2002-03-05T12:00:00Z,8.839470458474379,2002
2002-03-06T12:00:00Z,8.654293505361451,2002
2002-03-07T12:00:00Z,8.680885265380816,2002
2002-03-08T12:00:00Z,9.09443033436253,2002
2002-03-09T12:00:00Z,8.979927556714395,2002
2002-03-10T12:00:00Z,8.985911841484755,2002
2002-03-11T12:00:00Z,8.761321190913206,2002
2002-03-12T12:00:00Z,8.57048535883777,2002
2002-03-13T12:00:00Z,8.441198604470019,2002
2002-03-14T12:00:00Z,8.218355931054134,2002
2002-03-15T12:00:00Z,8.0059207117289,2002
2002-03-16T12:00:00Z,7.790361642954282,2002
2002-03-17T12:00:00Z,7.545466211300989,2002
2002-03-18T12:00:00Z,7.29306838062029,2002
2002-03-19T12:00:00Z,7.010587191482482,2002
2002-03-20T12:00:00Z,6.765833986345514,2002
2002-03-21T12:00:00Z,6.545370251944436,2002
2002-03-22T12:00:00Z,6.36316690404665,2002
2002-03-23T12:00:00Z,6.459439824085161,2002
2002-03-24T12:00:00Z,6.2469868883680295,2002
2002-03-25T12:00:00Z,6.091317423252821,2002
2002-03-26T12:00:00Z,5.942740370883414,2002
2002-03-27T12:00:00Z,6.063548324749706,2002
2002-03-28T12:00:00Z,5.968033489366003,2002
2002-03-29T12:00:00Z,5.74390327994667,2002
2002-03-30T12:00:00Z,5.506800854305329,2002
2002-03-31T12:00:00Z,5.276627126271881,2002
2002-04-01T12:00:00Z,5.112044441986037,2002
2002-04-02T12:00:00Z,5.006402343271135,2002
2002-04-03T12:00:00Z,5.8096407644924986,2002
2002-04-04T12:00:00Z,6.278260222891753,2002
2002-04-05T12:00:00Z,6.096746122469281,2002
2002-04-06T12:00:00Z,5.8559439451991055,2002
2002-04-07T12:00:00Z,5.584929576723396,2002
2002-04-08T12:00:00Z,5.363172951569812,2002
2002-04-09T12:00:00Z,5.123562233641846,2002
2002-04-10T12:00:00Z,4.895988170531132,2002
2002-04-11T12:00:00Z,4.730347998197995,2002
2002-04-12T12:00:00Z,4.5353700328176805,2002
2002-04-13T12:00:00Z,4.34716670080567,2002
2002-04-14T12:00:00Z,4.232150305922889,2002
2002-04-15T12:00:00Z,4.195812820956243,2002
2002-04-16T12:00:00Z,4.05378586531386,2002
2002-04-17T12:00:00Z,3.8333674093535084,2002
2002-04-18T12:00:00Z,3.593967371478487,2002
2002-04-19T12:00:00Z,3.3725147202596375,2002
2002-04-20T12:00:00Z,3.177739775332601,2002
2002-04-21T12:00:00Z,3.002372936450536,2002
2002-04-22T12:00:00Z,2.8355286454010193,2002
2002-04-23T12:00:00Z,2.674696821762462,2002
2002-04-24T12:00:00Z,2.526431690000297,2002
2002-04-25T12:00:00Z,2.3887221377930374,2002
2002-04-26T12:00:00Z,2.2199717400911156,2002
2002-04-27T12:00:00Z,2.1044838656962326,2002
2002-04-28T12:00:00Z,1.9625985746635866,2002
2002-04-29T12:00:00Z,1.8518807526550145,2002
2002-04-30T12:00:00Z,1.764230130701878,2002
2002-05-01T12:00:00Z,1.6711360969692906,2002
2002-05-02T12:00:00Z,1.547779832367332,2002
2002-05-03T12:00:00Z,1.469046245055614,2002
2002-05-04T12:00:00Z,1.3484426929948379,2002
2002-05-05T12:00:00Z,1.2643512314844085,2002
2002-05-06T12:00:00Z,1.1484754814573879,2002
2002-05-07T12:00:00Z,1.0765840605120234,2002
2002-05-08T12:00:00Z,0.9790076422994914,2002
2002-05-09T12:00:00Z,0.8981558344856884,2002
2002-05-10T12:00:00Z,0.79640933381472,2002
2002-05-11T12:00:00Z,0.7362368418350742,2002
2002-05-12T12:00:00Z,0.667257060313435,2002
2002-05-13T12:00:00Z,0.598889308671643,2002
2002-05-14T12:00:00Z,0.5905262830325135,2002
2002-05-15T12:00:00Z,0.6101635831109924,2002
2002-05-16T12:00:00Z,0.6900115610336579,2002
2002-05-17T12:00:00Z,0.635814471307861,2002
2002-05-18T12:00:00Z,0.5391309776805874,2002
2002-05-19T12:00:00Z,0.7331553576625409,2002
2002-05-20T12:00:00Z,1.4837161432283983,2002
2002-05-21T12:00:00Z,1.5088162527115874,2002
2002-05-22T12:00:00Z,1.4586052370643523,2002
2002-05-23T12:00:00Z,1.3843092835556632,2002
2002-05-24T12:00:00Z,1.2487554109411771,2002
2002-05-25T12:00:00Z,1.119227145590348,2002
2002-05-26T12:00:00Z,1.0258618997430007,2002
2002-05-27T12:00:00Z,0.9985513302476586,2002
2002-05-28T12:00:00Z,1.3300550739223413,2002
2002-05-29T12:00:00Z,1.40968858599079,2002
2002-05-30T12:00:00Z,1.7915778752171911,2002
2002-06-01T12:00:00Z,3.429935051709501,2003
2002-06-02T12:00:00Z,3.5555994991019704,2003
2002-06-03T12:00:00Z,4.312101300888267,2003
2002-06-04T12:00:00Z,4.782038183538034,2003
2002-06-05T12:00:00Z,4.554464438811572,2003
2002-06-06T12:00:00Z,4.3278181995455824,2003
2002-06-07T12:00:00Z,4.762049555644232,2003
2002-06-08T12:00:00Z,6.851236587616886,2003
2002-06-09T12:00:00Z,7.256436119864199,2003
2002-06-10T12:00:00Z,7.209501823613622,2003
2002-06-11T12:00:00Z,7.677129554728102,2003
2002-06-12T12:00:00Z,8.099923673210835,2003
2002-06-13T12:00:00Z,8.62937898663886,2003
2002-06-14T12:00:00Z,9.187926311053912,2003
2002-06-15T12:00:00Z,15.319352491922407,2003
2002-06-16T12:00:00Z,18.53585248465169,2003
2002-06-17T12:00:00Z,18.1953658327183,2003
2002-06-18T12:00:00Z,18.433430174445544,2003
2002-06-19T12:00:00Z,18.268880477357914,2003
2002-06-20T12:00:00Z,17.919555881277937,2003
2002-06-21T12:00:00Z,21.51896483807092,2003
2002-06-22T12:00:00Z,22.002278809262535,2003
2002-06-23T12:00:00Z,22.508839680655814,2003
2002-06-24T12:00:00Z,22.49684005049837,2003
2002-06-25T12:00:00Z,23.84854549693781,2003
2002-06-26T12:00:00Z,23.760823206289743,2003
2002-06-27T12:00:00Z,22.900078772190852,2003
2002-06-28T12:00:00Z,22.70639879570418,2003
2002-06-29T12:00:00Z,22.571550069803354,2003
2002-06-30T12:00:00Z,22.090650879788,2003
2002-07-01T12:00:00Z,22.286559797337425,2003
2002-07-02T12:00:00Z,23.296246246352837,2003
2002-07-03T12:00:00Z,22.76539658159747,2003
2002-07-04T12:00:00Z,22.30462212786735,2003
2002-07-05T12:00:00Z,22.05759330515063,2003
2002-07-06T12:00:00Z,22.203095201647365,2003
2002-07-07T12:00:00Z,22.163958574625703,2003
2002-07-08T12:00:00Z,23.429722162652087,2003
2002-07-09T12:00:00Z,25.77284940099389,2003
2002-07-10T12:00:00Z,26.572566288622074,2003
2002-07-11T12:00:00Z,27.73325832882544,2003
2002-07-12T12:00:00Z,27.44935584857578,2003
2002-07-13T12:00:00Z,27.24474135846279,2003
2002-07-14T12:00:00Z,26.618037642741413,2003
2002-07-15T12:00:00Z,26.22615583234856,2003
2002-07-16T12:00:00Z,26.210958071997304,2003
2002-07-17T12:00:00Z,26.306386102962215,2003
2002-07-18T12:00:00Z,26.088372170096164,2003
2002-07-19T12:00:00Z,25.898052904724956,2003
2002-07-20T12:00:00Z,25.417946444389052,2003
2002-07-21T12:00:00Z,24.796863161081433,2003
2002-07-22T12:00:00Z,24.73247077915741,2003
2002-07-23T12:00:00Z,24.126819999117576,2003
2002-07-24T12:00:00Z,23.77013857133475,2003
2002-07-25T12:00:00Z,23.5059585886534,2003
2002-07-26T12:00:00Z,23.141792916457636,2003
2002-07-27T12:00:00Z,22.66507002193477,2003
2002-07-28T12:00:00Z,22.06436168813565,2003
2002-07-29T12:00:00Z,21.63680308705796,2003
2002-07-30T12:00:00Z,21.051552923582676,2003
2002-07-31T12:00:00Z,20.904148238202616,2003
2002-08-01T12:00:00Z,21.50901497930551,2003
2002-08-02T12:00:00Z,21.49603329480103,2003
2002-08-03T12:00:00Z,21.225826849222884,2003
2002-08-04T12:00:00Z,21.756498404324464,2003
2002-08-05T12:00:00Z,21.71829270928894,2003
2002-08-06T12:00:00Z,21.71334582650113,2003
2002-08-07T12:00:00Z,21.821375718523075,2003
2002-08-08T12:00:00Z,22.179346358554255,2003
2002-08-09T12:00:00Z,22.338076378619636,2003
2002-08-10T12:00:00Z,22.136618888343115,2003
2002-08-11T12:00:00Z,22.28048363703355,2003
2002-08-12T12:00:00Z,23.374462266626836,2003
2002-08-13T12:00:00Z,23.132765165435462,2003
2002-08-14T12:00:00Z,23.09334721411127,2003
2002-08-15T12:00:00Z,23.206643676127324,2003
2002-08-16T12:00:00Z,23.545247649562697,2003
2002-08-17T12:00:00Z,23.411388079519956,2003
2002-08-18T12:00:00Z,23.22215164492343,2003
2002-08-19T12:00:00Z,23.437311847786713,2003
2002-08-20T12:00:00Z,23.634651132107482,2003
2002-08-21T12:00:00Z,24.502367011970684,2003
2002-08-22T12:00:00Z,24.520912977250386,2003
2002-08-23T12:00:00Z,24.283933344807377,2003
2002-08-24T12:00:00Z,24.49579524723019,2003
2002-08-25T12:00:00Z,24.43869435551351,2003
2002-08-26T12:00:00Z,24.404670459703414,2003
2002-08-27T12:00:00Z,24.571429109850662,2003
2002-08-28T12:00:00Z,24.927408700375786,2003
2002-08-29T12:00:00Z,25.208551933436155,2003
2002-08-30T12:00:00Z,25.932194443022237,2003
2002-08-31T12:00:00Z,25.99847463214082,2003
2002-09-01T12:00:00Z,25.925384398690632,2003
2002-09-02T12:00:00Z,26.161948851320115,2003
2002-09-03T12:00:00Z,26.44376061859374,2003
2002-09-04T12:00:00Z,27.00210617043946,2003
2002-09-05T12:00:00Z,27.16621396030198,2003
2002-09-06T12:00:00Z,28.311140706513466,2003
2002-09-07T12:00:00Z,28.068352124926857,2003
2002-09-08T12:00:00Z,27.79209154523201,2003
2002-09-09T12:00:00Z,27.45173417828342,2003
2002-09-10T12:00:00Z,27.506448757683497,2003
2002-09-11T12:00:00Z,28.20700111183667,2003
2002-09-12T12:00:00Z,28.70499105799093,2003
2002-09-13T12:00:00Z,28.477080470644648,2003
2002-09-14T12:00:00Z,28.170059679584337,2003
2002-09-15T12:00:00Z,27.672713217328972,2003
2002-09-16T12:00:00Z,27.162952918310474,2003
2002-09-17T12:00:00Z,26.63617144684133,2003
2002-09-18T12:00:00Z,26.120947637146998,2003
2002-09-19T12:00:00Z,25.700623227963835,2003
2002-09-20T12:00:00Z,25.36423627879547,2003
2002-09-21T12:00:00Z,25.31537078085422,2003
2002-09-22T12:00:00Z,25.009184151636866,2003
2002-09-23T12:00:00Z,25.649545419811616,2003
2002-09-24T12:00:00Z,27.28300080196631,2003
2002-09-25T12:00:00Z,27.367536944670494,2003
2002-09-26T12:00:00Z,27.01325412319643,2003
2002-09-27T12:00:00Z,27.011567629282666,2003
2002-09-28T12:00:00Z,27.052414201732713,2003
2002-09-29T12:00:00Z,27.063600513914075,2003
2002-09-30T12:00:00Z,26.79827209137796,2003
2002-10-01T12:00:00Z,26.664612656405577,2003
2002-10-02T12:00:00Z,26.191411383261762,2003
2002-10-03T12:00:00Z,25.76348550082654,2003
2002-10-04T12:00:00Z,25.346415700711653,2003
2002-10-05T12:00:00Z,25.141964956759008,2003
2002-10-06T12:00:00Z,24.918434585717,2003
2002-10-07T12:00:00Z,24.460097005236513,2003
2002-10-08T12:00:00Z,24.094991043989385,2003
2002-10-09T12:00:00Z,23.950398198222555,2003
2002-10-10T12:00:00Z,23.629048626990322,2003
2002-10-11T12:00:00Z,23.84687452730773,2003
2002-10-12T12:00:00Z,24.18472699321566,2003
2002-10-13T12:00:00Z,23.926873436789087,2003
2002-10-14T12:00:00Z,23.66957672764342,2003
2002-10-15T12:00:00Z,23.511483358893173,2003
2002-10-16T12:00:00Z,24.90345052880008,2003
2002-10-17T12:00:00Z,24.74886210261316,2003
2002-10-18T12:00:00Z,24.400756679155684,2003
2002-10-19T12:00:00Z,24.05080405534423,2003
2002-10-20T12:00:00Z,23.762431285570464,2003
2002-10-21T12:00:00Z,24.334637646320168,2003
2002-10-22T12:00:00Z,24.176418185794503,2003
2002-10-23T12:00:00Z,24.02927099336723,2003
2002-10-24T12:00:00Z,23.743718245213927,2003
2002-10-25T12:00:00Z,23.566763101221884,2003
2002-10-26T12:00:00Z,23.649283451034552,2003
2002-10-27T12:00:00Z,23.569337152267178,2003
2002-10-28T12:00:00Z,23.23778155291349,2003
2002-10-29T12:00:00Z,22.929645916192,2003
2002-10-30T12:00:00Z,22.549825418199777,2003
2002-10-31T12:00:00Z,22.256708215663064,2003
2002-11-01T12:00:00Z,22.06182360753607,2003
2002-11-02T12:00:00Z,21.997655294124808,2003
2002-11-03T12:00:00Z,21.712949363900446,2003
2002-11-04T12:00:00Z,21.376037556184027,2003
2002-11-05T12:00:00Z,21.11908001612496,2003
2002-11-06T12:00:00Z,20.919482257013573,2003
2002-11-07T12:00:00Z,20.26219081388281,2003
2002-11-08T12:00:00Z,19.65050601947553,2003
2002-11-09T12:00:00Z,19.319620273804453,2003
2002-11-10T12:00:00Z,19.008234990215207,2003
2002-11-11T12:00:00Z,18.715807891294844,2003
2002-11-12T12:00:00Z,18.42903814962924,2003
2002-11-13T12:00:00Z,18.328682846548976,2003
2002-11-14T12:00:00Z,17.85107890422384,2003
2002-11-15T12:00:00Z,17.44674040826072,2003
2002-11-16T12:00:00Z,17.266883247314308,2003
2002-11-17T12:00:00Z,21.758878679046667,2003
2002-11-18T12:00:00Z,21.422797565041044,2003
2002-11-19T12:00:00Z,20.96398983280759,2003
2002-11-20T12:00:00Z,20.587230653020242,2003
2002-11-21T12:00:00Z,20.276193547785926,2003
2002-11-22T12:00:00Z,20.068578870096825,2003
2002-11-23T12:00:00Z,19.53979955244368,2003
2002-11-24T12:00:00Z,18.999133786036616,2003
2002-11-25T12:00:00Z,18.63893778817573,2003
2002-11-26T12:00:00Z,18.289434411108903,2003
2002-11-27T12:00:00Z,17.859607655819904,2003
2002-11-28T12:00:00Z,17.489483239584175,2003
2002-11-29T12:00:00Z,16.997817826113437,2003
2002-11-30T12:00:00Z,16.535773341721114,2003
2002-12-01T12:00:00Z,16.18247329315406,2003
2002-12-02T12:00:00Z,15.830928755752254,2003
2002-12-03T12:00:00Z,15.483323648963106,2003
2002-12-04T12:00:00Z,15.165980587798982,2003
2002-12-05T12:00:00Z,14.836704984100045,2003
2002-12-06T12:00:00Z,14.55269816238196,2003
2002-12-07T12:00:00Z,14.224857790381387,2003
2002-12-08T12:00:00Z,13.898588380780906,2003
2002-12-09T12:00:00Z,14.56818522052013,2003
2002-12-10T12:00:00Z,19.571655085866762,2003
2002-12-11T12:00:00Z,19.463351364840957,2003
2002-12-12T12:00:00Z,19.349217725605737,2003
2002-12-13T12:00:00Z,19.163701916675027,2003
2002-12-14T12:00:00Z,18.873142400707952,2003
2002-12-15T12:00:00Z,18.387500044087588,2003
2002-12-16T12:00:00Z,17.90345705849183,2003
2002-12-17T12:00:00Z,17.41345043125162,2003
2002-12-18T12:00:00Z,17.06459479362327,2003
2002-12-19T12:00:00Z,16.675051808473995,2003
2002-12-20T12:00:00Z,16.463076063211236,2003
2002-12-21T12:00:00Z,16.041220270781746,2003
2002-12-22T12:00:00Z,15.638673804252317,2003
2002-12-23T12:00:00Z,15.335126698916152,2003
2002-12-24T12:00:00Z,15.130829979355259,2003
2002-12-25T12:00:00Z,15.19377776287445,2003
2002-12-26T12:00:00Z,14.858754370623542,2003
2002-12-27T12:00:00Z,14.461417297483308,2003
2002-12-28T12:00:00Z,14.219379709971873,2003
2002-12-29T12:00:00Z,13.837216812541506,2003
2002-12-30T12:00:00Z,13.549883935453844,2003
2002-12-31T12:00:00Z,13.348161759245757,2003
2003-01-01T12:00:00Z,13.26233659076644,2003
2003-01-02T12:00:00Z,13.091517922898113,2003
2003-01-03T12:00:00Z,13.646402615524764,2003
2003-01-04T12:00:00Z,13.479179855968063,2003
2003-01-05T12:00:00Z,13.236233346982987,2003
2003-01-06T12:00:00Z,13.019364414910669,2003
2003-01-07T12:00:00Z,12.711770902581359,2003
2003-01-08T12:00:00Z,12.492051301179973,2003
2003-01-09T12:00:00Z,12.252061969701503,2003
2003-01-10T12:00:00Z,12.055963473239444,2003
2003-01-11T12:00:00Z,11.858191694930765,2003
2003-01-12T12:00:00Z,11.687496262543581,2003
2003-01-13T12:00:00Z,11.474722547903584,2003
2003-01-14T12:00:00Z,11.46029280749871,2003
2003-01-15T12:00:00Z,11.286218545742765,2003
2003-01-16T12:00:00Z,11.063106878532368,2003
2003-01-17T12:00:00Z,10.868190393502752,2003
2003-01-18T12:00:00Z,10.638633337611083,2003
2003-01-19T12:00:00Z,10.429254127643368,2003
2003-01-20T12:00:00Z,10.250386301885623,2003
2003-01-21T12:00:00Z,10.085596207920808,2003
2003-01-22T12:00:00Z,9.913851661556906,2003
2003-01-23T12:00:00Z,9.742642773239783,2003
2003-01-24T12:00:00Z,9.512503960241183,2003
2003-01-25T12:00:00Z,9.240208437258012,2003
2003-01-26T12:00:00Z,9.112956285440198,2003
2003-01-27T12:00:00Z,8.967773120036671,2003
2003-01-28T12:00:00Z,8.721249973622172,2003
2003-01-29T12:00:00Z,8.550246207499248,2003
2003-01-30T12:00:00Z,8.4529875438197,2003
2003-01-31T12:00:00Z,8.326231102880373,2003
2003-02-01T12:00:00Z,8.179897374340884,2003
2003-02-02T12:00:00Z,7.995150363801392,2003
2003-02-03T12:00:00Z,7.817643031542144,2003
2003-02-04T12:00:00Z,7.676908345968553,2003
2003-02-05T12:00:00Z,7.533250498660749,2003
2003-02-06T12:00:00Z,7.4414594683252515,2003
2003-02-07T12:00:00Z,7.312983304653298,2003
2003-02-08T12:00:00Z,7.164783765806158,2003
2003-02-09T12:00:00Z,7.005841749410322,2003
2003-02-10T12:00:00Z,6.888723193489956,2003
2003-02-11T12:00:00Z,6.731326876681418,2003
2003-02-12T12:00:00Z,6.543527881971886,2003
2003-02-13T12:00:00Z,6.338671912231011,2003
2003-02-14T12:00:00Z,6.17888597246482,2003
2003-02-15T12:00:00Z,5.952136780772574,2003
2003-02-16T12:00:00Z,5.862717646611426,2003
2003-02-17T12:00:00Z,5.865831483140164,2003
2003-02-18T12:00:00Z,5.792700189106845,2003
2003-02-19T12:00:00Z,5.606120015936196,2003
2003-02-20T12:00:00Z,5.745661912036806,2003
2003-02-21T12:00:00Z,6.504294940659979,2003
2003-02-22T12:00:00Z,6.314914381002002,2003
2003-02-23T12:00:00Z,7.048556321020166,2003
2003-02-24T12:00:00Z,6.954908159515299,2003
2003-02-25T12:00:00Z,6.803576579191572,2003
2003-02-26T12:00:00Z,7.0587872483938146,2003
2003-02-27T12:00:00Z,6.968769501942875,2003
2003-02-28T12:00:00Z,6.859183275267613,2003
2003-03-01T12:00:00Z,6.685109066607087,2003
2003-03-02T12:00:00Z,6.5420511361726,2003
2003-03-03T12:00:00Z,6.373296733450119,2003
2003-03-04T12:00:00Z,6.256918825242709,2003
2003-03-05T12:00:00Z,6.071692523298955,2003
2003-03-06T12:00:00Z,5.829486079138944,2003
2003-03-07T12:00:00Z,5.665268901482327,2003
2003-03-08T12:00:00Z,5.457777037291288,2003
2003-03-09T12:00:00Z,5.337311181294696,2003
2003-03-10T12:00:00Z,5.207875581165953,2003
2003-03-11T12:00:00Z,5.25046347016569,2003
2003-03-12T12:00:00Z,5.109499554960723,2003
2003-03-13T12:00:00Z,4.891579836858008,2003
2003-03-14T12:00:00Z,4.70396881179408,2003
2003-03-15T12:00:00Z,4.683612427346036,2003
2003-03-16T12:00:00Z,4.78367357287888,2003
2003-03-17T12:00:00Z,6.179652252288336,2003
2003-03-18T12:00:00Z,6.487470001980561,2003
2003-03-19T12:00:00Z,6.363564367712011,2003
2003-03-20T12:00:00Z,6.228790961867098,2003
2003-03-21T12:00:00Z,6.206747992206858,2003
2003-03-22T12:00:00Z,6.246675612585552,2003
2003-03-23T12:00:00Z,6.131765541880886,2003
2003-03-24T12:00:00Z,5.973442812323804,2003
2003-03-25T12:00:00Z,5.668330179978013,2003
2003-03-26T12:00:00Z,5.440618944138902,2003
2003-03-27T12:00:00Z,5.943800200631406,2003
2003-03-28T12:00:00Z,8.06948353847549,2003
2003-03-29T12:00:00Z,7.8469358827645115,2003
2003-03-30T12:00:00Z,7.609409071597017,2003
2003-03-31T12:00:00Z,7.817749819214968,2003
2003-04-01T12:00:00Z,7.252228524343974,2003
2003-04-02T12:00:00Z,6.996552118043124,2003
2003-04-03T12:00:00Z,6.726599151501751,2003
2003-04-04T12:00:00Z,6.528516091737644,2003
2003-04-05T12:00:00Z,6.337624820392582,2003
2003-04-06T12:00:00Z,6.2474705785658875,2003
2003-04-07T12:00:00Z,6.017636194477819,2003
2003-04-08T12:00:00Z,5.788541909944299,2003
2003-04-09T12:00:00Z,5.653028329661031,2003
2003-04-10T12:00:00Z,5.535221204544024,2003
2003-04-11T12:00:00Z,5.329869218405618,2003
2003-04-12T12:00:00Z,5.133492829546289,2003
2003-04-13T12:00:00Z,4.911911664128187,2003
2003-04-14T12:00:00Z,4.6667480775880295,2003
2003-04-15T12:00:00Z,4.502470258024251,2003
2003-04-16T12:00:00Z,4.288796082614802,2003
2003-04-17T12:00:00Z,4.396532842181222,2003
2003-04-18T12:00:00Z,5.057882397964115,2003
2003-04-19T12:00:00Z,5.719242960223371,2003
2003-04-20T12:00:00Z,5.517215210540871,2003
2003-04-21T12:00:00Z,5.232783884995131,2003
2003-04-22T12:00:00Z,5.017945059474255,2003
2003-04-23T12:00:00Z,4.761389284391945,2003
2003-04-24T12:00:00Z,4.455798589687039,2003
2003-04-25T12:00:00Z,4.2181573451616154,2003
2003-04-26T12:00:00Z,5.313146714067103,2003
2003-04-27T12:00:00Z,6.513483478690805,2003
2003-04-28T12:00:00Z,6.507848564347838,2003
2003-04-29T12:00:00Z,6.882540382066856,2003
2003-04-30T12:00:00Z,8.91352465397931,2003
2003-05-01T12:00:00Z,10.854758958087961,2003
2003-05-02T12:00:00Z,10.67989861372052,2003
2003-05-03T12:00:00Z,10.66651721199159,2003
2003-05-04T12:00:00Z,10.620250957883187,2003
2003-05-05T12:00:00Z,10.412586200400733,2003
2003-05-06T12:00:00Z,10.032303527070539,2003
2003-05-07T12:00:00Z,9.5855907091431245,2003
2003-05-08T12:00:00Z,9.202025790838023,2003
2003-05-09T12:00:00Z,8.849151343369927,2003
2003-05-10T12:00:00Z,8.491970314358404,2003
2003-05-11T12:00:00Z,8.1024324424937,2003
2003-05-12T12:00:00Z,7.760922512099746,2003
2003-05-13T12:00:00Z,7.720057845868747,2003
2003-05-14T12:00:00Z,7.855511734674773,2003
2003-05-15T12:00:00Z,7.843934267681971,2003
2003-05-16T12:00:00Z,8.079935787654646,2003
2003-05-17T12:00:00Z,7.8384315165378204,2003
2003-05-18T12:00:00Z,7.675462017406096,2003
2003-05-19T12:00:00Z,7.703697333542537,2003
2003-05-20T12:00:00Z,7.692459759708717,2003
2003-05-21T12:00:00Z,7.366341396573708,2003
2003-05-22T12:00:00Z,7.250491125897726,2003
2003-05-23T12:00:00Z,7.498531195903735,2003
2003-05-24T12:00:00Z,7.568122432911431,2003
2003-05-25T12:00:00Z,10.447943373887009,2003
2003-05-26T12:00:00Z,11.005711397706703,2003
2003-05-27T12:00:00Z,11.414381618918915,2003
2003-05-28T12:00:00Z,13.81267936741103,2003
2003-05-29T12:00:00Z,17.438831202617237,2003
2003-05-30T12:00:00Z,18.27139749772168,2003
2003-06-01T12:00:00Z,17.336917809548037,2004
2003-06-02T12:00:00Z,17.047473000055664,2004
2003-06-03T12:00:00Z,16.964506288104847,2004
2003-06-04T12:00:00Z,16.840967171140797,2004
2003-06-05T12:00:00Z,16.90778452407835,2004
2003-06-06T12:00:00Z,16.991290675928262,2004
2003-06-07T12:00:00Z,17.87651137445162,2004
2003-06-08T12:00:00Z,17.787254768598324,2004
2003-06-09T12:00:00Z,18.066986887100043,2004
2003-06-10T12:00:00Z,18.995762965237827,2004
2003-06-11T12:00:00Z,19.257336880948237,2004
2003-06-12T12:00:00Z,19.319094285220054,2004
2003-06-13T12:00:00Z,19.29698468828528,2004
2003-06-14T12:00:00Z,18.838637865874023,2004
2003-06-15T12:00:00Z,19.02345558710827,2004
2003-06-16T12:00:00Z,19.2260904892418,2004
2003-06-17T12:00:00Z,19.021041490503904,2004
2003-06-18T12:00:00Z,18.999231961962057,2004
2003-06-19T12:00:00Z,18.54578160344095,2004
2003-06-20T12:00:00Z,18.348042796687913,2004
2003-06-21T12:00:00Z,18.776249752747557,2004
2003-06-22T12:00:00Z,21.626330629268427,2004
2003-06-23T12:00:00Z,24.923245396903635,2004
2003-06-24T12:00:00Z,25.73110367635905,2004
2003-06-25T12:00:00Z,25.613359796405422,2004
2003-06-26T12:00:00Z,25.18430275549851,2004
2003-06-27T12:00:00Z,25.07150319234398,2004
2003-06-28T12:00:00Z,25.11500584780294,2004
2003-06-29T12:00:00Z,24.589895000630563,2004
2003-06-30T12:00:00Z,24.307896639060786,2004
2003-07-01T12:00:00Z,23.7129012841319,2004
2003-07-02T12:00:00Z,23.135341574302732,2004
2003-07-03T12:00:00Z,22.778050215260638,2004
2003-07-04T12:00:00Z,22.474849037897577,2004
2003-07-05T12:00:00Z,22.294997834598867,2004
2003-07-06T12:00:00Z,22.349217140569507,2004
2003-07-07T12:00:00Z,21.929545676813305,2004
2003-07-08T12:00:00Z,21.62987353533769,2004
2003-07-09T12:00:00Z,21.140848281194366,2004
2003-07-10T12:00:00Z,20.5611632691658,2004
2003-07-11T12:00:00Z,20.020379598402254,2004
2003-07-12T12:00:00Z,19.489205412836665,2004
2003-07-13T12:00:00Z,19.11266849008293,2004
2003-07-14T12:00:00Z,18.72641623091394,2004
2003-07-15T12:00:00Z,18.592626749570176,2004
2003-07-16T12:00:00Z,19.312880099648712,2004
2003-07-17T12:00:00Z,19.780015034528482,2004
2003-07-18T12:00:00Z,19.896542140727647,2004
2003-07-19T12:00:00Z,19.761985390742076,2004
2003-07-20T12:00:00Z,20.576730842256406,2004
2003-07-21T12:00:00Z,20.40146777295926,2004
2003-07-22T12:00:00Z,20.634355634993835,2004
2003-07-23T12:00:00Z,20.40676335709919,2004
2003-07-24T12:00:00Z,20.378980110108444,2004
2003-07-25T12:00:00Z,20.18231562757089,2004
2003-07-26T12:00:00Z,20.430844616096003,2004
2003-07-27T12:00:00Z,20.399775781185458,2004
2003-07-28T12:00:00Z,20.809313968606258,2004
2003-07-29T12:00:00Z,20.92332950249008,2004
2003-07-30T12:00:00Z,21.354979108946797,2004
2003-07-31T12:00:00Z,21.735600917533144,2004
2003-08-01T12:00:00Z,22.27459998303599,2004
2003-08-02T12:00:00Z,23.03223928480494,2004
2003-08-03T12:00:00Z,24.74424723933189,2004
2003-08-04T12:00:00Z,24.915669598565394,2004
2003-08-05T12:00:00Z,25.144718797001385,2004
2003-08-06T12:00:00Z,25.413551664329066,2004
2003-08-07T12:00:00Z,25.2163114484914,2004
2003-08-08T12:00:00Z,26.014694687645303,2004
2003-08-09T12:00:00Z,26.37683540511435,2004
2003-08-10T12:00:00Z,26.736297575640517,2004
2003-08-11T12:00:00Z,26.499135731261344,2004
2003-08-12T12:00:00Z,27.58051358088924,2004
2003-08-13T12:00:00Z,27.19943566876924,2004
2003-08-14T12:00:00Z,27.61918720285993,2004
2003-08-15T12:00:00Z,27.699696621266682,2004
2003-08-16T12:00:00Z,27.55730279420195,2004
2003-08-17T12:00:00Z,27.80540436123307,2004
2003-08-18T12:00:00Z,27.778469167843856,2004
2003-08-19T12:00:00Z,27.717114409795588,2004
2003-08-20T12:00:00Z,28.810153035015365,2004
2003-08-21T12:00:00Z,30.72820315991513,2004
2003-08-22T12:00:00Z,31.044747932183753,2004
2003-08-23T12:00:00Z,30.942813261855942,2004
2003-08-24T12:00:00Z,31.04026693218952,2004
2003-08-25T12:00:00Z,31.14061491748612,2004
2003-08-26T12:00:00Z,30.874822579962032,2004
2003-08-27T12:00:00Z,30.736622848706894,2004
2003-08-28T12:00:00Z,31.390158743536087,2004
2003-08-29T12:00:00Z,31.59347863706389,2004
2003-08-30T12:00:00Z,31.85748334935083,2004
2003-08-31T12:00:00Z,31.672807892249217,2004
2003-09-01T12:00:00Z,31.586990360555173,2004
2003-09-02T12:00:00Z,31.40620059098366,2004
2003-09-03T12:00:00Z,31.20743273315654,2004
2003-09-04T12:00:00Z,31.38360196897262,2004
2003-09-05T12:00:00Z,31.491340047815754,2004
2003-09-06T12:00:00Z,33.510566873391625,2004
2003-09-07T12:00:00Z,33.37571747281993,2004
2003-09-08T12:00:00Z,33.01595927041378,2004
2003-09-09T12:00:00Z,32.4643845170532,2004
2003-09-10T12:00:00Z,31.927225403314008,2004
2003-09-11T12:00:00Z,31.947516865688254,2004
2003-09-12T12:00:00Z,32.02099621461724,2004
2003-09-13T12:00:00Z,32.99986929543221,2004
2003-09-14T12:00:00Z,32.7655015762359,2004
2003-09-15T12:00:00Z,32.75987202450998,2004
2003-09-16T12:00:00Z,32.20870614953186,2004
2003-09-17T12:00:00Z,31.813806194516516,2004
2003-09-18T12:00:00Z,32.85524932214959,2004
2003-09-19T12:00:00Z,33.111648400219835,2004
2003-09-20T12:00:00Z,32.92641104446919,2004
2003-09-21T12:00:00Z,32.969727728205726,2004
2003-09-22T12:00:00Z,32.54999576759152,2004
2003-09-23T12:00:00Z,32.24532362576446,2004
2003-09-24T12:00:00Z,32.3237346793015,2004
2003-09-25T12:00:00Z,32.76387435406826,2004
2003-09-26T12:00:00Z,35.593487715370856,2004
2003-09-27T12:00:00Z,35.53192844998008,2004
2003-09-28T12:00:00Z,35.478635873803896,2004
2003-09-29T12:00:00Z,39.39149340116779,2004
2003-09-30T12:00:00Z,42.23131551761235,2004
2003-10-01T12:00:00Z,42.045933153580265,2004
2003-10-02T12:00:00Z,41.44713770831834,2004
2003-10-03T12:00:00Z,40.78080807927773,2004
2003-10-04T12:00:00Z,40.221636629431536,2004
2003-10-05T12:00:00Z,39.578687091905856,2004
2003-10-06T12:00:00Z,38.91108057001546,2004
2003-10-07T12:00:00Z,38.14734726858186,2004
2003-10-08T12:00:00Z,37.53568152297839,2004
2003-10-09T12:00:00Z,36.93085195558195,2004
2003-10-10T12:00:00Z,36.38462727216969,2004
2003-10-11T12:00:00Z,36.226294937843676,2004
2003-10-12T12:00:00Z,35.8471809482481,2004
2003-10-13T12:00:00Z,35.31962393005028,2004
2003-10-14T12:00:00Z,34.81102230126197,2004
2003-10-15T12:00:00Z,34.224880198984025,2004
2003-10-16T12:00:00Z,33.63192906608544,2004
2003-10-17T12:00:00Z,33.182546459192395,2004
2003-10-18T12:00:00Z,32.8186325496838,2004
2003-10-19T12:00:00Z,32.33404944692606,2004
2003-10-20T12:00:00Z,31.87342686648467,2004
2003-10-21T12:00:00Z,31.608178512590055,2004
2003-10-22T12:00:00Z,31.24511983415639,2004
2003-10-23T12:00:00Z,30.748946053974773,2004
2003-10-24T12:00:00Z,30.24238733736238,2004
2003-10-25T12:00:00Z,30.061680722283334,2004
2003-10-26T12:00:00Z,29.983314093926978,2004
2003-10-27T12:00:00Z,29.756820375235144,2004
2003-10-28T12:00:00Z,29.37979420709563,2004
2003-10-29T12:00:00Z,29.691514595995688,2004
2003-10-30T12:00:00Z,29.511286256128848,2004
2003-10-31T12:00:00Z,29.69717841094668,2004
2003-11-01T12:00:00Z,29.370510315754974,2004
2003-11-02T12:00:00Z,29.17051715232016,2004
2003-11-03T12:00:00Z,29.089545619125815,2004
2003-11-04T12:00:00Z,31.341773484152515,2004
2003-11-05T12:00:00Z,35.08363885594628,2004
2003-11-06T12:00:00Z,36.141125001729876,2004
2003-11-07T12:00:00Z,36.37744077099642,2004
2003-11-08T12:00:00Z,36.02832898542533,2004
2003-11-09T12:00:00Z,35.923639781514765,2004
2003-11-10T12:00:00Z,35.72905123128714,2004
2003-11-11T12:00:00Z,35.131577956828266,2004
2003-11-12T12:00:00Z,34.60160122907827,2004
2003-11-13T12:00:00Z,34.0644816326698,2004
2003-11-14T12:00:00Z,33.43491903532964,2004
2003-11-15T12:00:00Z,32.95557164538736,2004
2003-11-16T12:00:00Z,32.50975449811467,2004
2003-11-17T12:00:00Z,32.03662790803788,2004
2003-11-18T12:00:00Z,31.69540735785571,2004
2003-11-19T12:00:00Z,31.338408818277628,2004
2003-11-20T12:00:00Z,30.87563289386402,2004
2003-11-21T12:00:00Z,30.43310743153504,2004
2003-11-22T12:00:00Z,30.1301579912309,2004
2003-11-23T12:00:00Z,29.759419520898383,2004
2003-11-24T12:00:00Z,29.441761943315548,2004
2003-11-25T12:00:00Z,29.09197893913299,2004
2003-11-26T12:00:00Z,28.754373266858053,2004
2003-11-27T12:00:00Z,28.43775593811805,2004
2003-11-28T12:00:00Z,28.063434541307164,2004
2003-11-29T12:00:00Z,27.575433160532466,2004
2003-11-30T12:00:00Z,27.14146499650135,2004
2003-12-01T12:00:00Z,26.783998205262463,2004
2003-12-02T12:00:00Z,26.42800688204172,2004
2003-12-03T12:00:00Z,26.09272684786217,2004
2003-12-04T12:00:00Z,25.866316658678763,2004
2003-12-05T12:00:00Z,25.66885043484807,2004
2003-12-06T12:00:00Z,25.462481285437548,2004
2003-12-07T12:00:00Z,25.07168602700565,2004
2003-12-08T12:00:00Z,24.762479724169477,2004
2003-12-09T12:00:00Z,24.56227035050761,2004
2003-12-10T12:00:00Z,24.77896476585006,2004
2003-12-11T12:00:00Z,24.7125161057121,2004
2003-12-12T12:00:00Z,24.49206120028552,2004
2003-12-13T12:00:00Z,24.348914943794544,2004
2003-12-14T12:00:00Z,24.329387906272544,2004
2003-12-15T12:00:00Z,25.79904922729141,2004
2003-12-16T12:00:00Z,25.678596267848476,2004
2003-12-17T12:00:00Z,25.598998308993227,2004
2003-12-18T12:00:00Z,25.30609217797799,2004
2003-12-19T12:00:00Z,25.066610849067114,2004
2003-12-20T12:00:00Z,24.76890193972368,2004
2003-12-21T12:00:00Z,24.483530003200197,2004
2003-12-22T12:00:00Z,24.305065453893175,2004
2003-12-23T12:00:00Z,24.183283677157178,2004
2003-12-24T12:00:00Z,24.132057335923164,2004
2003-12-25T12:00:00Z,23.88941068523194,2004
2003-12-26T12:00:00Z,23.701735376652028,2004
2003-12-27T12:00:00Z,23.4093881576582,2004
2003-12-28T12:00:00Z,23.118743040279124,2004
2003-12-29T12:00:00Z,22.873782227695514,2004
2003-12-30T12:00:00Z,22.583072711508375,2004
2003-12-31T12:00:00Z,22.11702874881397,2004
2004-01-01T12:00:00Z,21.821390449475356,2004
2004-01-02T12:00:00Z,21.6113495227172,2004
2004-01-03T12:00:00Z,21.310662368474116,2004
2004-01-04T12:00:00Z,21.10874879947489,2004
2004-01-05T12:00:00Z,20.902607213084774,2004
2004-01-06T12:00:00Z,20.665367652795457,2004
2004-01-07T12:00:00Z,20.227948095410856,2004
2004-01-08T12:00:00Z,19.840081176549983,2004
2004-01-09T12:00:00Z,19.55722534014943,2004
2004-01-10T12:00:00Z,19.290080994601112,2004
2004-01-11T12:00:00Z,18.83587209907644,2004
2004-01-12T12:00:00Z,18.504968634729405,2004
2004-01-13T12:00:00Z,18.22349158429142,2004
2004-01-14T12:00:00Z,17.850897025530767,2004
2004-01-15T12:00:00Z,17.51925842198639,2004
2004-01-16T12:00:00Z,17.235490805739637,2004
2004-01-17T12:00:00Z,16.91547050619102,2004
2004-01-18T12:00:00Z,16.739247316647464,2004
2004-01-19T12:00:00Z,17.655360926838043,2004
2004-01-20T12:00:00Z,17.397364654929817,2004
2004-01-21T12:00:00Z,17.1006143483108,2004
2004-01-22T12:00:00Z,16.77291446005767,2004
2004-01-23T12:00:00Z,16.352000397916637,2004
2004-01-24T12:00:00Z,16.17048978539335,2004
2004-01-25T12:00:00Z,15.85834804991667,2004
2004-01-26T12:00:00Z,15.572254778659309,2004
2004-01-27T12:00:00Z,15.44354306625806,2004
2004-01-28T12:00:00Z,15.249834687247448,2004
2004-01-29T12:00:00Z,14.834475192348824,2004
2004-01-30T12:00:00Z,14.692846846414126,2004
2004-01-31T12:00:00Z,15.85438535308044,2004
2004-02-01T12:00:00Z,19.31185969231061,2004
2004-02-02T12:00:00Z,19.207691073744584,2004
2004-02-03T12:00:00Z,18.902937991343563,2004
2004-02-04T12:00:00Z,18.577379685255035,2004
2004-02-05T12:00:00Z,18.26007995738572,2004
2004-02-06T12:00:00Z,17.936926222466347,2004
2004-02-07T12:00:00Z,17.616978070749944,2004
2004-02-08T12:00:00Z,17.067681121160653,2004
2004-02-09T12:00:00Z,16.623153505677926,2004
2004-02-10T12:00:00Z,16.383971947612537,2004
2004-02-11T12:00:00Z,16.143617982752293,2004
2004-02-12T12:00:00Z,15.856542629593148,2004
2004-02-13T12:00:00Z,15.574691927514744,2004
2004-02-14T12:00:00Z,15.426093011131249,2004
2004-02-15T12:00:00Z,15.322089366301034,2004
2004-02-16T12:00:00Z,15.169033838217453,2004
2004-02-17T12:00:00Z,14.874725957376834,2004
2004-02-18T12:00:00Z,14.529704343455313,2004
2004-02-19T12:00:00Z,14.197353072638142,2004
2004-02-20T12:00:00Z,13.939998244642336,2004
2004-02-21T12:00:00Z,13.711164091578544,2004
2004-02-22T12:00:00Z,13.453754620097877,2004
2004-02-23T12:00:00Z,13.222427743924353,2004
2004-02-24T12:00:00Z,12.99924539733937,2004
2004-02-25T12:00:00Z,12.894470476397805,2004
2004-02-26T12:00:00Z,15.015633507164873,2004
2004-02-27T12:00:00Z,14.852983241677867,2004
2004-02-28T12:00:00Z,14.581341998776773,2004
2004-02-29T12:00:00Z,14.366480199071733,2004
2004-03-01T12:00:00Z,14.066914070002829,2004
2004-03-02T12:00:00Z,13.811014410914684,2004
2004-03-03T12:00:00Z,13.504155956671358,2004
2004-03-04T12:00:00Z,13.221618199803803,2004
2004-03-05T12:00:00Z,12.966741512043003,2004
2004-03-06T12:00:00Z,12.686989148029735,2004
2004-03-07T12:00:00Z,12.445761948467819,2004
2004-03-08T12:00:00Z,12.184436765228499,2004
2004-03-09T12:00:00Z,11.865217928651147,2004
2004-03-10T12:00:00Z,11.493791258790466,2004
2004-03-11T12:00:00Z,11.197513377873719,2004
2004-03-12T12:00:00Z,10.929342365165649,2004
2004-03-13T12:00:00Z,10.658975011869229,2004
2004-03-14T12:00:00Z,10.402669651273648,2004
2004-03-15T12:00:00Z,10.307176968300611,2004
2004-03-16T12:00:00Z,10.113217871741051,2004
2004-03-17T12:00:00Z,9.885716359657359,2004
2004-03-18T12:00:00Z,9.595339036589154,2004
2004-03-19T12:00:00Z,9.251933026021888,2004
2004-03-20T12:00:00Z,8.904092027023655,2004
2004-03-21T12:00:00Z,8.592950731533398,2004
2004-03-22T12:00:00Z,8.329172699388398,2004
2004-03-23T12:00:00Z,7.994016564099609,2004
2004-03-24T12:00:00Z,7.646207342885734,2004
2004-03-25T12:00:00Z,7.480665798834091,2004
2004-03-26T12:00:00Z,7.593572701462686,2004
2004-03-27T12:00:00Z,7.42967879359449,2004
2004-03-28T12:00:00Z,7.208247503655782,2004
2004-03-29T12:00:00Z,7.007371834734862,2004
2004-03-30T12:00:00Z,6.8628979857066,2004
2004-03-31T12:00:00Z,6.628165530095955,2004
2004-04-01T12:00:00Z,6.377296845931615,2004
2004-04-02T12:00:00Z,6.092337187459139,2004
2004-04-03T12:00:00Z,5.821659571808069,2004
2004-04-04T12:00:00Z,5.528156315918417,2004
2004-04-05T12:00:00Z,5.292303756051619,2004
2004-04-06T12:00:00Z,5.058556896687488,2004
2004-04-07T12:00:00Z,4.853317746152256,2004
2004-04-08T12:00:00Z,4.661087337670433,2004
2004-04-09T12:00:00Z,4.522162498164481,2004
2004-04-10T12:00:00Z,4.3768361733429115,2004
2004-04-11T12:00:00Z,4.253123818702784,2004
2004-04-12T12:00:00Z,4.650303628173794,2004
2004-04-13T12:00:00Z,5.805734955231193,2004
2004-04-14T12:00:00Z,7.643009826812408,2004
2004-04-15T12:00:00Z,7.457845517633944,2004
2004-04-16T12:00:00Z,7.141232597547694,2004
2004-04-17T12:00:00Z,6.8572440544900415,2004
2004-04-18T12:00:00Z,6.502754059944751,2004
2004-04-19T12:00:00Z,6.2103555997251645,2004
2004-04-20T12:00:00Z,5.928040021547024,2004
2004-04-21T12:00:00Z,5.597626931292537,2004
2004-04-22T12:00:00Z,5.350018282402508,2004
2004-04-23T12:00:00Z,5.040078489962568,2004
2004-04-24T12:00:00Z,4.79330385779774,2004
2004-04-25T12:00:00Z,4.482948012461741,2004
2004-04-26T12:00:00Z,4.216373278222519,2004
2004-04-27T12:00:00Z,3.981497309373712,2004
2004-04-28T12:00:00Z,3.813249392590023,2004
2004-04-29T12:00:00Z,4.026390573989516,2004
2004-04-30T12:00:00Z,3.8836479399510155,2004
2004-05-01T12:00:00Z,3.7585111695568894,2004
2004-05-02T12:00:00Z,3.6107702600208715,2004
2004-05-03T12:00:00Z,3.967902627531859,2004
2004-05-04T12:00:00Z,5.539741432290236,2004
2004-05-05T12:00:00Z,5.367729065092198,2004
2004-05-06T12:00:00Z,5.121733707434751,2004
2004-05-07T12:00:00Z,4.862157030308748,2004
2004-05-08T12:00:00Z,4.636926507517827,2004
2004-05-09T12:00:00Z,4.468555954049079,2004
2004-05-10T12:00:00Z,4.29235107271725,2004
2004-05-11T12:00:00Z,4.170433676803264,2004
2004-05-12T12:00:00Z,3.9843238113763633,2004
2004-05-13T12:00:00Z,3.81875284633487,2004
2004-05-14T12:00:00Z,3.6387186575005965,2004
2004-05-15T12:00:00Z,3.487987490720777,2004
2004-05-16T12:00:00Z,3.3772022924273766,2004
2004-05-17T12:00:00Z,3.248965664253179,2004
2004-05-18T12:00:00Z,3.099274123497271,2004
2004-05-19T12:00:00Z,2.959993497234834,2004
2004-05-20T12:00:00Z,2.8217500208640773,2004
2004-05-21T12:00:00Z,2.681157909434409,2004
2004-05-22T12:00:00Z,2.521081758736396,2004
2004-05-23T12:00:00Z,2.3979960897410186,2004
2004-05-24T12:00:00Z,2.243182030480709,2004
2004-05-25T12:00:00Z,2.145376802401491,2004
2004-05-26T12:00:00Z,1.9885053989118975,2004
2004-05-27T12:00:00Z,1.8289082121779006,2004
2004-05-28T12:00:00Z,1.6848994552563734,2004
2004-05-29T12:00:00Z,1.5341130310361228,2004
2004-05-30T12:00:00Z,1.4308967098082899,2004
2004-06-01T12:00:00Z,1.2813432479786242,2005
2004-06-02T12:00:00Z,1.185343940960322,2005
2004-06-03T12:00:00Z,1.2121351141945973,2005
2004-06-04T12:00:00Z,1.2007636007552749,2005
2004-06-05T12:00:00Z,1.9151981075176647,2005
2004-06-06T12:00:00Z,2.1842618499808633,2005
2004-06-07T12:00:00Z,2.1672667824790013,2005
2004-06-08T12:00:00Z,2.27690514475545,2005
2004-06-09T12:00:00Z,2.253993600399674,2005
2004-06-10T12:00:00Z,2.466176557640137,2005
2004-06-11T12:00:00Z,2.562898361017375,2005
2004-06-12T12:00:00Z,2.589569761079392,2005
2004-06-13T12:00:00Z,2.762429933198869,2005
2004-06-14T12:00:00Z,2.6291117921924028,2005
2004-06-15T12:00:00Z,2.6200443611964657,2005
2004-06-16T12:00:00Z,2.7706750641607045,2005
2004-06-17T12:00:00Z,2.627876137560425,2005
2004-06-18T12:00:00Z,2.5585529716369804,2005
2004-06-19T12:00:00Z,2.8754552381045673,2005
2004-06-20T12:00:00Z,2.998516227478612,2005
2004-06-21T12:00:00Z,3.023194099068058,2005
2004-06-22T12:00:00Z,3.506554443700774,2005
2004-06-23T12:00:00Z,3.5603987924966245,2005
2004-06-24T12:00:00Z,3.3488743980005604,2005
2004-06-25T12:00:00Z,3.1300968267541673,2005
2004-06-26T12:00:00Z,2.9426895168455762,2005
2004-06-27T12:00:00Z,2.723618007266673,2005
2004-06-28T12:00:00Z,2.535669115614821,2005
2004-06-29T12:00:00Z,2.7265368697458805,2005
2004-06-30T12:00:00Z,2.6051132545415148,2005
2004-07-01T12:00:00Z,2.4408119202594216,2005
2004-07-02T12:00:00Z,2.4771042276432884,2005
2004-07-03T12:00:00Z,2.5516184820834615,2005
2004-07-04T12:00:00Z,2.797312223339174,2005
2004-07-05T12:00:00Z,2.9421045662957472,2005
2004-07-06T12:00:00Z,3.3766265499442962,2005
2004-07-07T12:00:00Z,3.217192943258454,2005
2004-07-08T12:00:00Z,3.2915843337336437,2005
2004-07-09T12:00:00Z,3.0768853319730396,2005
2004-07-10T12:00:00Z,2.87816146930915,2005
2004-07-11T12:00:00Z,3.2342036140770682,2005
2004-07-12T12:00:00Z,3.5665572234570804,2005
2004-07-13T12:00:00Z,3.5403932433403904,2005
2004-07-14T12:00:00Z,3.3828358595798576,2005
2004-07-15T12:00:00Z,3.360224214777073,2005
2004-07-16T12:00:00Z,3.633104833122799,2005
2004-07-17T12:00:00Z,3.8605137602355875,2005
2004-07-18T12:00:00Z,3.7066293724428543,2005
2004-07-19T12:00:00Z,3.8173700447297354,2005
2004-07-20T12:00:00Z,5.021327380790766,2005
2004-07-21T12:00:00Z,5.050772232266762,2005
2004-07-22T12:00:00Z,5.200988493149008,2005
2004-07-23T12:00:00Z,5.139122962122683,2005
2004-07-24T12:00:00Z,5.142842903473468,2005
2004-07-25T12:00:00Z,6.331409269238546,2005
2004-07-26T12:00:00Z,6.316458920143494,2005
2004-07-27T12:00:00Z,7.9958617911166,2005
2004-07-28T12:00:00Z,9.991562388739553,2005
2004-07-29T12:00:00Z,10.991149723915115,2005
2004-07-30T12:00:00Z,11.429622738520148,2005
2004-07-31T12:00:00Z,11.757850335268385,2005
2004-08-01T12:00:00Z,12.216402745334456,2005
2004-08-02T12:00:00Z,13.966313750760213,2005
2004-08-03T12:00:00Z,16.43306104143266,2005
2004-08-04T12:00:00Z,18.08805797289214,2005
2004-08-05T12:00:00Z,18.09480259901863,2005
2004-08-06T12:00:00Z,18.268686019451916,2005
2004-08-07T12:00:00Z,19.01554233953138,2005
2004-08-08T12:00:00Z,19.72293114685522,2005
2004-08-09T12:00:00Z,19.47918395332912,2005
2004-08-10T12:00:00Z,19.260674642185506,2005
2004-08-11T12:00:00Z,18.747030717081934,2005
2004-08-12T12:00:00Z,18.452754380233607,2005
2004-08-13T12:00:00Z,18.459843810134725,2005
2004-08-14T12:00:00Z,18.131546899153832,2005
2004-08-15T12:00:00Z,18.831038104711386,2005
2004-08-16T12:00:00Z,19.15090790030772,2005
2004-08-17T12:00:00Z,19.269450140805017,2005
2004-08-18T12:00:00Z,19.709428645441278,2005
2004-08-19T12:00:00Z,19.294451368310426,2005
2004-08-20T12:00:00Z,19.354695391725024,2005
2004-08-21T12:00:00Z,19.050127014754217,2005
2004-08-22T12:00:00Z,19.06607814134043,2005
2004-08-23T12:00:00Z,19.10968575234745,2005
2004-08-24T12:00:00Z,19.029523026966558,2005
2004-08-25T12:00:00Z,19.193229852624086,2005
2004-08-26T12:00:00Z,19.691925081076516,2005
2004-08-27T12:00:00Z,19.77271029607089,2005
2004-08-28T12:00:00Z,19.75372664915593,2005
2004-08-29T12:00:00Z,19.71005233207482,2005
2004-08-30T12:00:00Z,19.59255361743819,2005
2004-08-31T12:00:00Z,19.245386388322867,2005
2004-09-01T12:00:00Z,19.16824735989183,2005
2004-09-02T12:00:00Z,19.276320459221534,2005
2004-09-03T12:00:00Z,18.81200886517617,2005
2004-09-04T12:00:00Z,18.83103138389363,2005
2004-09-05T12:00:00Z,21.31206936448608,2005
2004-09-06T12:00:00Z,23.57560005725072,2005
2004-09-07T12:00:00Z,23.993596780872252,2005
2004-09-08T12:00:00Z,24.001640366900794,2005
2004-09-09T12:00:00Z,23.822760488377497,2005
2004-09-10T12:00:00Z,23.30953300944972,2005
2004-09-11T12:00:00Z,22.778036848595047,2005
2004-09-12T12:00:00Z,22.294181494474643,2005
2004-09-13T12:00:00Z,21.84435209508741,2005
2004-09-14T12:00:00Z,21.717042976752083,2005
2004-09-15T12:00:00Z,21.47774882473044,2005
2004-09-16T12:00:00Z,21.2114265156306,2005
2004-09-17T12:00:00Z,20.996629046588172,2005
2004-09-18T12:00:00Z,21.415417836351097,2005
2004-09-19T12:00:00Z,22.104135844517174,2005
2004-09-20T12:00:00Z,22.234222274954476,2005
2004-09-21T12:00:00Z,22.089302945242103,2005
2004-09-22T12:00:00Z,22.79458638405123,2005
2004-09-23T12:00:00Z,23.363656282681795,2005
2004-09-24T12:00:00Z,23.256678393970624,2005
2004-09-25T12:00:00Z,23.144409010295885,2005
2004-09-26T12:00:00Z,24.3575885660618,2005
2004-09-27T12:00:00Z,25.285597809054593,2005
2004-09-28T12:00:00Z,25.462445226962604,2005
2004-09-29T12:00:00Z,27.248167047537972,2005
2004-09-30T12:00:00Z,27.61186319588447,2005
2004-10-01T12:00:00Z,27.281630580408915,2005
2004-10-02T12:00:00Z,26.89486506762864,2005
2004-10-03T12:00:00Z,26.624698522999285,2005
2004-10-04T12:00:00Z,26.28855814368671,2005
2004-10-05T12:00:00Z,25.95468077462579,2005
2004-10-06T12:00:00Z,25.628989025451293,2005
2004-10-07T12:00:00Z,25.729964633156104,2005
2004-10-08T12:00:00Z,25.63086499164901,2005
2004-10-09T12:00:00Z,25.382417249329293,2005
2004-10-10T12:00:00Z,25.14213444598158,2005
2004-10-11T12:00:00Z,24.976993659497708,2005
2004-10-12T12:00:00Z,25.70669559764582,2005
2004-10-13T12:00:00Z,26.159743333785237,2005
2004-10-14T12:00:00Z,26.062057554459127,2005
2004-10-15T12:00:00Z,32.05953574386096,2005
2004-10-16T12:00:00Z,32.13417282095151,2005
2004-10-17T12:00:00Z,31.840446816555552,2005
2004-10-18T12:00:00Z,31.536479692057462,2005
2004-10-19T12:00:00Z,31.225953316011346,2005
2004-10-20T12:00:00Z,31.615556273848025,2005
2004-10-21T12:00:00Z,32.71335808621331,2005
2004-10-22T12:00:00Z,32.46536677026142,2005
2004-10-23T12:00:00Z,32.11788667385539,2005
2004-10-24T12:00:00Z,31.79518484910485,2005
2004-10-25T12:00:00Z,31.370600786125042,2005
2004-10-26T12:00:00Z,31.018765033961042,2005
2004-10-27T12:00:00Z,30.682424618308154,2005
2004-10-28T12:00:00Z,30.280014835095194,2005
2004-10-29T12:00:00Z,29.95486895414571,2005
2004-10-30T12:00:00Z,29.65668810789312,2005
2004-10-31T12:00:00Z,29.358882909797195,2005
2004-11-01T12:00:00Z,29.18913690523116,2005
2004-11-02T12:00:00Z,28.947254428083586,2005
2004-11-03T12:00:00Z,28.673083600521554,2005
2004-11-04T12:00:00Z,28.418065676960026,2005
2004-11-05T12:00:00Z,28.124074475608776,2005
2004-11-06T12:00:00Z,27.80176204886656,2005
2004-11-07T12:00:00Z,27.458977704738192,2005
2004-11-08T12:00:00Z,27.090196594225205,2005
2004-11-09T12:00:00Z,26.708430464996297,2005
2004-11-10T12:00:00Z,26.4743122822741,2005
2004-11-11T12:00:00Z,26.195496242368606,2005
2004-11-12T12:00:00Z,25.950429356833745,2005
2004-11-13T12:00:00Z,25.68283040677649,2005
2004-11-14T12:00:00Z,25.523464010476363,2005
2004-11-15T12:00:00Z,25.457837862401004,2005
2004-11-16T12:00:00Z,25.132166117972655,2005
2004-11-17T12:00:00Z,24.847100806353026,2005
2004-11-18T12:00:00Z,24.600786447525024,2005
2004-11-19T12:00:00Z,24.38173044088655,2005
2004-11-20T12:00:00Z,24.125684113682308,2005
2004-11-21T12:00:00Z,23.94373033212518,2005
2004-11-22T12:00:00Z,23.748281462115475,2005
2004-11-23T12:00:00Z,23.583549496931383,2005
2004-11-24T12:00:00Z,23.38679236973418,2005
2004-11-25T12:00:00Z,24.435083340325853,2005
2004-11-26T12:00:00Z,24.354740980976825,2005
2004-11-27T12:00:00Z,24.19040901288463,2005
2004-11-28T12:00:00Z,24.094072427000054,2005
2004-11-29T12:00:00Z,23.794180328780595,2005
2004-11-30T12:00:00Z,23.505810387209277,2005
2004-12-01T12:00:00Z,23.306207308654802,2005
2004-12-02T12:00:00Z,23.054296657329207,2005
2004-12-03T12:00:00Z,22.818011609709345,2005
2004-12-04T12:00:00Z,22.52148426538233,2005
2004-12-05T12:00:00Z,22.255810810349715,2005
2004-12-06T12:00:00Z,21.875308465049855,2005
2004-12-07T12:00:00Z,21.468050333499967,2005
2004-12-08T12:00:00Z,21.202498442267345,2005
2004-12-09T12:00:00Z,21.029259489650357,2005
2004-12-10T12:00:00Z,20.799601406950675,2005
2004-12-11T12:00:00Z,20.4698412333658,2005
2004-12-12T12:00:00Z,20.063766767456762,2005
2004-12-13T12:00:00Z,19.74979441111632,2005
2004-12-14T12:00:00Z,19.40218129867613,2005
2004-12-15T12:00:00Z,18.825618886807522,2005
2004-12-16T12:00:00Z,18.416250281650335,2005
2004-12-17T12:00:00Z,18.14274721780206,2005
2004-12-18T12:00:00Z,17.943669027878183,2005
2004-12-19T12:00:00Z,17.695072909999897,2005
2004-12-20T12:00:00Z,17.329544776493464,2005
2004-12-21T12:00:00Z,16.882054788615633,2005
2004-12-22T12:00:00Z,16.58283537521185,2005
2004-12-23T12:00:00Z,16.386833520083307,2005
2004-12-24T12:00:00Z,16.18328241523169,2005
2004-12-25T12:00:00Z,15.885950324479326,2005
2004-12-26T12:00:00Z,15.538227153670894,2005
2004-12-27T12:00:00Z,15.101408986413047,2005
2004-12-28T12:00:00Z,14.799800950002718,2005
2004-12-29T12:00:00Z,14.516747146570484,2005
2004-12-30T12:00:00Z,14.327059503365216,2005
2004-12-31T12:00:00Z,14.090792062805635,2005
2005-01-01T12:00:00Z,13.840440327693853,2005
2005-01-02T12:00:00Z,13.535674817858668,2005
2005-01-03T12:00:00Z,13.199317541061722,2005
2005-01-04T12:00:00Z,12.920994255229845,2005
2005-01-05T12:00:00Z,12.65471983196453,2005
2005-01-06T12:00:00Z,12.45752853407332,2005
2005-01-07T12:00:00Z,12.109882053181193,2005
2005-01-08T12:00:00Z,11.82399958580528,2005
2005-01-09T12:00:00Z,11.574804375565135,2005
2005-01-10T12:00:00Z,11.240718854833887,2005
2005-01-11T12:00:00Z,10.971188841055236,2005
2005-01-12T12:00:00Z,10.660104021660612,2005
2005-01-13T12:00:00Z,10.431311813192433,2005
2005-01-14T12:00:00Z,10.326207496919082,2005
2005-01-15T12:00:00Z,10.964951232528126,2005
2005-01-16T12:00:00Z,10.850015659459542,2005
2005-01-17T12:00:00Z,10.593139701410324,2005
2005-01-18T12:00:00Z,10.204763670024862,2005
2005-01-19T12:00:00Z,9.87798319147803,2005
2005-01-20T12:00:00Z,9.669195365794842,2005
2005-01-21T12:00:00Z,9.431491536929489,2005
2005-01-22T12:00:00Z,9.189693758373279,2005
2005-01-23T12:00:00Z,9.050054331957185,2005
2005-01-24T12:00:00Z,8.728234446714254,2005
2005-01-25T12:00:00Z,8.479447108699805,2005
2005-01-26T12:00:00Z,8.249736484841431,2005
2005-01-27T12:00:00Z,8.072545347592623,2005
2005-01-28T12:00:00Z,7.926743058108676,2005
2005-01-29T12:00:00Z,8.028519842644513,2005
2005-01-30T12:00:00Z,7.880861072891723,2005
2005-01-31T12:00:00Z,7.686500407491211,2005
2005-02-01T12:00:00Z,7.494511609294622,2005
2005-02-02T12:00:00Z,7.318627919541283,2005
2005-02-03T12:00:00Z,7.161891844994174,2005
2005-02-04T12:00:00Z,7.0613925745041195,2005
2005-02-05T12:00:00Z,6.837154872141903,2005
2005-02-06T12:00:00Z,6.625012717763076,2005
2005-02-07T12:00:00Z,6.4275024203140285,2005
2005-02-08T12:00:00Z,6.257560548212573,2005
2005-02-09T12:00:00Z,6.111218282810971,2005
2005-02-10T12:00:00Z,6.016186175196926,2005
2005-02-11T12:00:00Z,5.802415958943026,2005
2005-02-12T12:00:00Z,5.567254509526532,2005
2005-02-13T12:00:00Z,5.383953271448671,2005
2005-02-14T12:00:00Z,5.168491444683449,2005
2005-02-15T12:00:00Z,4.972521026090999,2005
2005-02-16T12:00:00Z,4.675204843884,2005
2005-02-17T12:00:00Z,4.496912306611382,2005
2005-02-18T12:00:00Z,4.301345945852394,2005
2005-02-19T12:00:00Z,4.066799905542996,2005
2005-02-20T12:00:00Z,3.8464112805105914,2005
2005-02-21T12:00:00Z,3.6634172046453086,2005
2005-02-22T12:00:00Z,3.45640600381472,2005
2005-02-23T12:00:00Z,3.2742537482711875,2005
2005-02-24T12:00:00Z,3.122955442105405,2005
2005-02-25T12:00:00Z,2.983975929039349,2005
2005-02-26T12:00:00Z,2.9038047127287023,2005
2005-02-27T12:00:00Z,2.9128240029211727,2005
2005-02-28T12:00:00Z,2.9104098019590574,2005
2005-03-01T12:00:00Z,2.8158390703794423,2005
2005-03-02T12:00:00Z,2.623699025817062,2005
2005-03-03T12:00:00Z,2.4198342461018556,2005
2005-03-04T12:00:00Z,3.0303187601421535,2005
2005-03-05T12:00:00Z,2.969473672000715,2005
2005-03-06T12:00:00Z,2.7986881274843074,2005
2005-03-07T12:00:00Z,2.6594276046542764,2005
2005-03-08T12:00:00Z,2.598995370542618,2005
2005-03-09T12:00:00Z,2.6935053207848614,2005
2005-03-10T12:00:00Z,3.5577863631297513,2005
2005-03-11T12:00:00Z,3.425652058368565,2005
2005-03-12T12:00:00Z,3.243540176057442,2005
2005-03-13T12:00:00Z,3.047139045108661,2005
2005-03-14T12:00:00Z,2.871993557730805,2005
2005-03-15T12:00:00Z,2.711721199730468,2005
2005-03-16T12:00:00Z,2.525143560980256,2005
2005-03-17T12:00:00Z,2.4753522606717966,2005
2005-03-18T12:00:00Z,5.101113005629015,2005
2005-03-19T12:00:00Z,4.846912861360742,2005
2005-03-20T12:00:00Z,4.594195157015125,2005
2005-03-21T12:00:00Z,4.377132964934004,2005
2005-03-22T12:00:00Z,4.216419401715248,2005
2005-03-23T12:00:00Z,4.063138377787609,2005
2005-03-24T12:00:00Z,3.9670215452628086,2005
2005-03-25T12:00:00Z,3.7780531008259906,2005
2005-03-26T12:00:00Z,3.5885300378286873,2005
2005-03-27T12:00:00Z,3.4210730899034116,2005
2005-03-28T12:00:00Z,3.295377119736387,2005
2005-03-29T12:00:00Z,3.1580756644894397,2005
2005-03-30T12:00:00Z,2.9268004532892484,2005
2005-03-31T12:00:00Z,2.9525526156913524,2005
2005-04-01T12:00:00Z,2.790588166209323,2005
2005-04-02T12:00:00Z,2.7214549577784934,2005
2005-04-03T12:00:00Z,2.717154422720546,2005
2005-04-04T12:00:00Z,2.4576644782367345,2005
2005-04-05T12:00:00Z,2.253763380678814,2005
2005-04-06T12:00:00Z,2.1254547298888617,2005
2005-04-07T12:00:00Z,2.0007190696989987,2005
2005-04-08T12:00:00Z,4.189823236283605,2005
2005-04-09T12:00:00Z,4.211224197618568,2005
2005-04-10T12:00:00Z,4.0930771905983585,2005
2005-04-11T12:00:00Z,3.9193598099016422,2005
2005-04-12T12:00:00Z,3.7324241178276254,2005
2005-04-13T12:00:00Z,3.5954156697905617,2005
2005-04-14T12:00:00Z,3.4917500858559083,2005
2005-04-15T12:00:00Z,3.3276073857572706,2005
2005-04-16T12:00:00Z,3.057594800072774,2005
2005-04-17T12:00:00Z,2.8261532173348805,2005
2005-04-18T12:00:00Z,2.701647608789244,2005
2005-04-19T12:00:00Z,2.564011901272616,2005
2005-04-20T12:00:00Z,2.4587447652445484,2005
2005-04-21T12:00:00Z,2.4026069523742923,2005
2005-04-22T12:00:00Z,2.403680126849164,2005
2005-04-23T12:00:00Z,2.333043376297255,2005
2005-04-24T12:00:00Z,2.2262455147347184,2005
2005-04-25T12:00:00Z,2.102578439184781,2005
2005-04-26T12:00:00Z,1.9188182209982343,2005
2005-04-27T12:00:00Z,1.8711757318688653,2005
2005-04-28T12:00:00Z,1.8156252962251602,2005
2005-04-29T12:00:00Z,1.6464649984815563,2005
2005-04-30T12:00:00Z,1.5475455009038255,2005
2005-05-01T12:00:00Z,1.4782349868572657,2005
2005-05-02T12:00:00Z,1.4691803036894318,2005
2005-05-03T12:00:00Z,1.425320746265826,2005
2005-05-04T12:00:00Z,1.7469895863276155,2005
2005-05-05T12:00:00Z,2.743976155048953,2005
2005-05-06T12:00:00Z,2.849084776616587,2005
2005-05-07T12:00:00Z,2.7503033703209487,2005
2005-05-08T12:00:00Z,2.5839245563506146,2005
2005-05-09T12:00:00Z,2.4587233239359767,2005
2005-05-10T12:00:00Z,2.35072156840627,2005
2005-05-11T12:00:00Z,2.397207600152691,2005
2005-05-12T12:00:00Z,2.367111861413887,2005
2005-05-13T12:00:00Z,2.3238953843201995,2005
2005-05-14T12:00:00Z,2.2635309947342646,2005
2005-05-15T12:00:00Z,2.225971936805942,2005
2005-05-16T12:00:00Z,2.396611294089055,2005
2005-05-17T12:00:00Z,2.562300517334877,2005
2005-05-18T12:00:00Z,2.477151356837425,2005
2005-05-19T12:00:00Z,2.3660095698919865,2005
2005-05-20T12:00:00Z,2.278937225897562,2005
2005-05-21T12:00:00Z,2.3187374871052677,2005
2005-05-22T12:00:00Z,2.5024278398884148,2005
2005-05-23T12:00:00Z,2.5176240492287394,2005
2005-05-24T12:00:00Z,2.4217396834046085,2005
2005-05-25T12:00:00Z,2.3523494648069403,2005
2005-05-26T12:00:00Z,2.273145554815287,2005
2005-05-27T12:00:00Z,2.267371670576314,2005
2005-05-28T12:00:00Z,2.210381975206642,2005
2005-05-29T12:00:00Z,2.1325705311324055,2005
2005-05-30T12:00:00Z,2.359345308071719,2005
2005-06-01T12:00:00Z,3.3291878329843545,2006
2005-06-02T12:00:00Z,3.7776445471750066,2006
2005-06-03T12:00:00Z,4.426894600431086,2006
2005-06-04T12:00:00Z,4.759534694492292,2006
2005-06-05T12:00:00Z,4.804727582903496,2006
2005-06-06T12:00:00Z,6.18763943460499,2006
2005-06-07T12:00:00Z,6.517403211673022,2006
2005-06-08T12:00:00Z,7.673239565315956,2006
2005-06-09T12:00:00Z,7.798947221186673,2006
2005-06-10T12:00:00Z,12.31974126785906,2006
2005-06-11T12:00:00Z,12.998975772914877,2006
2005-06-12T12:00:00Z,13.142153660462663,2006
2005-06-13T12:00:00Z,12.926134588984622,2006
2005-06-14T12:00:00Z,12.77002306965551,2006
2005-06-15T12:00:00Z,12.512202567381676,2006
2005-06-16T12:00:00Z,12.36605846636676,2006
2005-06-17T12:00:00Z,12.389388962825587,2006
2005-06-18T12:00:00Z,12.534407552752741,2006
2005-06-19T12:00:00Z,13.584428348865845,2006
2005-06-20T12:00:00Z,16.984635896430543,2006
2005-06-21T12:00:00Z,22.037367487420763,2006
2005-06-22T12:00:00Z,23.14374597303781,2006
2005-06-23T12:00:00Z,24.761947322662383,2006
2005-06-24T12:00:00Z,25.292814574489164,2006
2005-06-25T12:00:00Z,25.048141376932502,2006
2005-06-26T12:00:00Z,24.8449991727786,2006
2005-06-27T12:00:00Z,25.202155780979048,2006
2005-06-28T12:00:00Z,26.47940688735708,2006
2005-06-29T12:00:00Z,27.802897142733464,2006
2005-06-30T12:00:00Z,28.1497133446487,2006
2005-07-01T12:00:00Z,28.10619552446042,2006
2005-07-02T12:00:00Z,27.465786495638408,2006
2005-07-03T12:00:00Z,26.754498157585285,2006
2005-07-04T12:00:00Z,25.97053062110176,2006
2005-07-05T12:00:00Z,25.204302657199303,2006
2005-07-06T12:00:00Z,24.453847477928782,2006
2005-07-07T12:00:00Z,23.80610505672907,2006
2005-07-08T12:00:00Z,23.483326923672063,2006
2005-07-09T12:00:00Z,28.073131485340294,2006
2005-07-10T12:00:00Z,28.32587500010835,2006
2005-07-11T12:00:00Z,28.188731565624913,2006
2005-07-12T12:00:00Z,28.01634204623515,2006
2005-07-13T12:00:00Z,28.003304634038194,2006
2005-07-14T12:00:00Z,29.375642747393318,2006
2005-07-15T12:00:00Z,29.218884630464782,2006
2005-07-16T12:00:00Z,28.82844313272183,2006
2005-07-17T12:00:00Z,28.414787227469958,2006
2005-07-18T12:00:00Z,27.952055301115163,2006
2005-07-19T12:00:00Z,27.58833024237929,2006
2005-07-20T12:00:00Z,27.35179410389425,2006
2005-07-21T12:00:00Z,27.06042272699568,2006
2005-07-22T12:00:00Z,26.6789778703924,2006
2005-07-23T12:00:00Z,26.32070958659885,2006
2005-07-24T12:00:00Z,26.16439120818539,2006
2005-07-25T12:00:00Z,26.099799549124267,2006
2005-07-26T12:00:00Z,26.352716538820864,2006
2005-07-27T12:00:00Z,26.591846260828323,2006
2005-07-28T12:00:00Z,26.73520625445565,2006
2005-07-29T12:00:00Z,26.675356159335134,2006
2005-07-30T12:00:00Z,27.122491144783698,2006
2005-07-31T12:00:00Z,27.378817822370426,2006
2005-08-01T12:00:00Z,27.532255755360517,2006
2005-08-02T12:00:00Z,27.451385508543364,2006
2005-08-03T12:00:00Z,27.397931144356612,2006
2005-08-04T12:00:00Z,27.632001052675704,2006
2005-08-05T12:00:00Z,27.712643558598405,2006
2005-08-06T12:00:00Z,27.667338041338002,2006
2005-08-07T12:00:00Z,28.26254755311101,2006
2005-08-08T12:00:00Z,28.79268494808242,2006
2005-08-09T12:00:00Z,28.677706193830545,2006
2005-08-10T12:00:00Z,28.920979805137453,2006
2005-08-11T12:00:00Z,29.03065839164054,2006
2005-08-12T12:00:00Z,28.97184048205702,2006
2005-08-13T12:00:00Z,30.77665439492692,2006
2005-08-14T12:00:00Z,30.586808793487556,2006
2005-08-15T12:00:00Z,31.038497457156335,2006
2005-08-16T12:00:00Z,30.92419181600957,2006
2005-08-17T12:00:00Z,30.622510565132867,2006
2005-08-18T12:00:00Z,30.158260996054484,2006
2005-08-19T12:00:00Z,30.059452227058653,2006
2005-08-20T12:00:00Z,29.902612599710057,2006
2005-08-21T12:00:00Z,29.942961402761366,2006
2005-08-22T12:00:00Z,30.063016617928614,2006
2005-08-23T12:00:00Z,31.369975788259364,2006
2005-08-24T12:00:00Z,31.463972528510883,2006
2005-08-25T12:00:00Z,32.41126213071395,2006
2005-08-26T12:00:00Z,43.3460475923499,2006
2005-08-27T12:00:00Z,46.221313773032854,2006
2005-08-28T12:00:00Z,47.4688371449096,2006
2005-08-29T12:00:00Z,46.35428694576521,2006
2005-08-30T12:00:00Z,45.21582574592164,2006
2005-08-31T12:00:00Z,44.863974780270446,2006
2005-09-01T12:00:00Z,44.07348966570489,2006
2005-09-02T12:00:00Z,44.804933749917204,2006
2005-09-03T12:00:00Z,45.909602871744454,2006
2005-09-04T12:00:00Z,45.16225199704072,2006
2005-09-05T12:00:00Z,44.86256567799029,2006
2005-09-06T12:00:00Z,43.772514739115955,2006
2005-09-07T12:00:00Z,42.66690641920667,2006
2005-09-08T12:00:00Z,41.55552096091335,2006
2005-09-09T12:00:00Z,40.506411581104814,2006
2005-09-10T12:00:00Z,39.595234200629854,2006
2005-09-11T12:00:00Z,39.12591701408558,2006
2005-09-12T12:00:00Z,38.7135318273195,2006
2005-09-13T12:00:00Z,38.15883697113725,2006
2005-09-14T12:00:00Z,37.371129780581605,2006
2005-09-15T12:00:00Z,36.61511188211917,2006
2005-09-16T12:00:00Z,35.96324025078455,2006
2005-09-17T12:00:00Z,35.90465609207676,2006
2005-09-18T12:00:00Z,35.71121738930757,2006
2005-09-19T12:00:00Z,35.20020537437118,2006
2005-09-20T12:00:00Z,39.03956656301874,2006
2005-09-21T12:00:00Z,46.40335232008916,2006
2005-09-22T12:00:00Z,45.69869122780735,2006
2005-09-23T12:00:00Z,44.76940304067763,2006
2005-09-24T12:00:00Z,43.54691189495987,2006
2005-09-25T12:00:00Z,42.38015465040515,2006
2005-09-26T12:00:00Z,41.635839332072436,2006
2005-09-27T12:00:00Z,41.26058747808099,2006
2005-09-28T12:00:00Z,41.09685271045487,2006
2005-09-29T12:00:00Z,41.014469130569296,2006
2005-09-30T12:00:00Z,42.47473876403898,2006
2005-10-01T12:00:00Z,42.66952399628403,2006
2005-10-02T12:00:00Z,42.34319912511618,2006
2005-10-03T12:00:00Z,42.02138785531309,2006
2005-10-04T12:00:00Z,41.68224620277338,2006
2005-10-05T12:00:00Z,42.990783092767785,2006
2005-10-06T12:00:00Z,43.314844398704025,2006
2005-10-07T12:00:00Z,44.424805868524295,2006
2005-10-08T12:00:00Z,44.16047943126443,2006
2005-10-09T12:00:00Z,43.401330972348326,2006
2005-10-10T12:00:00Z,42.55427809153902,2006
2005-10-11T12:00:00Z,41.90109561038414,2006
2005-10-12T12:00:00Z,41.3314284530139,2006
2005-10-13T12:00:00Z,40.49270516077055,2006
2005-10-14T12:00:00Z,39.82137222336742,2006
2005-10-15T12:00:00Z,39.17743968235057,2006
2005-10-16T12:00:00Z,38.689180187520506,2006
2005-10-17T12:00:00Z,37.998096215643216,2006
2005-10-18T12:00:00Z,37.45052210250167,2006
2005-10-19T12:00:00Z,37.396049300276914,2006
2005-10-20T12:00:00Z,36.962683620508926,2006
2005-10-21T12:00:00Z,36.98220740457473,2006
2005-10-22T12:00:00Z,36.74471841115326,2006
2005-10-23T12:00:00Z,36.35837163729018,2006
2005-10-24T12:00:00Z,39.13667037358597,2006
2005-10-25T12:00:00Z,39.672628138464646,2006
2005-10-26T12:00:00Z,39.31461875609156,2006
2005-10-27T12:00:00Z,38.71369055982434,2006
2005-10-28T12:00:00Z,38.07840388033696,2006
2005-10-29T12:00:00Z,37.4100467322272,2006
2005-10-30T12:00:00Z,36.73540555877386,2006
2005-10-31T12:00:00Z,36.095579487896806,2006
2005-11-01T12:00:00Z,35.79818884310596,2006
2005-11-02T12:00:00Z,35.62990653526538,2006
2005-11-03T12:00:00Z,35.14521470046534,2006
2005-11-04T12:00:00Z,34.751370117830135,2006
2005-11-05T12:00:00Z,34.39300885144457,2006
2005-11-06T12:00:00Z,33.97553197966266,2006
2005-11-07T12:00:00Z,33.657781683476266,2006
2005-11-08T12:00:00Z,33.279164248138635,2006
2005-11-09T12:00:00Z,32.87697177762266,2006
2005-11-10T12:00:00Z,32.476387085900605,2006
2005-11-11T12:00:00Z,32.10948180993554,2006
2005-11-12T12:00:00Z,31.726236322204,2006
2005-11-13T12:00:00Z,31.3521425858067,2006
2005-11-14T12:00:00Z,31.06118609179012,2006
2005-11-15T12:00:00Z,30.672729993666305,2006
2005-11-16T12:00:00Z,30.30689689377496,2006
2005-11-17T12:00:00Z,30.08759293286504,2006
2005-11-18T12:00:00Z,29.995131750461752,2006
2005-11-19T12:00:00Z,29.9897377452409,2006
2005-11-20T12:00:00Z,29.88770928589534,2006
2005-11-21T12:00:00Z,29.834103893658675,2006
2005-11-22T12:00:00Z,29.468706223640105,2006
2005-11-23T12:00:00Z,29.001855897016085,2006
2005-11-24T12:00:00Z,28.704846323669013,2006
2005-11-25T12:00:00Z,28.45500852716074,2006
2005-11-26T12:00:00Z,28.2506174661854,2006
2005-11-27T12:00:00Z,28.02241312857356,2006
2005-11-28T12:00:00Z,27.860361961788342,2006
2005-11-29T12:00:00Z,27.657264712987054,2006
2005-11-30T12:00:00Z,27.935076285716253,2006
2005-12-01T12:00:00Z,27.710845373111187,2006
2005-12-02T12:00:00Z,27.387855247068824,2006
2005-12-03T12:00:00Z,27.078003569085965,2006
2005-12-04T12:00:00Z,26.89160046817974,2006
2005-12-05T12:00:00Z,26.7747083329197,2006
2005-12-06T12:00:00Z,26.773129345702845,2006
2005-12-07T12:00:00Z,26.886257999125473,2006
2005-12-08T12:00:00Z,26.919945986532444,2006
2005-12-09T12:00:00Z,26.845501370539747,2006
2005-12-10T12:00:00Z,26.838533816083054,2006
2005-12-11T12:00:00Z,26.762554205211206,2006
2005-12-12T12:00:00Z,26.51340912969292,2006
2005-12-13T12:00:00Z,26.18951836843682,2006
2005-12-14T12:00:00Z,25.931334026705155,2006
2005-12-15T12:00:00Z,25.778935021739983,2006
2005-12-16T12:00:00Z,25.733506982829734,2006
2005-12-17T12:00:00Z,25.66761761794011,2006
2005-12-18T12:00:00Z,25.476438457964683,2006
2005-12-19T12:00:00Z,25.58691427062004,2006
2005-12-20T12:00:00Z,25.41199873890746,2006
2005-12-21T12:00:00Z,25.146105924648587,2006
2005-12-22T12:00:00Z,24.73610081205639,2006
2005-12-23T12:00:00Z,24.49719945880038,2006
2005-12-24T12:00:00Z,24.294131442434523,2006
2005-12-25T12:00:00Z,24.110702860618083,2006
2005-12-26T12:00:00Z,23.860094717614917,2006
2005-12-27T12:00:00Z,23.57900158129523,2006
2005-12-28T12:00:00Z,23.36006449470908,2006
2005-12-29T12:00:00Z,22.898533578030218,2006
2005-12-30T12:00:00Z,22.624130561282303,2006
2005-12-31T12:00:00Z,22.382971015772494,2006
2006-01-01T12:00:00Z,22.286300278141965,2006
2006-01-02T12:00:00Z,22.066171436871418,2006
2006-01-03T12:00:00Z,21.85490513832749,2006
2006-01-04T12:00:00Z,21.613776326845024,2006
2006-01-05T12:00:00Z,21.306026763383603,2006
2006-01-06T12:00:00Z,21.03179100727504,2006
2006-01-07T12:00:00Z,20.66960644563195,2006
2006-01-08T12:00:00Z,20.359256828129,2006
2006-01-09T12:00:00Z,20.160615620524947,2006
2006-01-10T12:00:00Z,19.983447006452796,2006
2006-01-11T12:00:00Z,19.79296308795864,2006
2006-01-12T12:00:00Z,19.618705909012156,2006
2006-01-13T12:00:00Z,19.51252885785439,2006
2006-01-14T12:00:00Z,19.592494683120908,2006
2006-01-15T12:00:00Z,19.30587641931304,2006
2006-01-16T12:00:00Z,19.004018896342377,2006
2006-01-17T12:00:00Z,18.801230712939898,2006
2006-01-18T12:00:00Z,18.46723457790262,2006
2006-01-19T12:00:00Z,18.146935973889274,2006
2006-01-20T12:00:00Z,17.952521698880325,2006
2006-01-21T12:00:00Z,17.720815819174955,2006
2006-01-22T12:00:00Z,17.445206243417115,2006
2006-01-23T12:00:00Z,17.205494214371065,2006
2006-01-24T12:00:00Z,16.894709230117304,2006
2006-01-25T12:00:00Z,16.71496913757077,2006
2006-01-26T12:00:00Z,16.34759693824769,2006
2006-01-27T12:00:00Z,16.020448308079764,2006
2006-01-28T12:00:00Z,15.676899280358949,2006
2006-01-29T12:00:00Z,15.378493651464566,2006
2006-01-30T12:00:00Z,15.218991067232045,2006
2006-01-31T12:00:00Z,14.961419823179048,2006
2006-02-01T12:00:00Z,14.578814549573371,2006
2006-02-02T12:00:00Z,14.369098155511347,2006
2006-02-03T12:00:00Z,14.191369390972215,2006
2006-02-04T12:00:00Z,16.97386897499951,2006
2006-02-05T12:00:00Z,18.160350731858777,2006
2006-02-06T12:00:00Z,17.75639960978921,2006
2006-02-07T12:00:00Z,17.514837593064954,2006
2006-02-08T12:00:00Z,17.268421105201284,2006
2006-02-09T12:00:00Z,16.808063582914,2006
2006-02-10T12:00:00Z,16.40238008489221,2006
2006-02-11T12:00:00Z,16.070467929531848,2006
2006-02-12T12:00:00Z,15.779906811419943,2006
2006-02-13T12:00:00Z,15.356805615852442,2006
2006-02-14T12:00:00Z,14.941849937810254,2006
2006-02-15T12:00:00Z,14.714947599611891,2006
2006-02-16T12:00:00Z,14.391830029975656,2006
2006-02-17T12:00:00Z,14.072879446953914,2006
2006-02-18T12:00:00Z,13.741168583887214,2006
2006-02-19T12:00:00Z,13.455115611569537,2006
2006-02-20T12:00:00Z,13.172533708495562,2006
2006-02-21T12:00:00Z,12.837658945703835,2006
2006-02-22T12:00:00Z,12.609021462965666,2006
2006-02-23T12:00:00Z,12.374765544481773,2006
2006-02-24T12:00:00Z,12.028958982559073,2006
2006-02-25T12:00:00Z,14.386083625550368,2006
2006-02-26T12:00:00Z,14.537967974256933,2006
2006-02-27T12:00:00Z,14.30201963597542,2006
2006-02-28T12:00:00Z,13.968362547238298,2006
2006-03-01T12:00:00Z,13.631948142140432,2006
2006-03-02T12:00:00Z,13.264493650119173,2006
2006-03-03T12:00:00Z,12.882238899006433,2006
2006-03-04T12:00:00Z,12.567491498320974,2006
2006-03-05T12:00:00Z,12.204797737722183,2006
2006-03-06T12:00:00Z,11.910364911541064,2006
2006-03-07T12:00:00Z,11.570687768547034,2006
2006-03-08T12:00:00Z,11.128567966815892,2006
2006-03-09T12:00:00Z,10.779375433104512,2006
2006-03-10T12:00:00Z,10.494635612391352,2006
2006-03-11T12:00:00Z,10.19973392993883,2006
2006-03-12T12:00:00Z,9.752788444241393,2006
2006-03-13T12:00:00Z,9.491039974475234,2006
2006-03-14T12:00:00Z,9.17046508741192,2006
2006-03-15T12:00:00Z,8.8164980202037615,2006
2006-03-16T12:00:00Z,8.452819704612486,2006
2006-03-17T12:00:00Z,8.12834122779904,2006
2006-03-18T12:00:00Z,7.865556372175254,2006
2006-03-19T12:00:00Z,7.584159326751832,2006
2006-03-20T12:00:00Z,7.271770764459709,2006
2006-03-21T12:00:00Z,6.9555420938715065,2006
2006-03-22T12:00:00Z,6.6680743281743204,2006
2006-03-23T12:00:00Z,6.48162989331506,2006
2006-03-24T12:00:00Z,6.878447367027621,2006
2006-03-25T12:00:00Z,6.59877458976018,2006
2006-03-26T12:00:00Z,6.3058713215820115,2006
2006-03-27T12:00:00Z,6.0104135867197295,2006
2006-03-28T12:00:00Z,5.81179618370171,2006
2006-03-29T12:00:00Z,5.618966002801723,2006
2006-03-30T12:00:00Z,5.399894238072908,2006
2006-03-31T12:00:00Z,5.120364838027114,2006
2006-04-01T12:00:00Z,4.886681566293279,2006
2006-04-02T12:00:00Z,4.6731505376351565,2006
2006-04-03T12:00:00Z,4.447727613677941,2006
2006-04-04T12:00:00Z,4.225957899555987,2006
2006-04-05T12:00:00Z,3.973983928885212,2006
2006-04-06T12:00:00Z,3.6470634018989547,2006
2006-04-07T12:00:00Z,3.3735378032449876,2006
2006-04-08T12:00:00Z,3.1734610682253037,2006
2006-04-09T12:00:00Z,2.9856534854847347,2006
2006-04-10T12:00:00Z,2.919591682440037,2006
2006-04-11T12:00:00Z,2.920352794189119,2006
2006-04-12T12:00:00Z,2.677346474440161,2006
2006-04-13T12:00:00Z,2.4404751487565206,2006
2006-04-14T12:00:00Z,2.2466250603451203,2006
2006-04-15T12:00:00Z,2.093236771941068,2006
2006-04-16T12:00:00Z,2.000775424909872,2006
2006-04-17T12:00:00Z,1.8930082479957036,2006
2006-04-18T12:00:00Z,1.7458612943547946,2006
2006-04-19T12:00:00Z,1.651952742257618,2006
2006-04-20T12:00:00Z,1.9974617578257077,2006
2006-04-21T12:00:00Z,2.008265940145928,2006
2006-04-22T12:00:00Z,1.8974407099544943,2006
2006-04-23T12:00:00Z,1.796203862768429,2006
2006-04-24T12:00:00Z,1.952627138052059,2006
2006-04-25T12:00:00Z,1.9092018822892172,2006
2006-04-26T12:00:00Z,1.8511272592829444,2006
2006-04-27T12:00:00Z,1.9770576213237472,2006
2006-04-28T12:00:00Z,1.874818698397813,2006
2006-04-29T12:00:00Z,1.7034376188660227,2006
2006-04-30T12:00:00Z,1.4945973060273516,2006
2006-05-01T12:00:00Z,1.3273419488772356,2006
2006-05-02T12:00:00Z,1.19408596151606,2006
2006-05-03T12:00:00Z,1.102470680735604,2006
2006-05-04T12:00:00Z,1.0087621299106624,2006
2006-05-05T12:00:00Z,0.9534258721974641,2006
2006-05-06T12:00:00Z,0.8699231431515747,2006
2006-05-07T12:00:00Z,0.817881887030298,2006
2006-05-08T12:00:00Z,0.7525935478530364,2006
2006-05-09T12:00:00Z,0.6970963720301573,2006
2006-05-10T12:00:00Z,0.6769405980360029,2006
2006-05-11T12:00:00Z,0.647341833700746,2006
2006-05-12T12:00:00Z,0.6344262915832172,2006
2006-05-13T12:00:00Z,0.5914567366519707,2006
2006-05-14T12:00:00Z,0.5299037893535341,2006
2006-05-15T12:00:00Z,0.483766837098456,2006
2006-05-16T12:00:00Z,1.1397229433760236,2006
2006-05-17T12:00:00Z,2.4688420107619184,2006
2006-05-18T12:00:00Z,2.380490582968299,2006
2006-05-19T12:00:00Z,2.181122745537034,2006
2006-05-20T12:00:00Z,1.9383859202046818,2006
2006-05-21T12:00:00Z,1.7122850069278135,2006
2006-05-22T12:00:00Z,1.5675322496984427,2006
2006-05-23T12:00:00Z,1.503628493009188,2006
2006-05-24T12:00:00Z,1.4207640129135124,2006
2006-05-25T12:00:00Z,2.202215609652055,2006
2006-05-26T12:00:00Z,2.5653161210014352,2006
2006-05-27T12:00:00Z,3.3151151665394267,2006
2006-05-28T12:00:00Z,3.299114938989559,2006
2006-05-29T12:00:00Z,3.29586996189761,2006
2006-05-30T12:00:00Z,4.039422174882469,2006
2006-06-01T12:00:00Z,4.165050895592374,2007
2006-06-02T12:00:00Z,4.148645717673274,2007
2006-06-03T12:00:00Z,4.764812963132643,2007
2006-06-04T12:00:00Z,4.5357591256572265,2007
2006-06-05T12:00:00Z,4.198838282326176,2007
2006-06-06T12:00:00Z,3.844714555509177,2007
2006-06-07T12:00:00Z,3.4991089307362837,2007
2006-06-08T12:00:00Z,3.4982682884031364,2007
2006-06-09T12:00:00Z,4.334914802524182,2007
2006-06-10T12:00:00Z,4.273414769135306,2007
2006-06-11T12:00:00Z,5.125592022959095,2007
2006-06-12T12:00:00Z,5.148647308478043,2007
2006-06-13T12:00:00Z,4.9431014833207465,2007
2006-06-14T12:00:00Z,4.634851325947671,2007
2006-06-15T12:00:00Z,4.332648589118337,2007
2006-06-16T12:00:00Z,4.498959983200798,2007
2006-06-17T12:00:00Z,4.451745981144391,2007
2006-06-18T12:00:00Z,5.613791375003762,2007
2006-06-19T12:00:00Z,6.376362641387775,2007
2006-06-20T12:00:00Z,6.2836919629842365,2007
2006-06-21T12:00:00Z,6.299677644146061,2007
2006-06-22T12:00:00Z,6.27923045054764,2007
2006-06-23T12:00:00Z,5.863898879727468,2007
2006-06-24T12:00:00Z,5.57170631560943,2007
2006-06-25T12:00:00Z,6.073732599186967,2007
2006-06-26T12:00:00Z,7.581168981432097,2007
2006-06-27T12:00:00Z,7.3613343342744635,2007
2006-06-28T12:00:00Z,7.416740343643099,2007
2006-06-29T12:00:00Z,7.564078227102931,2007
2006-06-30T12:00:00Z,7.958091915967299,2007
2006-07-01T12:00:00Z,8.143041008448158,2007
2006-07-02T12:00:00Z,8.361410612504232,2007
2006-07-03T12:00:00Z,9.143336212179687,2007
2006-07-04T12:00:00Z,9.784105417876706,2007
2006-07-05T12:00:00Z,9.730496998620197,2007
2006-07-06T12:00:00Z,10.999692799493918,2007
2006-07-07T12:00:00Z,13.065486140372588,2007
2006-07-08T12:00:00Z,12.972360890012062,2007
2006-07-09T12:00:00Z,13.750863656638067,2007
2006-07-10T12:00:00Z,13.57968754569884,2007
2006-07-11T12:00:00Z,13.950247755036647,2007
2006-07-12T12:00:00Z,19.76195418956114,2007
2006-07-13T12:00:00Z,21.448188143192144,2007
2006-07-14T12:00:00Z,21.24660548853244,2007
2006-07-15T12:00:00Z,20.689862984564815,2007
2006-07-16T12:00:00Z,19.96828521610357,2007
2006-07-17T12:00:00Z,19.54395704014878,2007
2006-07-18T12:00:00Z,19.426341051055914,2007
2006-07-19T12:00:00Z,19.710289347557083,2007
2006-07-20T12:00:00Z,20.724802544645886,2007
2006-07-21T12:00:00Z,22.037007705355016,2007
2006-07-22T12:00:00Z,23.825192485570206,2007
2006-07-23T12:00:00Z,24.40665098352834,2007
2006-07-24T12:00:00Z,23.49746575705802,2007
2006-07-25T12:00:00Z,22.78818424296776,2007
2006-07-26T12:00:00Z,21.92305550570586,2007
2006-07-27T12:00:00Z,21.000381851032827,2007
2006-07-28T12:00:00Z,20.244916661759433,2007
2006-07-29T12:00:00Z,19.793129971725584,2007
2006-07-30T12:00:00Z,19.184616604818068,2007
2006-07-31T12:00:00Z,18.365043035753793,2007
2006-08-01T12:00:00Z,17.579639177866476,2007
2006-08-02T12:00:00Z,17.157477108727004,2007
2006-08-03T12:00:00Z,16.494158252189255,2007
2006-08-04T12:00:00Z,15.997395131088261,2007
2006-08-05T12:00:00Z,15.615914416943662,2007
2006-08-06T12:00:00Z,15.485869661717876,2007
2006-08-07T12:00:00Z,15.122857726075623,2007
2006-08-08T12:00:00Z,14.778808633517565,2007
2006-08-09T12:00:00Z,14.48567896027056,2007
2006-08-10T12:00:00Z,14.019069697994677,2007
2006-08-11T12:00:00Z,13.94711334469503,2007
2006-08-12T12:00:00Z,13.396746348424008,2007
2006-08-13T12:00:00Z,12.985367184743124,2007
2006-08-14T12:00:00Z,12.95675968573913,2007
2006-08-15T12:00:00Z,15.26363825591958,2007
2006-08-16T12:00:00Z,16.028826537468525,2007
2006-08-17T12:00:00Z,16.35909941469654,2007
2006-08-18T12:00:00Z,15.901624691147761,2007
2006-08-19T12:00:00Z,16.48307474827089,2007
2006-08-20T12:00:00Z,16.76936270640716,2007
2006-08-21T12:00:00Z,17.365520444532798,2007
2006-08-22T12:00:00Z,17.587695591935447,2007
2006-08-23T12:00:00Z,17.731087790109967,2007
2006-08-24T12:00:00Z,18.05125117670894,2007
2006-08-25T12:00:00Z,17.98808836851718,2007
2006-08-26T12:00:00Z,17.938905989072932,2007
2006-08-27T12:00:00Z,18.052891568934417,2007
2006-08-28T12:00:00Z,17.797515390178482,2007
2006-08-29T12:00:00Z,17.498052754294743,2007
2006-08-30T12:00:00Z,21.953975426695372,2007
2006-08-31T12:00:00Z,22.29423312459006,2007
2006-09-01T12:00:00Z,21.8811682055676,2007
2006-09-02T12:00:00Z,21.690949153059492,2007
2006-09-03T12:00:00Z,21.767492872213875,2007
2006-09-04T12:00:00Z,22.688752408172427,2007
2006-09-05T12:00:00Z,23.060134488852086,2007
2006-09-06T12:00:00Z,23.894577869729126,2007
2006-09-07T12:00:00Z,24.128591820121862,2007
2006-09-08T12:00:00Z,23.673462540255706,2007
2006-09-09T12:00:00Z,24.141777756678835,2007
2006-09-10T12:00:00Z,24.08456192875936,2007
2006-09-11T12:00:00Z,24.157553290760365,2007
2006-09-12T12:00:00Z,24.27595906724659,2007
2006-09-13T12:00:00Z,24.06872348355733,2007
2006-09-14T12:00:00Z,24.081257305696358,2007
2006-09-15T12:00:00Z,24.35735101853949,2007
2006-09-16T12:00:00Z,24.787890381257284,2007
2006-09-17T12:00:00Z,24.810380547006964,2007
2006-09-18T12:00:00Z,24.470644977020353,2007
2006-09-19T12:00:00Z,24.675217692368644,2007
2006-09-20T12:00:00Z,25.7275549259055,2007
2006-09-21T12:00:00Z,25.439344592799635,2007
2006-09-22T12:00:00Z,25.794720065558693,2007
2006-09-23T12:00:00Z,25.809677562377363,2007
2006-09-24T12:00:00Z,25.440587266862217,2007
2006-09-25T12:00:00Z,25.702169492452548,2007
2006-09-26T12:00:00Z,25.394939895241315,2007
2006-09-27T12:00:00Z,25.0970868430572,2007
2006-09-28T12:00:00Z,25.08386299986097,2007
2006-09-29T12:00:00Z,24.792990850117953,2007
2006-09-30T12:00:00Z,24.480585819313507,2007
2006-10-01T12:00:00Z,24.458566947081412,2007
2006-10-02T12:00:00Z,24.154403829621288,2007
2006-10-03T12:00:00Z,23.81108333805282,2007
2006-10-04T12:00:00Z,23.43117570919108,2007
2006-10-05T12:00:00Z,23.174376303348673,2007
2006-10-06T12:00:00Z,22.9535185207933,2007
2006-10-07T12:00:00Z,22.714228871450135,2007
2006-10-08T12:00:00Z,22.48490746215088,2007
2006-10-09T12:00:00Z,22.328633250358873,2007
2006-10-10T12:00:00Z,22.27388403191506,2007
2006-10-11T12:00:00Z,22.082167729971808,2007
2006-10-12T12:00:00Z,21.987902209177307,2007
2006-10-13T12:00:00Z,22.07477882611296,2007
2006-10-14T12:00:00Z,21.901700368006946,2007
2006-10-15T12:00:00Z,21.595606635693354,2007
2006-10-16T12:00:00Z,21.318380868516634,2007
2006-10-17T12:00:00Z,21.084146009229425,2007
2006-10-18T12:00:00Z,20.919603546680364,2007
2006-10-19T12:00:00Z,20.80905385852794,2007
2006-10-20T12:00:00Z,20.697107255610614,2007
2006-10-21T12:00:00Z,20.587215629730824,2007
2006-10-22T12:00:00Z,20.419047964378155,2007
2006-10-23T12:00:00Z,20.47729628739348,2007
2006-10-24T12:00:00Z,20.472720711716942,2007
2006-10-25T12:00:00Z,20.00335825483199,2007
2006-10-26T12:00:00Z,19.834868689160153,2007
2006-10-27T12:00:00Z,19.68988438182083,2007
2006-10-28T12:00:00Z,20.378849513447832,2007
2006-10-29T12:00:00Z,20.437624359393563,2007
2006-10-30T12:00:00Z,20.33356346663135,2007
2006-10-31T12:00:00Z,20.222708578377116,2007
2006-11-01T12:00:00Z,20.161858821067007,2007
2006-11-02T12:00:00Z,20.375392804101445,2007
2006-11-03T12:00:00Z,20.540577153851306,2007
2006-11-04T12:00:00Z,20.3333358666689,2007
2006-11-05T12:00:00Z,20.104152869220812,2007
2006-11-06T12:00:00Z,19.870817070901687,2007
2006-11-07T12:00:00Z,19.67905750968781,2007
2006-11-08T12:00:00Z,19.46316617137071,2007
2006-11-09T12:00:00Z,19.15758299116523,2007
2006-11-10T12:00:00Z,18.889891451503807,2007
2006-11-11T12:00:00Z,18.658052754332104,2007
2006-11-12T12:00:00Z,18.434622905373455,2007
2006-11-13T12:00:00Z,18.19869867255008,2007
2006-11-14T12:00:00Z,17.96270428957832,2007
2006-11-15T12:00:00Z,17.756664537145856,2007
2006-11-16T12:00:00Z,17.896790367805643,2007
2006-11-17T12:00:00Z,17.669139454166437,2007
2006-11-18T12:00:00Z,17.37059010926645,2007
2006-11-19T12:00:00Z,17.016299892110382,2007
2006-11-20T12:00:00Z,16.656168413804398,2007
2006-11-21T12:00:00Z,16.295588920299735,2007
2006-11-22T12:00:00Z,15.904417889148553,2007
2006-11-23T12:00:00Z,15.573919863431156,2007
2006-11-24T12:00:00Z,15.277516305113865,2007
2006-11-25T12:00:00Z,14.986170569187747,2007
2006-11-26T12:00:00Z,14.74304372255529,2007
2006-11-27T12:00:00Z,14.575197782677604,2007
2006-11-28T12:00:00Z,14.376344272275396,2007
2006-11-29T12:00:00Z,14.166556908013655,2007
2006-11-30T12:00:00Z,14.101734251245112,2007
2006-12-01T12:00:00Z,13.87969658712799,2007
2006-12-02T12:00:00Z,13.6369918889502,2007
2006-12-03T12:00:00Z,13.372063257061418,2007
2006-12-04T12:00:00Z,13.077254611595253,2007
2006-12-05T12:00:00Z,12.74254902373857,2007
2006-12-06T12:00:00Z,12.441886386657671,2007
2006-12-07T12:00:00Z,12.219247648922634,2007
2006-12-08T12:00:00Z,11.890713480999374,2007
2006-12-09T12:00:00Z,11.517116643971491,2007
2006-12-10T12:00:00Z,11.235030202872606,2007
2006-12-11T12:00:00Z,11.008586734270606,2007
2006-12-12T12:00:00Z,10.750084091085178,2007
2006-12-13T12:00:00Z,10.516610045858041,2007
2006-12-14T12:00:00Z,10.370695996617243,2007
2006-12-15T12:00:00Z,10.426595643118944,2007
2006-12-16T12:00:00Z,10.612466249690117,2007
2006-12-17T12:00:00Z,11.165058605546582,2007
2006-12-18T12:00:00Z,11.069607447959067,2007
2006-12-19T12:00:00Z,11.093380286177506,2007
2006-12-20T12:00:00Z,10.882470040386735,2007
2006-12-21T12:00:00Z,10.660405879407158,2007
2006-12-22T12:00:00Z,10.49294174763645,2007
2006-12-23T12:00:00Z,10.435762185541353,2007
2006-12-24T12:00:00Z,10.376527944507842,2007
2006-12-25T12:00:00Z,10.241566064781587,2007
2006-12-26T12:00:00Z,10.882184899834064,2007
2006-12-27T12:00:00Z,10.656224720344953,2007
2006-12-28T12:00:00Z,10.336985831337742,2007
2006-12-29T12:00:00Z,10.05751875290879,2007
2006-12-30T12:00:00Z,9.822624132623869,2007
2006-12-31T12:00:00Z,9.618734436065514,2007
2007-01-01T12:00:00Z,9.378939655245109,2007
2007-01-02T12:00:00Z,9.277811356179278,2007
2007-01-03T12:00:00Z,10.371318472143951,2007
2007-01-04T12:00:00Z,10.177733309813624,2007
2007-01-05T12:00:00Z,10.071439924652266,2007
2007-01-06T12:00:00Z,9.993266837799467,2007
2007-01-07T12:00:00Z,9.763374165901649,2007
2007-01-08T12:00:00Z,9.589181456868841,2007
2007-01-09T12:00:00Z,9.443266501558632,2007
2007-01-10T12:00:00Z,9.106379956666684,2007
2007-01-11T12:00:00Z,8.827385879029958,2007
2007-01-12T12:00:00Z,8.569083045185138,2007
2007-01-13T12:00:00Z,8.368953937694911,2007
2007-01-14T12:00:00Z,8.159988230587977,2007
2007-01-15T12:00:00Z,8.04974357292246,2007
2007-01-16T12:00:00Z,8.046619394103415,2007
2007-01-17T12:00:00Z,7.902908985108049,2007
2007-01-18T12:00:00Z,7.739067851371852,2007
2007-01-19T12:00:00Z,7.5487187066723855,2007
2007-01-20T12:00:00Z,7.341305474045227,2007
2007-01-21T12:00:00Z,7.133155950743351,2007
2007-01-22T12:00:00Z,6.874446789734978,2007
2007-01-23T12:00:00Z,6.711777084090917,2007
2007-01-24T12:00:00Z,6.558567171150511,2007
2007-01-25T12:00:00Z,6.615756787247335,2007
2007-01-26T12:00:00Z,6.617051482040082,2007
2007-01-27T12:00:00Z,6.4101440059829295,2007
2007-01-28T12:00:00Z,6.531124110273236,2007
2007-01-29T12:00:00Z,6.297577021007557,2007
2007-01-30T12:00:00Z,5.993539658501145,2007
2007-01-31T12:00:00Z,5.781279972472924,2007
2007-02-01T12:00:00Z,5.557844959802189,2007
2007-02-02T12:00:00Z,5.406777853655185,2007
2007-02-03T12:00:00Z,5.25088567379406,2007
2007-02-04T12:00:00Z,6.482950937094114,2007
2007-02-05T12:00:00Z,7.165545410507456,2007
2007-02-06T12:00:00Z,6.957561465131665,2007
2007-02-07T12:00:00Z,6.778718865139594,2007
2007-02-08T12:00:00Z,6.603246634690699,2007
2007-02-09T12:00:00Z,6.399781318597065,2007
2007-02-10T12:00:00Z,6.146883179715868,2007
2007-02-11T12:00:00Z,5.882854408329311,2007
2007-02-12T12:00:00Z,6.014932326413509,2007
2007-02-13T12:00:00Z,6.269835753903799,2007
2007-02-14T12:00:00Z,6.206123845952031,2007
2007-02-15T12:00:00Z,6.024484446945433,2007
2007-02-16T12:00:00Z,5.979120838420281,2007
2007-02-17T12:00:00Z,5.734486841878158,2007
2007-02-18T12:00:00Z,5.568921099266039,2007
2007-02-19T12:00:00Z,5.335921259012792,2007
2007-02-20T12:00:00Z,5.12336364168962,2007
2007-02-21T12:00:00Z,4.972819966311319,2007
2007-02-22T12:00:00Z,4.775140524307497,2007
2007-02-23T12:00:00Z,4.517031949761448,2007
2007-02-24T12:00:00Z,4.279078711883095,2007
2007-02-25T12:00:00Z,4.103700522747142,2007
2007-02-26T12:00:00Z,3.9634471635743758,2007
2007-02-27T12:00:00Z,4.15526837645852,2007
2007-02-28T12:00:00Z,4.094661863164267,2007
2007-03-01T12:00:00Z,4.302193646741544,2007
2007-03-02T12:00:00Z,4.147278592670583,2007
2007-03-03T12:00:00Z,3.9518927712690353,2007
2007-03-04T12:00:00Z,3.745343769195031,2007
2007-03-05T12:00:00Z,3.425387430062607,2007
2007-03-06T12:00:00Z,3.118072734663699,2007
2007-03-07T12:00:00Z,2.9104934367359445,2007
2007-03-08T12:00:00Z,2.7297387418358148,2007
2007-03-09T12:00:00Z,2.5519634805568634,2007
2007-03-10T12:00:00Z,2.3607290714891604,2007
2007-03-11T12:00:00Z,2.1861090670034184,2007
2007-03-12T12:00:00Z,1.999101139469315,2007
2007-03-13T12:00:00Z,1.825547276523391,2007
2007-03-14T12:00:00Z,1.6667091900831221,2007
2007-03-15T12:00:00Z,1.571037426208539,2007
2007-03-16T12:00:00Z,1.8081508644647626,2007
2007-03-17T12:00:00Z,1.8635815080842706,2007
2007-03-18T12:00:00Z,1.7404652976849637,2007
2007-03-19T12:00:00Z,1.537602436589214,2007
2007-03-20T12:00:00Z,1.3671089615048906,2007
2007-03-21T12:00:00Z,1.2962936938626293,2007
2007-03-22T12:00:00Z,2.3101648465820555,2007
2007-03-23T12:00:00Z,3.0627753121174517,2007
2007-03-24T12:00:00Z,2.809291439331944,2007
2007-03-25T12:00:00Z,2.609189965710934,2007
2007-03-26T12:00:00Z,2.3860985808286097,2007
2007-03-27T12:00:00Z,2.156102862992086,2007
2007-03-28T12:00:00Z,1.9720441886598754,2007
2007-03-29T12:00:00Z,1.7780036722659247,2007
2007-03-30T12:00:00Z,1.6365173871323364,2007
2007-03-31T12:00:00Z,1.4604684159524528,2007
2007-04-01T12:00:00Z,1.2764773324000613,2007
2007-04-02T12:00:00Z,1.1696256360157695,2007
2007-04-03T12:00:00Z,1.0320611794244765,2007
2007-04-04T12:00:00Z,0.953404525544104,2007
2007-04-05T12:00:00Z,0.9463835566564592,2007
2007-04-06T12:00:00Z,0.8996305414208235,2007
2007-04-07T12:00:00Z,0.7697260430113693,2007
2007-04-08T12:00:00Z,0.6341435972320227,2007
2007-04-09T12:00:00Z,0.563275705775598,2007
2007-04-10T12:00:00Z,0.5082692148986689,2007
2007-04-11T12:00:00Z,5.096137902776945,2007
2007-04-12T12:00:00Z,7.862483972976537,2007
2007-04-13T12:00:00Z,7.993143326578248,2007
2007-04-14T12:00:00Z,7.640306613377563,2007
2007-04-15T12:00:00Z,7.430153276445116,2007
2007-04-16T12:00:00Z,7.519151114115636,2007
2007-04-17T12:00:00Z,7.115626514331601,2007
2007-04-18T12:00:00Z,6.7121742267041204,2007
2007-04-19T12:00:00Z,6.2797548633510285,2007
2007-04-20T12:00:00Z,5.88956583228681,2007
2007-04-21T12:00:00Z,5.488957022701141,2007
2007-04-22T12:00:00Z,5.091096277399231,2007
2007-04-23T12:00:00Z,4.638046729217313,2007
2007-04-24T12:00:00Z,4.2854158485904845,2007
2007-04-25T12:00:00Z,3.9875413159198554,2007
2007-04-26T12:00:00Z,3.6592846111791255,2007
2007-04-27T12:00:00Z,3.429436878598752,2007
2007-04-28T12:00:00Z,3.2891684571323037,2007
2007-04-29T12:00:00Z,3.083972462956282,2007
2007-04-30T12:00:00Z,3.0761591738982017,2007
2007-05-01T12:00:00Z,2.7826521820699783,2007
2007-05-02T12:00:00Z,2.5844889494861376,2007
2007-05-03T12:00:00Z,2.9528041844269906,2007
2007-05-04T12:00:00Z,3.1051559842444307,2007
2007-05-05T12:00:00Z,2.979849945068593,2007
2007-05-06T12:00:00Z,2.949851696305597,2007
2007-05-07T12:00:00Z,3.409550307677962,2007
2007-05-08T12:00:00Z,3.128012045642888,2007
2007-05-09T12:00:00Z,2.930359957284722,2007
2007-05-10T12:00:00Z,2.7181935927134653,2007
2007-05-11T12:00:00Z,2.534857449335403,2007
2007-05-12T12:00:00Z,2.400558352096774,2007
2007-05-13T12:00:00Z,2.251344262543668,2007
2007-05-14T12:00:00Z,2.2175240161019607,2007
2007-05-15T12:00:00Z,3.3741112444881827,2007
2007-05-16T12:00:00Z,3.6881153963717845,2007
2007-05-17T12:00:00Z,4.246947626508298,2007
2007-05-18T12:00:00Z,4.576507946828436,2007
2007-05-19T12:00:00Z,4.435149477246371,2007
2007-05-20T12:00:00Z,4.8035014153227396,2007
2007-05-21T12:00:00Z,4.412598204682786,2007
2007-05-22T12:00:00Z,4.054641057438528,2007
2007-05-23T12:00:00Z,4.2435527777870305,2007
2007-05-24T12:00:00Z,3.852105464862913,2007
2007-05-25T12:00:00Z,4.3069155938361465,2007
2007-05-26T12:00:00Z,4.1197142738436625,2007
2007-05-27T12:00:00Z,3.860130987017909,2007
2007-05-28T12:00:00Z,3.5879773596124713,2007
2007-05-29T12:00:00Z,3.2977120726629288,2007
2007-05-30T12:00:00Z,3.020484165323353,2007
2007-06-01T12:00:00Z,2.8956359822182653,2008
2007-06-02T12:00:00Z,7.324831926087091,2008
2007-06-03T12:00:00Z,7.405562869417796,2008
2007-06-04T12:00:00Z,7.092848838689162,2008
2007-06-05T12:00:00Z,6.746959988120487,2008
2007-06-06T12:00:00Z,6.493176820824592,2008
2007-06-07T12:00:00Z,6.521719317443224,2008
2007-06-08T12:00:00Z,7.148333007324921,2008
2007-06-09T12:00:00Z,8.09939810234933,2008
2007-06-10T12:00:00Z,7.825398478749683,2008
2007-06-11T12:00:00Z,7.517299580865929,2008
2007-06-12T12:00:00Z,7.2752979785875285,2008
2007-06-13T12:00:00Z,7.48280896745863,2008
2007-06-14T12:00:00Z,8.384032226379425,2008
2007-06-15T12:00:00Z,8.571687027546382,2008
2007-06-16T12:00:00Z,11.955067991860115,2008
2007-06-17T12:00:00Z,13.752422330241712,2008
2007-06-18T12:00:00Z,14.427740442834569,2008
2007-06-19T12:00:00Z,15.075944437219393,2008
2007-06-20T12:00:00Z,15.115940234009596,2008
2007-06-21T12:00:00Z,14.651089338831289,2008
2007-06-22T12:00:00Z,14.020823325606449,2008
2007-06-23T12:00:00Z,13.357482888275916,2008
2007-06-24T12:00:00Z,12.769041540153346,2008
2007-06-25T12:00:00Z,12.462232159680882,2008
2007-06-26T12:00:00Z,12.228040064210173,2008
2007-06-27T12:00:00Z,11.896302159175816,2008
2007-06-28T12:00:00Z,11.797507425001388,2008
2007-06-29T12:00:00Z,12.032075943465799,2008
2007-06-30T12:00:00Z,12.405223680966982,2008
2007-07-01T12:00:00Z,12.112076650613902,2008
2007-07-02T12:00:00Z,12.16043305751976,2008
2007-07-03T12:00:00Z,11.92753044491767,2008
2007-07-04T12:00:00Z,12.61047082965451,2008
2007-07-05T12:00:00Z,13.040170862111943,2008
2007-07-06T12:00:00Z,13.05033613913907,2008
2007-07-07T12:00:00Z,13.193562351875043,2008
2007-07-08T12:00:00Z,13.189335788218678,2008
2007-07-09T12:00:00Z,13.238756379651509,2008
2007-07-10T12:00:00Z,12.932287255370301,2008
2007-07-11T12:00:00Z,12.449442344664593,2008
2007-07-12T12:00:00Z,12.39852691481326,2008
2007-07-13T12:00:00Z,12.238937336434113,2008
2007-07-14T12:00:00Z,11.972247401740946,2008
2007-07-15T12:00:00Z,11.89892712346954,2008
2007-07-16T12:00:00Z,12.463933752356033,2008
2007-07-17T12:00:00Z,12.262415641155112,2008
2007-07-18T12:00:00Z,11.953509403372605,2008
2007-07-19T12:00:00Z,11.548743822151954,2008
2007-07-20T12:00:00Z,11.131541729370364,2008
2007-07-21T12:00:00Z,10.920593576181414,2008
2007-07-22T12:00:00Z,11.185114291389121,2008
2007-07-23T12:00:00Z,12.193307476832981,2008
2007-07-24T12:00:00Z,13.206628167757675,2008
2007-07-25T12:00:00Z,14.905059838178225,2008
2007-07-26T12:00:00Z,14.716960789711305,2008
2007-07-27T12:00:00Z,14.518845825354102,2008
2007-07-28T12:00:00Z,15.093624649225323,2008
2007-07-29T12:00:00Z,15.216392616753946,2008
2007-07-30T12:00:00Z,15.059547833130713,2008
2007-07-31T12:00:00Z,14.714278532709127,2008
2007-08-01T12:00:00Z,14.986924008734663,2008
2007-08-02T12:00:00Z,15.29050498307627,2008
2007-08-03T12:00:00Z,14.84348041775411,2008
2007-08-04T12:00:00Z,14.360852822711022,2008
2007-08-05T12:00:00Z,13.803513704434431,2008
2007-08-06T12:00:00Z,13.343820894640176,2008
2007-08-07T12:00:00Z,13.163607866500197,2008
2007-08-08T12:00:00Z,12.981112915645268,2008
2007-08-09T12:00:00Z,12.639317122542543,2008
2007-08-10T12:00:00Z,12.417907550285893,2008
2007-08-11T12:00:00Z,12.843059841717842,2008
2007-08-12T12:00:00Z,13.198511054513503,2008
2007-08-13T12:00:00Z,13.099544639136719,2008
2007-08-14T12:00:00Z,13.456016897104396,2008
2007-08-15T12:00:00Z,14.129679670354879,2008
2007-08-16T12:00:00Z,14.830643700280689,2008
2007-08-17T12:00:00Z,14.49781831846765,2008
2007-08-18T12:00:00Z,14.20337564345088,2008
2007-08-19T12:00:00Z,13.713226633347446,2008
2007-08-20T12:00:00Z,13.109507958977742,2008
2007-08-21T12:00:00Z,12.549651216281383,2008
2007-08-22T12:00:00Z,11.966022159303671,2008
2007-08-23T12:00:00Z,11.544157059454195,2008
2007-08-24T12:00:00Z,11.230637877916847,2008
2007-08-25T12:00:00Z,10.980557564902142,2008
2007-08-26T12:00:00Z,10.742762362279809,2008
2007-08-27T12:00:00Z,10.31037293197359,2008
2007-08-28T12:00:00Z,9.922459807440303,2008
2007-08-29T12:00:00Z,9.517499928948462,2008
2007-08-30T12:00:00Z,9.1742744144917,2008
2007-08-31T12:00:00Z,8.769059288384982,2008
2007-09-01T12:00:00Z,8.558813798643582,2008
2007-09-02T12:00:00Z,8.591945363591396,2008
2007-09-03T12:00:00Z,9.093875521076999,2008
2007-09-04T12:00:00Z,9.353345875064026,2008
2007-09-05T12:00:00Z,9.331827878309861,2008
2007-09-06T12:00:00Z,9.481669020209093,2008
2007-09-07T12:00:00Z,9.206125667606582,2008
2007-09-08T12:00:00Z,8.899340237482988,2008
2007-09-09T12:00:00Z,10.750471258653834,2008
2007-09-10T12:00:00Z,10.938975164939327,2008
2007-09-11T12:00:00Z,10.699424224572363,2008
2007-09-12T12:00:00Z,10.40862098604178,2008
2007-09-13T12:00:00Z,10.68616717433836,2008
2007-09-14T12:00:00Z,10.492671786676308,2008
2007-09-15T12:00:00Z,10.903837810102102,2008
2007-09-16T12:00:00Z,10.757098163563638,2008
2007-09-17T12:00:00Z,10.862255424987907,2008
2007-09-18T12:00:00Z,10.973677151712218,2008
2007-09-19T12:00:00Z,10.565057773174432,2008
2007-09-20T12:00:00Z,10.45996087993861,2008
2007-09-21T12:00:00Z,10.237500179339342,2008
2007-09-22T12:00:00Z,10.38129525273367,2008
2007-09-23T12:00:00Z,10.428907647142214,2008
2007-09-24T12:00:00Z,11.045495924940305,2008
2007-09-25T12:00:00Z,12.860167987573158,2008
2007-09-26T12:00:00Z,13.794484819184321,2008
2007-09-27T12:00:00Z,13.694298377816988,2008
2007-09-28T12:00:00Z,13.341889287675864,2008
2007-09-29T12:00:00Z,13.324567431123903,2008
2007-09-30T12:00:00Z,13.737760196493374,2008
2007-10-01T12:00:00Z,18.14375617188875,2008
2007-10-02T12:00:00Z,18.88791705438836,2008
2007-10-03T12:00:00Z,18.571971124860145,2008
2007-10-04T12:00:00Z,18.17356303641892,2008
2007-10-05T12:00:00Z,18.479191113265557,2008
2007-10-06T12:00:00Z,18.440656033458954,2008
2007-10-07T12:00:00Z,18.052811703509146,2008
2007-10-08T12:00:00Z,17.735625360061093,2008
2007-10-09T12:00:00Z,17.316510158094207,2008
2007-10-10T12:00:00Z,16.985430253801336,2008
2007-10-11T12:00:00Z,17.19942968949515,2008
2007-10-12T12:00:00Z,16.842107797299498,2008
2007-10-13T12:00:00Z,16.474016356024524,2008
2007-10-14T12:00:00Z,16.099937805442924,2008
2007-10-15T12:00:00Z,15.675634937258355,2008
2007-10-16T12:00:00Z,15.396819968975489,2008
2007-10-17T12:00:00Z,15.237657758701559,2008
2007-10-18T12:00:00Z,15.842960672443924,2008
2007-10-19T12:00:00Z,16.01538740348629,2008
2007-10-20T12:00:00Z,15.926658059707702,2008
2007-10-21T12:00:00Z,15.7390757276309,2008
2007-10-22T12:00:00Z,15.498818732382151,2008
2007-10-23T12:00:00Z,15.243102816223047,2008
2007-10-24T12:00:00Z,15.104298717081255,2008
2007-10-25T12:00:00Z,15.09013369109091,2008
2007-10-26T12:00:00Z,15.45703520882258,2008
2007-10-27T12:00:00Z,16.02257031885347,2008
2007-10-28T12:00:00Z,15.898337017333938,2008
2007-10-29T12:00:00Z,15.978063545311116,2008
2007-10-30T12:00:00Z,15.82891436603931,2008
2007-10-31T12:00:00Z,16.491388927594222,2008
2007-11-01T12:00:00Z,16.831267807929688,2008
2007-11-02T12:00:00Z,16.598719531758874,2008
2007-11-03T12:00:00Z,16.383675009076438,2008
2007-11-04T12:00:00Z,16.087291423464148,2008
2007-11-05T12:00:00Z,15.759182880651005,2008
2007-11-06T12:00:00Z,15.49872189971539,2008
2007-11-07T12:00:00Z,15.210953268948778,2008
2007-11-08T12:00:00Z,14.867144517496914,2008
2007-11-09T12:00:00Z,14.575835753117673,2008
2007-11-10T12:00:00Z,14.290280084465207,2008
2007-11-11T12:00:00Z,14.014617514020665,2008
2007-11-12T12:00:00Z,13.745638620619909,2008
2007-11-13T12:00:00Z,13.511960928657263,2008
2007-11-14T12:00:00Z,13.384823289843427,2008
2007-11-15T12:00:00Z,13.128886535807524,2008
2007-11-16T12:00:00Z,12.77457235167706,2008
2007-11-17T12:00:00Z,12.442737193917901,2008
2007-11-18T12:00:00Z,12.22148355147514,2008
2007-11-19T12:00:00Z,12.022398544140124,2008
2007-11-20T12:00:00Z,11.742604205937623,2008
2007-11-21T12:00:00Z,11.427771455907681,2008
2007-11-22T12:00:00Z,11.188727961896566,2008
2007-11-23T12:00:00Z,10.991853546489114,2008
2007-11-24T12:00:00Z,10.957042974963361,2008
2007-11-25T12:00:00Z,10.827441523135818,2008
2007-11-26T12:00:00Z,10.69085047435924,2008
2007-11-27T12:00:00Z,10.622179687239164,2008
2007-11-28T12:00:00Z,10.682542841488187,2008
2007-11-29T12:00:00Z,10.509147262298862,2008
2007-11-30T12:00:00Z,10.329781015571955,2008
2007-12-01T12:00:00Z,10.113231834690437,2008
2007-12-02T12:00:00Z,9.906039933791707,2008
2007-12-03T12:00:00Z,9.710411880059528,2008
2007-12-04T12:00:00Z,9.557589918926695,2008
2007-12-05T12:00:00Z,9.349529556172602,2008
2007-12-06T12:00:00Z,9.29891006841482,2008
2007-12-07T12:00:00Z,9.078706426263205,2008
2007-12-08T12:00:00Z,8.777779931084678,2008
2007-12-09T12:00:00Z,8.556486435811037,2008
2007-12-10T12:00:00Z,8.318357329358083,2008
2007-12-11T12:00:00Z,8.06541878789459,2008
2007-12-12T12:00:00Z,7.761064549157602,2008
2007-12-13T12:00:00Z,7.541286585280758,2008
2007-12-14T12:00:00Z,7.551655119117513,2008
2007-12-15T12:00:00Z,7.46236455148044,2008
2007-12-16T12:00:00Z,7.40198391695214,2008
2007-12-17T12:00:00Z,7.189953405914298,2008
2007-12-18T12:00:00Z,6.91708603103761,2008
2007-12-19T12:00:00Z,6.676918425832042,2008
2007-12-20T12:00:00Z,6.517487997047231,2008
2007-12-21T12:00:00Z,6.482311138735462,2008
2007-12-22T12:00:00Z,6.3262768588033405,2008
2007-12-23T12:00:00Z,6.167702830401153,2008
2007-12-24T12:00:00Z,5.999366647219623,2008
2007-12-25T12:00:00Z,5.869767950879488,2008
2007-12-26T12:00:00Z,5.792221368202734,2008
2007-12-27T12:00:00Z,5.611813681912002,2008
2007-12-28T12:00:00Z,5.46276087819304,2008
2007-12-29T12:00:00Z,5.318116943002564,2008
2007-12-30T12:00:00Z,5.148331470463524,2008
2007-12-31T12:00:00Z,5.009337506343289,2008
2008-01-01T12:00:00Z,4.860191417589828,2008
2008-01-02T12:00:00Z,4.604015915856189,2008
2008-01-03T12:00:00Z,4.29303540782702,2008
2008-01-04T12:00:00Z,4.073215085227155,2008
2008-01-05T12:00:00Z,4.034995647257853,2008
2008-01-06T12:00:00Z,4.042357790902125,2008
2008-01-07T12:00:00Z,3.9080318753008276,2008
2008-01-08T12:00:00Z,3.792522134002112,2008
2008-01-09T12:00:00Z,3.6371883147581316,2008
2008-01-10T12:00:00Z,3.5431821799009717,2008
2008-01-11T12:00:00Z,3.402125953110145,2008
2008-01-12T12:00:00Z,3.357752421448677,2008
2008-01-13T12:00:00Z,3.2743924539656644,2008
2008-01-14T12:00:00Z,3.1630497737974657,2008
2008-01-15T12:00:00Z,2.9511816401527162,2008
2008-01-16T12:00:00Z,2.8058723116510644,2008
2008-01-17T12:00:00Z,2.703812501720362,2008
2008-01-18T12:00:00Z,2.6286762004997306,2008
2008-01-19T12:00:00Z,2.552953439561265,2008
2008-01-20T12:00:00Z,2.5583636162621968,2008
2008-01-21T12:00:00Z,2.4138071717291223,2008
2008-01-22T12:00:00Z,2.3354223374755327,2008
2008-01-23T12:00:00Z,2.3275069807640603,2008
2008-01-24T12:00:00Z,2.41906408024815,2008
2008-01-25T12:00:00Z,2.285387085531414,2008
2008-01-26T12:00:00Z,2.143676326230504,2008
2008-01-27T12:00:00Z,2.158823927659012,2008
2008-01-28T12:00:00Z,2.0736188490684424,2008
2008-01-29T12:00:00Z,1.9721718961473311,2008
2008-01-30T12:00:00Z,1.8862072550760076,2008
2008-01-31T12:00:00Z,1.7802287533631171,2008
2008-02-01T12:00:00Z,1.672060387912156,2008
2008-02-02T12:00:00Z,1.613760699330301,2008
2008-02-03T12:00:00Z,1.5299779325460945,2008
2008-02-04T12:00:00Z,1.4473189932242196,2008
2008-02-05T12:00:00Z,1.3642943044717584,2008
2008-02-06T12:00:00Z,1.277280577693233,2008
2008-02-07T12:00:00Z,1.2339851079328052,2008
2008-02-08T12:00:00Z,1.1761866603495441,2008
2008-02-09T12:00:00Z,1.1402917358422255,2008
2008-02-10T12:00:00Z,1.195095811733186,2008
2008-02-11T12:00:00Z,1.0125519061415482,2008
2008-02-12T12:00:00Z,0.948413872275133,2008
2008-02-13T12:00:00Z,2.1992844741853514,2008
2008-02-14T12:00:00Z,2.5066806033968807,2008
2008-02-15T12:00:00Z,2.3834135257809566,2008
2008-02-16T12:00:00Z,2.2705457222931646,2008
2008-02-17T12:00:00Z,2.136266021182383,2008
2008-02-18T12:00:00Z,2.0695896705366255,2008
2008-02-19T12:00:00Z,2.0431865872587207,2008
2008-02-20T12:00:00Z,1.9490384957991198,2008
2008-02-21T12:00:00Z,1.883246396098151,2008
2008-02-22T12:00:00Z,1.8494158636986568,2008
2008-02-23T12:00:00Z,1.7976361450789373,2008
2008-02-24T12:00:00Z,1.7141246502476506,2008
2008-02-25T12:00:00Z,1.5895350694130965,2008
2008-02-26T12:00:00Z,1.4844963928161008,2008
2008-02-27T12:00:00Z,1.8635289616262527,2008
2008-02-28T12:00:00Z,1.7857963480048034,2008
2008-02-29T12:00:00Z,1.641098553142223,2008
2008-03-01T12:00:00Z,1.5622770015569907,2008
2008-03-02T12:00:00Z,1.481384919941367,2008
2008-03-03T12:00:00Z,1.3873398697202575,2008
2008-03-04T12:00:00Z,1.3023858064302152,2008
2008-03-05T12:00:00Z,1.3014339339137662,2008
2008-03-06T12:00:00Z,1.325113842126263,2008
2008-03-07T12:00:00Z,1.2773580344019861,2008
2008-03-08T12:00:00Z,1.3626300799975082,2008
2008-03-09T12:00:00Z,1.3175664961162907,2008
2008-03-10T12:00:00Z,1.1989824299947756,2008
2008-03-11T12:00:00Z,1.1123298754464985,2008
2008-03-12T12:00:00Z,1.22680339170556,2008
2008-03-13T12:00:00Z,1.1372403964093805,2008
2008-03-14T12:00:00Z,1.0335224112964634,2008
2008-03-15T12:00:00Z,0.9869948712304366,2008
2008-03-16T12:00:00Z,0.9588677554476155,2008
2008-03-17T12:00:00Z,0.8804094011356268,2008
2008-03-18T12:00:00Z,0.7775575304124778,2008
2008-03-19T12:00:00Z,0.7577861140337093,2008
2008-03-20T12:00:00Z,0.7405054799139675,2008
2008-03-21T12:00:00Z,0.7167127204221563,2008
2008-03-22T12:00:00Z,0.69290917683301545,2008
2008-03-23T12:00:00Z,1.8275995968137735,2008
2008-03-24T12:00:00Z,1.8233332135651652,2008
2008-03-25T12:00:00Z,1.6666146256255823,2008
2008-03-26T12:00:00Z,1.5112322220168315,2008
2008-03-27T12:00:00Z,1.3838363937719795,2008
2008-03-28T12:00:00Z,1.27148739084616,2008
2008-03-29T12:00:00Z,1.1606211071529304,2008
2008-03-30T12:00:00Z,1.102547687785399,2008
2008-03-31T12:00:00Z,2.0188399498437577,2008
2008-04-01T12:00:00Z,1.8212396338596635,2008
2008-04-02T12:00:00Z,1.7193099426096496,2008
2008-04-03T12:00:00Z,1.6549132952026941,2008
2008-04-04T12:00:00Z,1.4923149576558423,2008
2008-04-05T12:00:00Z,1.394614749335402,2008
2008-04-06T12:00:00Z,2.14022970698139,2008
2008-04-07T12:00:00Z,5.508838869472209,2008
2008-04-08T12:00:00Z,5.596412356097131,2008
2008-04-09T12:00:00Z,5.852305312704269,2008
2008-04-10T12:00:00Z,5.6082521609998475,2008
2008-04-11T12:00:00Z,5.336221285256303,2008
2008-04-12T12:00:00Z,5.105475573987499,2008
2008-04-13T12:00:00Z,4.908475384831312,2008
2008-04-14T12:00:00Z,4.638442655895763,2008
2008-04-15T12:00:00Z,4.275084774936098,2008
2008-04-16T12:00:00Z,4.08697717885371,2008
2008-04-17T12:00:00Z,3.8734400380778617,2008
2008-04-18T12:00:00Z,3.708727650135668,2008
2008-04-19T12:00:00Z,3.5304708317369147,2008
2008-04-20T12:00:00Z,3.3772553478585636,2008
2008-04-21T12:00:00Z,3.2494362034304953,2008
2008-04-22T12:00:00Z,3.1328277010350223,2008
2008-04-23T12:00:00Z,2.9637694327476325,2008
2008-04-24T12:00:00Z,2.7963470392607803,2008
2008-04-25T12:00:00Z,2.5894816126313196,2008
2008-04-26T12:00:00Z,2.364865898621888,2008
2008-04-27T12:00:00Z,2.1861334331122015,2008
2008-04-28T12:00:00Z,2.063640099501166,2008
2008-04-29T12:00:00Z,2.015584547938843,2008
2008-04-30T12:00:00Z,2.2892378965390887,2008
2008-05-01T12:00:00Z,2.163277373462186,2008
2008-05-02T12:00:00Z,2.0555452736537907,2008
2008-05-03T12:00:00Z,1.9980360165311353,2008
2008-05-04T12:00:00Z,1.9859838694246463,2008
2008-05-05T12:00:00Z,2.2597763428141624,2008
2008-05-06T12:00:00Z,2.206373988530516,2008
2008-05-07T12:00:00Z,2.1159375822450692,2008
2008-05-08T12:00:00Z,1.9981365032793261,2008
2008-05-09T12:00:00Z,1.851246192569714,2008
2008-05-10T12:00:00Z,1.7766485454928747,2008
2008-05-11T12:00:00Z,1.6751390020363945,2008
2008-05-12T12:00:00Z,1.6014214886799383,2008
2008-05-13T12:00:00Z,1.539688622262639,2008
2008-05-14T12:00:00Z,1.4401295451996492,2008
2008-05-15T12:00:00Z,1.316645160495476,2008
2008-05-16T12:00:00Z,1.2414628322514452,2008
2008-05-17T12:00:00Z,1.2101603517919983,2008
2008-05-18T12:00:00Z,1.212712838133682,2008
2008-05-19T12:00:00Z,1.2112831258633696,2008
2008-05-20T12:00:00Z,1.282584233545533,2008
2008-05-21T12:00:00Z,1.2124089267415001,2008
2008-05-22T12:00:00Z,1.1332679513269026,2008
2008-05-23T12:00:00Z,1.1219530578224712,2008
2008-05-24T12:00:00Z,1.4739504572460163,2008
2008-05-25T12:00:00Z,1.4471510560108563,2008
2008-05-26T12:00:00Z,1.3783529526427258,2008
2008-05-27T12:00:00Z,1.3061282220655044,2008
2008-05-28T12:00:00Z,1.3770022291919977,2008
2008-05-29T12:00:00Z,1.3770589287787762,2008
2008-05-30T12:00:00Z,1.491115135462347,2008
2008-06-01T12:00:00Z,1.6495527624967166,2009
2008-06-02T12:00:00Z,1.8917541177452601,2009
2008-06-03T12:00:00Z,2.0296297033433235,2009
2008-06-04T12:00:00Z,2.1951175525536386,2009
2008-06-05T12:00:00Z,2.1015656134991176,2009
2008-06-06T12:00:00Z,1.9737114716697044,2009
2008-06-07T12:00:00Z,1.8292771367905305,2009
2008-06-08T12:00:00Z,1.7034501165881328,2009
2008-06-09T12:00:00Z,1.5573346279802331,2009
2008-06-10T12:00:00Z,1.5213752641091733,2009
2008-06-11T12:00:00Z,1.8387130178562223,2009
2008-06-12T12:00:00Z,2.4322816857628444,2009
2008-06-13T12:00:00Z,2.760571993576558,2009
2008-06-14T12:00:00Z,3.008080493785025,2009
2008-06-15T12:00:00Z,3.18875008839001,2009
2008-06-16T12:00:00Z,3.4548344670967306,2009
2008-06-17T12:00:00Z,4.288286025003401,2009
2008-06-18T12:00:00Z,5.707878164259624,2009
2008-06-19T12:00:00Z,9.97075599630479,2009
2008-06-20T12:00:00Z,10.109643517640382,2009
2008-06-21T12:00:00Z,10.60203347284927,2009
2008-06-22T12:00:00Z,11.117985505464029,2009
2008-06-23T12:00:00Z,11.462773818016986,2009
2008-06-24T12:00:00Z,11.838561881510914,2009
2008-06-25T12:00:00Z,11.674861664881785,2009
2008-06-26T12:00:00Z,11.921044861310026,2009
2008-06-27T12:00:00Z,11.861697703798416,2009
2008-06-28T12:00:00Z,11.48979621211707,2009
2008-06-29T12:00:00Z,11.098021790983628,2009
2008-06-30T12:00:00Z,10.793787768200026,2009
2008-07-01T12:00:00Z,11.128120416846496,2009
2008-07-02T12:00:00Z,12.246738938153898,2009
2008-07-03T12:00:00Z,12.301985478319454,2009
2008-07-04T12:00:00Z,12.511129735680214,2009
2008-07-05T12:00:00Z,12.931732265857011,2009
2008-07-06T12:00:00Z,13.4084754707268,2009
2008-07-07T12:00:00Z,13.307566963610522,2009
2008-07-08T12:00:00Z,13.980968563569514,2009
2008-07-09T12:00:00Z,13.6574916953584,2009
2008-07-10T12:00:00Z,13.251497716686517,2009
2008-07-11T12:00:00Z,12.872278247684621,2009
2008-07-12T12:00:00Z,12.888689169278924,2009
2008-07-13T12:00:00Z,13.629962770934203,2009
2008-07-14T12:00:00Z,13.67989603593347,2009
2008-07-15T12:00:00Z,14.036610261837604,2009
2008-07-16T12:00:00Z,15.014070986160219,2009
2008-07-17T12:00:00Z,15.383784277221949,2009
2008-07-18T12:00:00Z,15.146022308760129,2009
2008-07-19T12:00:00Z,15.23243429250395,2009
2008-07-20T12:00:00Z,14.8643111369402,2009
2008-07-21T12:00:00Z,14.51538374694858,2009
2008-07-22T12:00:00Z,14.10282558576951,2009
2008-07-23T12:00:00Z,13.906155310047245,2009
2008-07-24T12:00:00Z,16.210337610949964,2009
2008-07-25T12:00:00Z,16.202909835930786,2009
2008-07-26T12:00:00Z,16.3725883087437,2009
2008-07-27T12:00:00Z,16.534557072317682,2009
2008-07-28T12:00:00Z,16.48041967195582,2009
2008-07-29T12:00:00Z,16.54590624651993,2009
2008-07-30T12:00:00Z,16.41070222268492,2009
2008-07-31T12:00:00Z,16.76596205105219,2009
2008-08-01T12:00:00Z,16.989066558845714,2009
2008-08-02T12:00:00Z,17.042707215210132,2009
2008-08-03T12:00:00Z,17.02441393896485,2009
2008-08-04T12:00:00Z,17.77546874606557,2009
2008-08-05T12:00:00Z,18.542283742697535,2009
2008-08-06T12:00:00Z,18.557796322575513,2009
2008-08-07T12:00:00Z,19.033264728466982,2009
2008-08-08T12:00:00Z,18.910459548953,2009
2008-08-09T12:00:00Z,18.700144199876664,2009
2008-08-10T12:00:00Z,18.586774688346146,2009
2008-08-11T12:00:00Z,19.062105281985236,2009
2008-08-12T12:00:00Z,19.53125721560636,2009
2008-08-13T12:00:00Z,19.659690307660156,2009
2008-08-14T12:00:00Z,19.458766813592273,2009
2008-08-15T12:00:00Z,19.61839109851261,2009
2008-08-16T12:00:00Z,19.637420261688494,2009
2008-08-17T12:00:00Z,19.544335692303655,2009
2008-08-18T12:00:00Z,21.229007809005683,2009
2008-08-19T12:00:00Z,28.621849061739898,2009
2008-08-20T12:00:00Z,29.10266341686716,2009
2008-08-21T12:00:00Z,29.304516261378183,2009
2008-08-22T12:00:00Z,29.504644444920526,2009
2008-08-23T12:00:00Z,30.73437925099626,2009
2008-08-24T12:00:00Z,30.860257730101043,2009
2008-08-25T12:00:00Z,30.97362815733638,2009
2008-08-26T12:00:00Z,31.49469714402919,2009
2008-08-27T12:00:00Z,31.913697728914563,2009
2008-08-28T12:00:00Z,31.488058591939794,2009
2008-08-29T12:00:00Z,30.87924602066735,2009
2008-08-30T12:00:00Z,31.416609179938575,2009
2008-08-31T12:00:00Z,34.702875231108635,2009
2008-09-01T12:00:00Z,34.4138935431911,2009
2008-09-02T12:00:00Z,33.8456725287741,2009
2008-09-03T12:00:00Z,33.26758304590343,2009
2008-09-04T12:00:00Z,32.71891510316137,2009
2008-09-05T12:00:00Z,32.248659391524626,2009
2008-09-06T12:00:00Z,31.736133493709282,2009
2008-09-07T12:00:00Z,31.420561626819158,2009
2008-09-08T12:00:00Z,30.938685423059866,2009
2008-09-09T12:00:00Z,31.335120408191738,2009
2008-09-10T12:00:00Z,33.744927488228015,2009
2008-09-11T12:00:00Z,33.13691634982386,2009
2008-09-12T12:00:00Z,32.536910571734424,2009
2008-09-13T12:00:00Z,31.96443839227301,2009
2008-09-14T12:00:00Z,31.36165170566809,2009
2008-09-15T12:00:00Z,30.948137895974543,2009
2008-09-16T12:00:00Z,31.17313494462808,2009
2008-09-17T12:00:00Z,31.408141615528553,2009
2008-09-18T12:00:00Z,32.155894106959266,2009
2008-09-19T12:00:00Z,33.3198432538465,2009
2008-09-20T12:00:00Z,32.81453633322422,2009
2008-09-21T12:00:00Z,32.4172729578588,2009
2008-09-22T12:00:00Z,32.03519449668346,2009
2008-09-23T12:00:00Z,32.32382412120248,2009
2008-09-24T12:00:00Z,33.06774876082679,2009
2008-09-25T12:00:00Z,32.959068535824365,2009
2008-09-26T12:00:00Z,32.58970641006335,2009
2008-09-27T12:00:00Z,32.43847958259321,2009
2008-09-28T12:00:00Z,32.41835042680746,2009
2008-09-29T12:00:00Z,36.498538264798604,2009
2008-09-30T12:00:00Z,38.987356723931114,2009
2008-10-01T12:00:00Z,40.688431232706456,2009
2008-10-02T12:00:00Z,40.274221743098906,2009
2008-10-03T12:00:00Z,39.80358869373273,2009
2008-10-04T12:00:00Z,40.84663468518757,2009
2008-10-05T12:00:00Z,41.16769364970671,2009
2008-10-06T12:00:00Z,40.79136679824022,2009
2008-10-07T12:00:00Z,40.200849329549584,2009
2008-10-08T12:00:00Z,39.547634981288034,2009
2008-10-09T12:00:00Z,39.44348064585134,2009
2008-10-10T12:00:00Z,40.39367904438912,2009
2008-10-11T12:00:00Z,40.29617283033694,2009
2008-10-12T12:00:00Z,39.780339076259814,2009
2008-10-13T12:00:00Z,39.74300702858158,2009
2008-10-14T12:00:00Z,39.90704037706485,2009
2008-10-15T12:00:00Z,39.534056508739596,2009
2008-10-16T12:00:00Z,38.96620508179025,2009
2008-10-17T12:00:00Z,38.46482851829865,2009
2008-10-18T12:00:00Z,38.05763488418325,2009
2008-10-19T12:00:00Z,37.54004424961027,2009
2008-10-20T12:00:00Z,37.05017595851573,2009
2008-10-21T12:00:00Z,36.608415292315804,2009
2008-10-22T12:00:00Z,36.204629854824354,2009
2008-10-23T12:00:00Z,36.23114314831202,2009
2008-10-24T12:00:00Z,38.12590574923972,2009
2008-10-25T12:00:00Z,37.926892484763925,2009
2008-10-26T12:00:00Z,38.826215551882605,2009
2008-10-27T12:00:00Z,38.359613856933024,2009
2008-10-28T12:00:00Z,37.621126824751656,2009
2008-10-29T12:00:00Z,0,2009
2008-10-30T12:00:00Z,0,2009
2008-10-31T12:00:00Z,0,2009
2008-11-01T12:00:00Z,0,2009
2008-11-02T12:00:00Z,0,2009
2008-11-03T12:00:00Z,0,2009
2008-11-04T12:00:00Z,0,2009
2008-11-05T12:00:00Z,0,2009
2008-11-06T12:00:00Z,0,2009
2008-11-07T12:00:00Z,0,2009
2008-11-08T12:00:00Z,0,2009
2008-11-09T12:00:00Z,0,2009
2008-11-10T12:00:00Z,0,2009
2008-11-11T12:00:00Z,0,2009
2008-11-12T12:00:00Z,0,2009
2008-11-13T12:00:00Z,0,2009
2008-11-14T12:00:00Z,0,2009
2008-11-15T12:00:00Z,0,2009
2008-11-16T12:00:00Z,0,2009
2008-11-17T12:00:00Z,0,2009
2008-11-18T12:00:00Z,0,2009
2008-11-19T12:00:00Z,0,2009
2008-11-20T12:00:00Z,0,2009
2008-11-21T12:00:00Z,0,2009
2008-11-22T12:00:00Z,0,2009
2008-11-23T12:00:00Z,0,2009
2008-11-24T12:00:00Z,0,2009
2008-11-25T12:00:00Z,0,2009
2008-11-26T12:00:00Z,0,2009
2008-11-27T12:00:00Z,0,2009
2008-11-28T12:00:00Z,0,2009
2008-11-29T12:00:00Z,0,2009
2008-11-30T12:00:00Z,0,2009
2008-12-01T12:00:00Z,0,2009
2008-12-02T12:00:00Z,0,2009
2008-12-03T12:00:00Z,0,2009
2008-12-04T12:00:00Z,0,2009
2008-12-05T12:00:00Z,0,2009
2008-12-06T12:00:00Z,0,2009
2008-12-07T12:00:00Z,0,2009
2008-12-08T12:00:00Z,0,2009
2008-12-09T12:00:00Z,0,2009
2008-12-10T12:00:00Z,0,2009
2008-12-11T12:00:00Z,0,2009
2008-12-12T12:00:00Z,0,2009
2008-12-13T12:00:00Z,0,2009
2008-12-14T12:00:00Z,0,2009
2008-12-15T12:00:00Z,0,2009
2008-12-16T12:00:00Z,0,2009
2008-12-17T12:00:00Z,0,2009
2008-12-18T12:00:00Z,0,2009
2008-12-19T12:00:00Z,0,2009
2008-12-20T12:00:00Z,0,2009
2008-12-21T12:00:00Z,0,2009
2008-12-22T12:00:00Z,0,2009
2008-12-23T12:00:00Z,0,2009
2008-12-24T12:00:00Z,0,2009
2008-12-25T12:00:00Z,0,2009
2008-12-26T12:00:00Z,0,2009
2008-12-27T12:00:00Z,0,2009
2008-12-28T12:00:00Z,0,2009
2008-12-29T12:00:00Z,0,2009
2008-12-30T12:00:00Z,0,2009
2008-12-31T12:00:00Z,0,2009
2009-01-01T12:00:00Z,19.131884308636597,2009
2009-01-02T12:00:00Z,18.68305282503454,2009
2009-01-03T12:00:00Z,18.303940854431016,2009
2009-01-04T12:00:00Z,18.00893435192155,2009
2009-01-05T12:00:00Z,17.890612620903394,2009
2009-01-06T12:00:00Z,17.557658166942588,2009
2009-01-07T12:00:00Z,17.21304044621348,2009
2009-01-08T12:00:00Z,16.846339443001995,2009
2009-01-09T12:00:00Z,16.375534068773355,2009
2009-01-10T12:00:00Z,16.026662686283277,2009
2009-01-11T12:00:00Z,15.72211157602133,2009
2009-01-12T12:00:00Z,15.373858416550423,2009
2009-01-13T12:00:00Z,15.060930764286923,2009
2009-01-14T12:00:00Z,14.72756066195645,2009
2009-01-15T12:00:00Z,14.28073731164624,2009
2009-01-16T12:00:00Z,13.80930970913341,2009
2009-01-17T12:00:00Z,13.459068777342852,2009
2009-01-18T12:00:00Z,13.171970516962823,2009
2009-01-19T12:00:00Z,12.952340083596289,2009
2009-01-20T12:00:00Z,12.694408653634184,2009
2009-01-21T12:00:00Z,12.290895764662517,2009
2009-01-22T12:00:00Z,11.922771183047425,2009
2009-01-23T12:00:00Z,11.672174319943064,2009
2009-01-24T12:00:00Z,11.415228543155457,2009
2009-01-25T12:00:00Z,11.179494470039732,2009
2009-01-26T12:00:00Z,10.866181526857773,2009
2009-01-27T12:00:00Z,10.637945326325008,2009
2009-01-28T12:00:00Z,10.487454303772163,2009
2009-01-29T12:00:00Z,10.182183257463397,2009
2009-01-30T12:00:00Z,9.964524519852162,2009
2009-01-31T12:00:00Z,9.615116803460444,2009
2009-02-01T12:00:00Z,9.375023705438583,2009
2009-02-02T12:00:00Z,9.16257537187722,2009
2009-02-03T12:00:00Z,9.3712605943000291,2009
2009-02-04T12:00:00Z,9.04714482729337,2009
2009-02-05T12:00:00Z,8.662761607979233,2009
2009-02-06T12:00:00Z,8.349003485364731,2009
2009-02-07T12:00:00Z,8.127727505882854,2009
2009-02-08T12:00:00Z,7.916186655545562,2009
2009-02-09T12:00:00Z,7.694419950223459,2009
2009-02-10T12:00:00Z,7.4435106600533505,2009
2009-02-11T12:00:00Z,7.2009956042049685,2009
2009-02-12T12:00:00Z,6.994798208929299,2009
2009-02-13T12:00:00Z,6.810235058642507,2009
2009-02-14T12:00:00Z,6.607129502646719,2009
2009-02-15T12:00:00Z,6.421119307350809,2009
2009-02-16T12:00:00Z,6.199675010712443,2009
2009-02-17T12:00:00Z,5.924741384238151,2009
2009-02-18T12:00:00Z,5.700673429377516,2009
2009-02-19T12:00:00Z,5.50836147409695,2009
2009-02-20T12:00:00Z,5.256610274875316,2009
2009-02-21T12:00:00Z,4.978835642676396,2009
2009-02-22T12:00:00Z,4.787702556781974,2009
2009-02-23T12:00:00Z,4.6046282026314715,2009
2009-02-24T12:00:00Z,4.437893137893294,2009
2009-02-25T12:00:00Z,4.193161518239835,2009
2009-02-26T12:00:00Z,3.987963853024829,2009
2009-02-27T12:00:00Z,3.8332814455499378,2009
2009-02-28T12:00:00Z,3.631323628490982,2009
2009-03-01T12:00:00Z,3.4936658154155085,2009
2009-03-02T12:00:00Z,3.3568201428003803,2009
2009-03-03T12:00:00Z,3.1140889618585903,2009
2009-03-04T12:00:00Z,2.775986699259363,2009
2009-03-05T12:00:00Z,2.5955272425108395,2009
2009-03-06T12:00:00Z,2.4415420290947427,2009
2009-03-07T12:00:00Z,2.321529921845521,2009
2009-03-08T12:00:00Z,2.1279147870305937,2009
2009-03-09T12:00:00Z,2.0328251409717453,2009
2009-03-10T12:00:00Z,1.9178463837950985,2009
2009-03-11T12:00:00Z,1.79095591672137,2009
2009-03-12T12:00:00Z,1.6559213027489406,2009
2009-03-13T12:00:00Z,1.5304165133649992,2009
2009-03-14T12:00:00Z,1.4234424639635526,2009
2009-03-15T12:00:00Z,1.3249504140962234,2009
2009-03-16T12:00:00Z,1.2183179225557348,2009
2009-03-17T12:00:00Z,1.0972422576791276,2009
2009-03-18T12:00:00Z,1.240533423563876,2009
2009-03-19T12:00:00Z,2.231533298448064,2009
2009-03-20T12:00:00Z,2.485737361053295,2009
2009-03-21T12:00:00Z,2.3569600031144704,2009
2009-03-22T12:00:00Z,2.2725724995895185,2009
2009-03-23T12:00:00Z,2.0756042154540513,2009
2009-03-24T12:00:00Z,1.8689245122186584,2009
2009-03-25T12:00:00Z,1.7042261190675965,2009
2009-03-26T12:00:00Z,1.5766242712590184,2009
2009-03-27T12:00:00Z,1.5069334915289099,2009
2009-03-28T12:00:00Z,1.429677402482794,2009
2009-03-29T12:00:00Z,1.4687248734722642,2009
2009-03-30T12:00:00Z,1.3609252076366156,2009
2009-03-31T12:00:00Z,1.2072637532107042,2009
2009-04-01T12:00:00Z,1.094155540218783,2009
2009-04-02T12:00:00Z,1.0369268940139587,2009
2009-04-03T12:00:00Z,1.0039405853227583,2009
2009-04-04T12:00:00Z,0.9235339480737748,2009
2009-04-05T12:00:00Z,0.8419092156160823,2009
2009-04-06T12:00:00Z,0.7568399510234156,2009
2009-04-07T12:00:00Z,0.7216406349103668,2009
2009-04-08T12:00:00Z,0.6505038122238772,2009
2009-04-09T12:00:00Z,0.5178135121020467,2009
2009-04-10T12:00:00Z,0.4349345978922288,2009
2009-04-11T12:00:00Z,0.4119513826464813,2009
2009-04-12T12:00:00Z,0.3778374560024082,2009
2009-04-13T12:00:00Z,0.32354715440812704,2009
2009-04-14T12:00:00Z,0.2869690365527449,2009
2009-04-15T12:00:00Z,0.28267299173861365,2009
2009-04-16T12:00:00Z,0.25418998085903727,2009
2009-04-17T12:00:00Z,0.18287252623233927,2009
2009-04-18T12:00:00Z,0.15612890918854985,2009
2009-04-19T12:00:00Z,0.12581580205949117,2009
2009-04-20T12:00:00Z,0.11186020080069486,2009
2009-04-21T12:00:00Z,0.1615742078968611,2009
2009-04-22T12:00:00Z,0.17213716501120138,2009
2009-04-23T12:00:00Z,0.13258527359696257,2009
2009-04-24T12:00:00Z,0.11562244404074494,2009
2009-04-25T12:00:00Z,0.10129592056722762,2009
2009-04-26T12:00:00Z,0.0885467899184269,2009
2009-04-27T12:00:00Z,0.08090384237679865,2009
2009-04-28T12:00:00Z,0.07671298504342762,2009
2009-04-29T12:00:00Z,0.07498129780215451,2009
2009-04-30T12:00:00Z,0.07386478326930122,2009
2009-05-01T12:00:00Z,0.07301006681421711,2009
2009-05-02T12:00:00Z,0.07309203703653334,2009
2009-05-03T12:00:00Z,0.07606926281935554,2009
2009-05-04T12:00:00Z,0.07923917443465066,2009
2009-05-05T12:00:00Z,0.08170617763956427,2009
2009-05-06T12:00:00Z,0.08556850033572325,2009
2009-05-07T12:00:00Z,0.08554834081890768,2009
2009-05-08T12:00:00Z,0.0858793835915501,2009
2009-05-09T12:00:00Z,0.08761045257912094,2009
2009-05-10T12:00:00Z,0.09524736021454724,2009
2009-05-11T12:00:00Z,0.09250141558521058,2009
2009-05-12T12:00:00Z,0.11577271684259906,2009
2009-05-13T12:00:00Z,0.11929248642034092,2009
2009-05-14T12:00:00Z,0.10579858317781499,2009
2009-05-15T12:00:00Z,0.10439135529735763,2009
2009-05-16T12:00:00Z,0.10530304105461637,2009
2009-05-17T12:00:00Z,0.09149066466659336,2009
2009-05-18T12:00:00Z,0.08673319503971459,2009
2009-05-19T12:00:00Z,0.3437692940351895,2009
2009-05-20T12:00:00Z,0.8971007754006418,2009
2009-05-21T12:00:00Z,0.8054252349081049,2009
2009-05-22T12:00:00Z,0.8388772644241222,2009
2009-05-23T12:00:00Z,0.9060777624253545,2009
2009-05-24T12:00:00Z,1.0451609294252227,2009
2009-05-25T12:00:00Z,1.7467275327204723,2009
2009-05-26T12:00:00Z,2.1982715174920644,2009
2009-05-27T12:00:00Z,3.1233191048480156,2009
2009-05-28T12:00:00Z,3.6683650733324735,2009
2009-05-29T12:00:00Z,4.141537271237163,2009
2009-05-30T12:00:00Z,4.842797544003117,2009
2009-06-01T12:00:00Z,6.934371227113554,2010
2009-06-02T12:00:00Z,7.800151746315073,2010
2009-06-03T12:00:00Z,8.555825966789254,2010
2009-06-04T12:00:00Z,8.761360779308315,2010
2009-06-05T12:00:00Z,9.554765830427613,2010
2009-06-06T12:00:00Z,9.599647697178787,2010
2009-06-07T12:00:00Z,11.297971562050233,2010
2009-06-08T12:00:00Z,11.569886555073895,2010
2009-06-09T12:00:00Z,12.103397511034824,2010
2009-06-10T12:00:00Z,12.105903512794054,2010
2009-06-11T12:00:00Z,11.904865955022126,2010
2009-06-12T12:00:00Z,11.79146541089666,2010
2009-06-13T12:00:00Z,11.614603829780826,2010
2009-06-14T12:00:00Z,12.874113503025514,2010
2009-06-15T12:00:00Z,12.662241196515629,2010
2009-06-16T12:00:00Z,12.414152647629308,2010
2009-06-17T12:00:00Z,14.594766920670706,2010
2009-06-18T12:00:00Z,14.265818367742302,2010
2009-06-19T12:00:00Z,14.097070066772408,2010
2009-06-20T12:00:00Z,14.100579126457976,2010
2009-06-21T12:00:00Z,14.821468146354048,2010
2009-06-22T12:00:00Z,14.352917530184044,2010
2009-06-23T12:00:00Z,14.601450760170716,2010
2009-06-24T12:00:00Z,15.162604467035157,2010
2009-06-25T12:00:00Z,14.803454104880277,2010
2009-06-26T12:00:00Z,14.701964493759933,2010
2009-06-27T12:00:00Z,15.469214156138674,2010
2009-06-28T12:00:00Z,15.167437223799665,2010
2009-06-29T12:00:00Z,15.459404363828355,2010
2009-06-30T12:00:00Z,15.805739850395456,2010
2009-07-01T12:00:00Z,18.526711843880104,2010
2009-07-02T12:00:00Z,19.444181846661618,2010
2009-07-03T12:00:00Z,19.33049716368011,2010
2009-07-04T12:00:00Z,18.97187311768415,2010
2009-07-05T12:00:00Z,18.65224589514569,2010
2009-07-06T12:00:00Z,18.294307376261905,2010
2009-07-07T12:00:00Z,17.5993483013551,2010
2009-07-08T12:00:00Z,17.173382568172563,2010
2009-07-09T12:00:00Z,17.309819184414437,2010
2009-07-10T12:00:00Z,17.13616936304894,2010
2009-07-11T12:00:00Z,16.646410061948796,2010
2009-07-12T12:00:00Z,16.114700226405457,2010
2009-07-13T12:00:00Z,15.94345140523705,2010
2009-07-14T12:00:00Z,16.2494007383808,2010
2009-07-15T12:00:00Z,16.07304323771558,2010
2009-07-16T12:00:00Z,17.41767279816888,2010
2009-07-17T12:00:00Z,17.26736654198485,2010
2009-07-18T12:00:00Z,16.806033010067132,2010
2009-07-19T12:00:00Z,16.482299784757014,2010
2009-07-20T12:00:00Z,16.932658371577418,2010
2009-07-21T12:00:00Z,17.14431983824458,2010
2009-07-22T12:00:00Z,17.35657491770944,2010
2009-07-23T12:00:00Z,17.926523683155203,2010
2009-07-24T12:00:00Z,18.569772074236575,2010
2009-07-25T12:00:00Z,19.792680368192283,2010
2009-07-26T12:00:00Z,20.034018706504792,2010
2009-07-27T12:00:00Z,21.650758691796128,2010
2009-07-28T12:00:00Z,21.54035535669,2010
2009-07-29T12:00:00Z,21.111152471477908,2010
2009-07-30T12:00:00Z,21.152472780477055,2010
2009-07-31T12:00:00Z,21.002557877660614,2010
2009-08-01T12:00:00Z,20.58430937518102,2010
2009-08-02T12:00:00Z,20.136002502251092,2010
2009-08-03T12:00:00Z,19.66941204221662,2010
2009-08-04T12:00:00Z,19.180271824193163,2010
2009-08-05T12:00:00Z,18.906894488152513,2010
2009-08-06T12:00:00Z,19.466005538796583,2010
2009-08-07T12:00:00Z,19.349380181345953,2010
2009-08-08T12:00:00Z,19.1702528605732,2010
2009-08-09T12:00:00Z,19.03783621336174,2010
2009-08-10T12:00:00Z,20.020701447406548,2010
2009-08-11T12:00:00Z,20.525113597159056,2010
2009-08-12T12:00:00Z,20.75798053325799,2010
2009-08-13T12:00:00Z,21.593237337005945,2010
2009-08-14T12:00:00Z,21.732805778300726,2010
2009-08-15T12:00:00Z,21.745683412010127,2010
2009-08-16T12:00:00Z,22.659111416252305,2010
2009-08-17T12:00:00Z,22.407153225178583,2010
2009-08-18T12:00:00Z,22.27544929432472,2010
2009-08-19T12:00:00Z,22.402879832703967,2010
2009-08-20T12:00:00Z,22.104694115753624,2010
2009-08-21T12:00:00Z,21.738661886218946,2010
2009-08-22T12:00:00Z,21.51331607746681,2010
2009-08-23T12:00:00Z,21.75613554756975,2010
2009-08-24T12:00:00Z,22.43360992785649,2010
2009-08-25T12:00:00Z,23.242611332201236,2010
2009-08-26T12:00:00Z,23.07161645034618,2010
2009-08-27T12:00:00Z,22.932569847517918,2010
2009-08-28T12:00:00Z,23.208567990472105,2010
2009-08-29T12:00:00Z,22.94351518263896,2010
2009-08-30T12:00:00Z,22.705989033234808,2010
2009-08-31T12:00:00Z,23.022776908295395,2010
2009-09-01T12:00:00Z,23.5032087550691,2010
2009-09-02T12:00:00Z,23.88408019255471,2010
2009-09-03T12:00:00Z,23.965564052645302,2010
2009-09-04T12:00:00Z,24.68262443962807,2010
2009-09-05T12:00:00Z,27.100173857069624,2010
2009-09-06T12:00:00Z,27.36912310270558,2010
2009-09-07T12:00:00Z,27.005381617233173,2010
2009-09-08T12:00:00Z,26.881411211964664,2010
2009-09-09T12:00:00Z,27.154136589341718,2010
2009-09-10T12:00:00Z,27.750118900396213,2010
2009-09-11T12:00:00Z,28.474845126093193,2010
2009-09-12T12:00:00Z,28.590249850957797,2010
2009-09-13T12:00:00Z,29.442628600244774,2010
2009-09-14T12:00:00Z,29.936135088615156,2010
2009-09-15T12:00:00Z,29.955115883777705,2010
2009-09-16T12:00:00Z,30.308034412540955,2010
2009-09-17T12:00:00Z,29.98963633732511,2010
2009-09-18T12:00:00Z,29.657008132411498,2010
2009-09-19T12:00:00Z,30.939285038547347,2010
2009-09-20T12:00:00Z,31.490626290402613,2010
2009-09-21T12:00:00Z,31.132805168476906,2010
2009-09-22T12:00:00Z,30.59391455655,2010
2009-09-23T12:00:00Z,30.046407323812996,2010
2009-09-24T12:00:00Z,29.614213332233184,2010
2009-09-25T12:00:00Z,29.173536265912183,2010
2009-09-26T12:00:00Z,29.40925314013101,2010
2009-09-27T12:00:00Z,29.45072144985666,2010
2009-09-28T12:00:00Z,29.26352394311365,2010
2009-09-29T12:00:00Z,29.173651910458677,2010
2009-09-30T12:00:00Z,28.789010264334085,2010
2009-10-01T12:00:00Z,28.471387441431506,2010
2009-10-02T12:00:00Z,28.193341722684554,2010
2009-10-03T12:00:00Z,28.059519637553397,2010
2009-10-04T12:00:00Z,27.656736766019367,2010
2009-10-05T12:00:00Z,27.211451704845373,2010
2009-10-06T12:00:00Z,27.033052298931604,2010
2009-10-07T12:00:00Z,26.782974276229755,2010
2009-10-08T12:00:00Z,26.467853823184498,2010
2009-10-09T12:00:00Z,26.06462918168534,2010
2009-10-10T12:00:00Z,25.629499160624626,2010
2009-10-11T12:00:00Z,25.251141384883212,2010
2009-10-12T12:00:00Z,24.868286145048675,2010
2009-10-13T12:00:00Z,24.508611190330736,2010
2009-10-14T12:00:00Z,24.174918769272253,2010
2009-10-15T12:00:00Z,24.18703846226243,2010
2009-10-16T12:00:00Z,23.883982403715024,2010
2009-10-17T12:00:00Z,23.570102261049158,2010
2009-10-18T12:00:00Z,22.954680652039293,2010
2009-10-19T12:00:00Z,22.399708323894355,2010
2009-10-20T12:00:00Z,22.052666276138748,2010
2009-10-21T12:00:00Z,22.157581505252377,2010
2009-10-22T12:00:00Z,22.153374940244504,2010
2009-10-23T12:00:00Z,21.963057408440243,2010
2009-10-24T12:00:00Z,21.868965701725294,2010
2009-10-25T12:00:00Z,22.445840317798993,2010
2009-10-26T12:00:00Z,22.2233934989989,2010
2009-10-27T12:00:00Z,22.041982391391983,2010
2009-10-28T12:00:00Z,21.769386509630053,2010
2009-10-29T12:00:00Z,21.560361364282425,2010
2009-10-30T12:00:00Z,21.33495045483521,2010
2009-10-31T12:00:00Z,21.127197327506412,2010
2009-11-01T12:00:00Z,20.955681714815444,2010
2009-11-02T12:00:00Z,20.739349947912103,2010
2009-11-03T12:00:00Z,20.483836380280664,2010
2009-11-04T12:00:00Z,20.20764641248923,2010
2009-11-05T12:00:00Z,20.054390941544213,2010
2009-11-06T12:00:00Z,19.761245346723175,2010
2009-11-07T12:00:00Z,19.31053464872713,2010
2009-11-08T12:00:00Z,18.99035102188529,2010
2009-11-09T12:00:00Z,18.626740662568228,2010
2009-11-10T12:00:00Z,18.305970301053666,2010
2009-11-11T12:00:00Z,18.340550516809937,2010
2009-11-12T12:00:00Z,18.24232922274032,2010
2009-11-13T12:00:00Z,17.67309695698255,2010
2009-11-14T12:00:00Z,17.405207042525962,2010
2009-11-15T12:00:00Z,17.074929371391523,2010
2009-11-16T12:00:00Z,16.806863499610127,2010
2009-11-17T12:00:00Z,16.534337202289546,2010
2009-11-18T12:00:00Z,16.186949321081777,2010
2009-11-19T12:00:00Z,15.749444080940307,2010
2009-11-20T12:00:00Z,15.516609178327323,2010
2009-11-21T12:00:00Z,15.281486396037632,2010
2009-11-22T12:00:00Z,15.007230236586349,2010
2009-11-23T12:00:00Z,14.85219044197318,2010
2009-11-24T12:00:00Z,14.511914710877107,2010
2009-11-25T12:00:00Z,19.00195557288862,2010
2009-11-26T12:00:00Z,20.008081348122158,2010
2009-11-27T12:00:00Z,19.707285156819776,2010
2009-11-28T12:00:00Z,19.30415579887375,2010
2009-11-29T12:00:00Z,18.904728166456906,2010
2009-11-30T12:00:00Z,18.622597654746166,2010
2009-12-01T12:00:00Z,18.313843790441023,2010
2009-12-02T12:00:00Z,18.00067331835292,2010
2009-12-03T12:00:00Z,17.735266319381385,2010
2009-12-04T12:00:00Z,17.895777930335363,2010
2009-12-05T12:00:00Z,17.830888379916153,2010
2009-12-06T12:00:00Z,17.64807795282676,2010
2009-12-07T12:00:00Z,17.336773491419493,2010
2009-12-08T12:00:00Z,17.033417910109772,2010
2009-12-09T12:00:00Z,16.70124456284679,2010
2009-12-10T12:00:00Z,16.31820111431174,2010
2009-12-11T12:00:00Z,15.930475540516076,2010
2009-12-12T12:00:00Z,15.622243224675461,2010
2009-12-13T12:00:00Z,15.221642088586506,2010
2009-12-14T12:00:00Z,14.908605576588988,2010
2009-12-15T12:00:00Z,14.754267124447836,2010
2009-12-16T12:00:00Z,14.476500278308507,2010
2009-12-17T12:00:00Z,14.587733554116191,2010
2009-12-18T12:00:00Z,16.757264613965116,2010
2009-12-19T12:00:00Z,17.373067662391325,2010
2009-12-20T12:00:00Z,16.987254503448142,2010
2009-12-21T12:00:00Z,16.499190434139226,2010
2009-12-22T12:00:00Z,16.08714558244569,2010
2009-12-23T12:00:00Z,15.784713402971349,2010
2009-12-24T12:00:00Z,15.478250622912789,2010
2009-12-25T12:00:00Z,15.144636466290645,2010
2009-12-26T12:00:00Z,14.87912064584065,2010
2009-12-27T12:00:00Z,14.530709484391767,2010
2009-12-28T12:00:00Z,14.22061122544949,2010
2009-12-29T12:00:00Z,13.768602666541948,2010
2009-12-30T12:00:00Z,13.336450908980337,2010
2009-12-31T12:00:00Z,13.053507912754428,2010
2010-01-01T12:00:00Z,12.833404694224665,2010
2010-01-02T12:00:00Z,12.796232570443635,2010
2010-01-03T12:00:00Z,12.43735410876419,2010
2010-01-04T12:00:00Z,12.092774610006844,2010
2010-01-05T12:00:00Z,11.787204378434657,2010
2010-01-06T12:00:00Z,11.417965318290307,2010
2010-01-07T12:00:00Z,11.140741108178393,2010
2010-01-08T12:00:00Z,10.8691796205303,2010
2010-01-09T12:00:00Z,11.038021663003523,2010
2010-01-10T12:00:00Z,11.072240822777575,2010
2010-01-11T12:00:00Z,10.813725230836262,2010
2010-01-12T12:00:00Z,10.587700111321908,2010
2010-01-13T12:00:00Z,10.381505888601241,2010
2010-01-14T12:00:00Z,10.15681529209733,2010
2010-01-15T12:00:00Z,10.013955521361718,2010
2010-01-16T12:00:00Z,9.854856678753011,2010
2010-01-17T12:00:00Z,10.146209563004048,2010
2010-01-18T12:00:00Z,10.213041504286412,2010
2010-01-19T12:00:00Z,9.997763959189237,2010
2010-01-20T12:00:00Z,9.840553874880747,2010
2010-01-21T12:00:00Z,9.647596893231151,2010
2010-01-22T12:00:00Z,9.427484820101567,2010
2010-01-23T12:00:00Z,9.28517023474416,2010
2010-01-24T12:00:00Z,9.22156263559502,2010
2010-01-25T12:00:00Z,9.274306174917156,2010
2010-01-26T12:00:00Z,9.336595637020705,2010
2010-01-27T12:00:00Z,9.054992136385485,2010
2010-01-28T12:00:00Z,8.816577242322113,2010
2010-01-29T12:00:00Z,8.634620822013067,2010
2010-01-30T12:00:00Z,8.411309116524183,2010
2010-01-31T12:00:00Z,8.28028175710581,2010
2010-02-01T12:00:00Z,9.046076696025287,2010
2010-02-02T12:00:00Z,9.884218287864933,2010
2010-02-03T12:00:00Z,9.976641531193758,2010
2010-02-04T12:00:00Z,9.801572580377222,2010
2010-02-05T12:00:00Z,9.676262676704175,2010
2010-02-06T12:00:00Z,9.750058693642364,2010
2010-02-07T12:00:00Z,9.507868707623702,2010
2010-02-08T12:00:00Z,9.301378562144505,2010
2010-02-09T12:00:00Z,9.178122900340279,2010
2010-02-10T12:00:00Z,9.10154471936819,2010
2010-02-11T12:00:00Z,8.975612376158898,2010
2010-02-12T12:00:00Z,8.84130951790805,2010
2010-02-13T12:00:00Z,9.80168824135148,2010
2010-02-14T12:00:00Z,9.582763956167556,2010
2010-02-15T12:00:00Z,9.402996970484002,2010
2010-02-16T12:00:00Z,9.249418837083075,2010
2010-02-17T12:00:00Z,9.024408732350263,2010
2010-02-18T12:00:00Z,8.837174253785996,2010
2010-02-19T12:00:00Z,8.669780234748773,2010
2010-02-20T12:00:00Z,8.57614847150769,2010
2010-02-21T12:00:00Z,8.476973421338958,2010
2010-02-22T12:00:00Z,8.915405708055188,2010
2010-02-23T12:00:00Z,9.028099510006527,2010
2010-02-24T12:00:00Z,9.24097582975167,2010
2010-02-25T12:00:00Z,9.733615753086728,2010
2010-02-26T12:00:00Z,9.53589754250561,2010
2010-02-27T12:00:00Z,9.389728622186663,2010
2010-02-28T12:00:00Z,9.443455049468534,2010
2010-03-01T12:00:00Z,9.256495996320167,2010
2010-03-02T12:00:00Z,9.239680107765404,2010
2010-03-03T12:00:00Z,9.281859931247592,2010
2010-03-04T12:00:00Z,9.132977966487,2010
2010-03-05T12:00:00Z,8.906344588169505,2010
2010-03-06T12:00:00Z,8.636868111218575,2010
2010-03-07T12:00:00Z,8.432908508779954,2010
2010-03-08T12:00:00Z,8.287569560535275,2010
2010-03-09T12:00:00Z,8.125278591385785,2010
2010-03-10T12:00:00Z,7.982632211799369,2010
2010-03-11T12:00:00Z,7.905146729806027,2010
2010-03-12T12:00:00Z,7.9134501578466905,2010
2010-03-13T12:00:00Z,8.775377464352813,2010
2010-03-14T12:00:00Z,8.575373880823493,2010
2010-03-15T12:00:00Z,8.345080961349778,2010
2010-03-16T12:00:00Z,8.106427044079188,2010
2010-03-17T12:00:00Z,8.21015362810785,2010
2010-03-18T12:00:00Z,8.180562667853685,2010
2010-03-19T12:00:00Z,7.99389714765035,2010
2010-03-20T12:00:00Z,7.828765179227077,2010
2010-03-21T12:00:00Z,7.663422759459604,2010
2010-03-22T12:00:00Z,7.797209026892902,2010
2010-03-23T12:00:00Z,7.727866306664544,2010
2010-03-24T12:00:00Z,7.537033536116593,2010
2010-03-25T12:00:00Z,7.324495868643164,2010
2010-03-26T12:00:00Z,8.074803872326212,2010
2010-03-27T12:00:00Z,8.064714966464814,2010
2010-03-28T12:00:00Z,7.87940322768443,2010
2010-03-29T12:00:00Z,9.125078734256379,2010
2010-03-30T12:00:00Z,9.295046600924183,2010
2010-03-31T12:00:00Z,9.089552429870107,2010
2010-04-01T12:00:00Z,8.852364633581898,2010
2010-04-02T12:00:00Z,8.58510189444031,2010
2010-04-03T12:00:00Z,8.30751077232118,2010
2010-04-04T12:00:00Z,8.058131918258578,2010
2010-04-05T12:00:00Z,7.807449816192165,2010
2010-04-06T12:00:00Z,7.592430828857609,2010
2010-04-07T12:00:00Z,7.352005124071669,2010
2010-04-08T12:00:00Z,7.203154386156744,2010
2010-04-09T12:00:00Z,7.1079506243798924,2010
2010-04-10T12:00:00Z,6.966605303990385,2010
2010-04-11T12:00:00Z,7.132055240647683,2010
2010-04-12T12:00:00Z,7.863201602473198,2010
2010-04-13T12:00:00Z,7.644117189253462,2010
2010-04-14T12:00:00Z,7.333042775217835,2010
2010-04-15T12:00:00Z,7.058433280504299,2010
2010-04-16T12:00:00Z,6.840462574622539,2010
2010-04-17T12:00:00Z,6.7844668233020995,2010
2010-04-18T12:00:00Z,7.363255310122811,2010
2010-04-19T12:00:00Z,7.92001341188456,2010
2010-04-20T12:00:00Z,7.868516688529004,2010
2010-04-21T12:00:00Z,7.958763244850278,2010
2010-04-22T12:00:00Z,7.776017572477562,2010
2010-04-23T12:00:00Z,7.553622202459908,2010
2010-04-24T12:00:00Z,7.336895211395624,2010
2010-04-25T12:00:00Z,7.178306308315737,2010
2010-04-26T12:00:00Z,11.080864758256833,2010
2010-04-27T12:00:00Z,11.399588555897369,2010
2010-04-28T12:00:00Z,11.210369837686901,2010
2010-04-29T12:00:00Z,10.994513605159947,2010
2010-04-30T12:00:00Z,10.910864740277363,2010
2010-05-01T12:00:00Z,10.770940672761663,2010
2010-05-02T12:00:00Z,10.550535120024737,2010
2010-05-03T12:00:00Z,10.316021723209003,2010
2010-05-04T12:00:00Z,10.018421774195557,2010
2010-05-05T12:00:00Z,9.7749867083685409,2010
2010-05-06T12:00:00Z,9.609772764976766,2010
2010-05-07T12:00:00Z,9.96317878676675,2010
2010-05-08T12:00:00Z,9.898421049760207,2010
2010-05-09T12:00:00Z,10.04448986219846,2010
2010-05-10T12:00:00Z,9.696069245812474,2010
2010-05-11T12:00:00Z,9.358170444876627,2010
2010-05-12T12:00:00Z,8.999277673312896,2010
2010-05-13T12:00:00Z,8.60416059640622,2010
2010-05-14T12:00:00Z,8.219543255076001,2010
2010-05-15T12:00:00Z,7.893222357903358,2010
2010-05-16T12:00:00Z,7.836895304077636,2010
2010-05-17T12:00:00Z,7.889253906854569,2010
2010-05-18T12:00:00Z,8.17964723929252,2010
2010-05-19T12:00:00Z,8.729934142547478,2010
2010-05-20T12:00:00Z,9.143026401725736,2010
2010-05-21T12:00:00Z,8.930490483137817,2010
2010-05-22T12:00:00Z,8.604665582245406,2010
2010-05-23T12:00:00Z,8.304907107598401,2010
2010-05-24T12:00:00Z,8.062235483460048,2010
2010-05-25T12:00:00Z,7.973508695792498,2010
2010-05-26T12:00:00Z,9.269243925860941,2010
2010-05-27T12:00:00Z,9.309423194747568,2010
2010-05-28T12:00:00Z,9.274154665502087,2010
2010-05-29T12:00:00Z,9.86755403938186,2010
2010-05-30T12:00:00Z,10.20688485776409,2010
2010-06-01T12:00:00Z,11.081039958299082,2011
2010-06-02T12:00:00Z,11.04107128666909,2011
2010-06-03T12:00:00Z,11.73997711212056,2011
2010-06-04T12:00:00Z,13.243812523631929,2011
2010-06-05T12:00:00Z,12.96216881365664,2011
2010-06-06T12:00:00Z,12.968729559564919,2011
2010-06-07T12:00:00Z,12.991945728668385,2011
2010-06-08T12:00:00Z,13.014375998459238,2011
2010-06-09T12:00:00Z,14.673373674958157,2011
2010-06-10T12:00:00Z,14.374670517718991,2011
2010-06-11T12:00:00Z,14.58001184378268,2011
2010-06-12T12:00:00Z,14.691692581326206,2011
2010-06-13T12:00:00Z,15.349488420035037,2011
2010-06-14T12:00:00Z,15.264083272663113,2011
2010-06-15T12:00:00Z,15.407266721140363,2011
2010-06-16T12:00:00Z,15.741227586437509,2011
2010-06-17T12:00:00Z,15.4084708146262,2011
2010-06-18T12:00:00Z,15.652163574937275,2011
2010-06-19T12:00:00Z,15.61753835170206,2011
2010-06-20T12:00:00Z,15.29582884002269,2011
2010-06-21T12:00:00Z,14.783992045755834,2011
2010-06-22T12:00:00Z,14.402343097209464,2011
2010-06-23T12:00:00Z,13.927115575629164,2011
2010-06-24T12:00:00Z,13.471734200639833,2011
2010-06-25T12:00:00Z,13.045529622767745,2011
2010-06-26T12:00:00Z,12.67417990329742,2011
2010-06-27T12:00:00Z,12.585887203070023,2011
2010-06-28T12:00:00Z,12.284933063825711,2011
2010-06-29T12:00:00Z,12.04271464948556,2011
2010-06-30T12:00:00Z,12.6210623699234,2011
2010-07-01T12:00:00Z,12.948105960045226,2011
2010-07-02T12:00:00Z,12.814301885823545,2011
2010-07-03T12:00:00Z,15.191595617701445,2011
2010-07-04T12:00:00Z,16.584172817419606,2011
2010-07-05T12:00:00Z,18.389356294866875,2011
2010-07-06T12:00:00Z,18.51439761640276,2011
2010-07-07T12:00:00Z,18.238941497071835,2011
2010-07-08T12:00:00Z,18.066132213203026,2011
2010-07-09T12:00:00Z,18.77963639705585,2011
2010-07-10T12:00:00Z,18.84604768618781,2011
2010-07-11T12:00:00Z,18.94269086607056,2011
2010-07-12T12:00:00Z,18.469618756203648,2011
2010-07-13T12:00:00Z,17.966378031152935,2011
2010-07-14T12:00:00Z,18.86103287219534,2011
2010-07-15T12:00:00Z,18.897358323918265,2011
2010-07-16T12:00:00Z,18.875313137724163,2011
2010-07-17T12:00:00Z,18.508792240892873,2011
2010-07-18T12:00:00Z,17.9531830358225,2011
2010-07-19T12:00:00Z,17.631589370726605,2011
2010-07-20T12:00:00Z,17.702297291968176,2011
2010-07-21T12:00:00Z,17.58406831511788,2011
2010-07-22T12:00:00Z,17.119013565574406,2011
2010-07-23T12:00:00Z,18.264724231186623,2011
2010-07-24T12:00:00Z,18.218306364888193,2011
2010-07-25T12:00:00Z,18.408743423357766,2011
2010-07-26T12:00:00Z,18.462169070411967,2011
2010-07-27T12:00:00Z,18.178584581058942,2011
2010-07-28T12:00:00Z,17.818799855975282,2011
2010-07-29T12:00:00Z,17.39758715957666,2011
2010-07-30T12:00:00Z,17.10979565153159,2011
2010-07-31T12:00:00Z,16.85233304483066,2011
2010-08-01T12:00:00Z,16.90692535162439,2011
2010-08-02T12:00:00Z,17.0340052275653,2011
2010-08-03T12:00:00Z,17.017906340714415,2011
2010-08-04T12:00:00Z,17.887908131181902,2011
2010-08-05T12:00:00Z,19.383286486246444,2011
2010-08-06T12:00:00Z,19.43335672796765,2011
2010-08-07T12:00:00Z,19.818924923461516,2011
2010-08-08T12:00:00Z,21.081744492871287,2011
2010-08-09T12:00:00Z,22.275796250136427,2011
2010-08-10T12:00:00Z,25.361784914074637,2011
2010-08-11T12:00:00Z,26.947377771121634,2011
2010-08-12T12:00:00Z,26.64563259728158,2011
2010-08-13T12:00:00Z,26.274561859111245,2011
2010-08-14T12:00:00Z,25.96776248049666,2011
2010-08-15T12:00:00Z,26.136955005718608,2011
2010-08-16T12:00:00Z,26.60655859196221,2011
2010-08-17T12:00:00Z,26.69024184247539,2011
2010-08-18T12:00:00Z,26.71708733089757,2011
2010-08-19T12:00:00Z,26.309707773444,2011
2010-08-20T12:00:00Z,26.19430644752697,2011
2010-08-21T12:00:00Z,26.117392140714475,2011
2010-08-22T12:00:00Z,26.79921407526784,2011
2010-08-23T12:00:00Z,26.573784292036127,2011
2010-08-24T12:00:00Z,26.306519282926658,2011
2010-08-25T12:00:00Z,25.957047127229576,2011
2010-08-26T12:00:00Z,26.753392933024482,2011
2010-08-27T12:00:00Z,26.655505213191063,2011
2010-08-28T12:00:00Z,26.155665740443723,2011
2010-08-29T12:00:00Z,26.049092060391747,2011
2010-08-30T12:00:00Z,26.49308804877241,2011
2010-08-31T12:00:00Z,27.286068406791575,2011
2010-09-01T12:00:00Z,27.03307422092449,2011
2010-09-02T12:00:00Z,26.61410070628541,2011
2010-09-03T12:00:00Z,26.60681492224496,2011
2010-09-04T12:00:00Z,26.523697554656504,2011
2010-09-05T12:00:00Z,26.26256915726694,2011
2010-09-06T12:00:00Z,26.736405171143087,2011
2010-09-07T12:00:00Z,27.76439767579724,2011
2010-09-08T12:00:00Z,28.247673858881697,2011
2010-09-09T12:00:00Z,28.069222440355322,2011
2010-09-10T12:00:00Z,28.27871698020838,2011
2010-09-11T12:00:00Z,28.477622230746487,2011
2010-09-12T12:00:00Z,28.599745945458782,2011
2010-09-13T12:00:00Z,28.46367850205574,2011
2010-09-14T12:00:00Z,28.3752647204684,2011
2010-09-15T12:00:00Z,28.411780725660332,2011
2010-09-16T12:00:00Z,29.915519688015003,2011
2010-09-17T12:00:00Z,30.601227163357787,2011
2010-09-18T12:00:00Z,30.016436243103954,2011
2010-09-19T12:00:00Z,29.32516910971437,2011
2010-09-20T12:00:00Z,28.667364310284203,2011
2010-09-21T12:00:00Z,28.005488536360215,2011
2010-09-22T12:00:00Z,27.39225881699834,2011
2010-09-23T12:00:00Z,27.223976935088693,2011
2010-09-24T12:00:00Z,28.444103781133162,2011
2010-09-25T12:00:00Z,28.479094373420917,2011
2010-09-26T12:00:00Z,28.140735903262623,2011
2010-09-27T12:00:00Z,27.674802038695272,2011
2010-09-28T12:00:00Z,27.402888921612508,2011
2010-09-29T12:00:00Z,31.908535410258025,2011
2010-09-30T12:00:00Z,32.93370195691429,2011
2010-10-01T12:00:00Z,32.453679076091085,2011
2010-10-02T12:00:00Z,31.849103644499,2011
2010-10-03T12:00:00Z,31.28849220042364,2011
2010-10-04T12:00:00Z,30.86657190369579,2011
2010-10-05T12:00:00Z,30.11094023641947,2011
2010-10-06T12:00:00Z,29.358417856588186,2011
2010-10-07T12:00:00Z,28.65049916864259,2011
2010-10-08T12:00:00Z,28.041869134183727,2011
2010-10-09T12:00:00Z,27.567741331647824,2011
2010-10-10T12:00:00Z,27.16667537091411,2011
2010-10-11T12:00:00Z,26.75558672913375,2011
2010-10-12T12:00:00Z,26.529703433459932,2011
2010-10-13T12:00:00Z,26.854209594932055,2011
2010-10-14T12:00:00Z,27.111659577357546,2011
2010-10-15T12:00:00Z,27.00950863919459,2011
2010-10-16T12:00:00Z,26.502024494212243,2011
2010-10-17T12:00:00Z,25.950920086392692,2011
2010-10-18T12:00:00Z,25.53399903309567,2011
2010-10-19T12:00:00Z,25.155512355800706,2011
2010-10-20T12:00:00Z,24.88962869513397,2011
2010-10-21T12:00:00Z,24.722791805883812,2011
2010-10-22T12:00:00Z,24.36057401399304,2011
2010-10-23T12:00:00Z,23.94821553239626,2011
2010-10-24T12:00:00Z,23.646388965769216,2011
2010-10-25T12:00:00Z,23.29384308155557,2011
2010-10-26T12:00:00Z,22.97220565504472,2011
2010-10-27T12:00:00Z,22.70848366567367,2011
2010-10-28T12:00:00Z,22.426335571982136,2011
2010-10-29T12:00:00Z,22.175864286497454,2011
2010-10-30T12:00:00Z,22.220442444056886,2011
2010-10-31T12:00:00Z,21.972056783401534,2011
2010-11-01T12:00:00Z,22.739060109696123,2011
2010-11-02T12:00:00Z,23.47525082573251,2011
2010-11-03T12:00:00Z,23.41976193228151,2011
2010-11-04T12:00:00Z,24.63004291676401,2011
2010-11-05T12:00:00Z,24.485089566681925,2011
2010-11-06T12:00:00Z,23.9584917725125,2011
2010-11-07T12:00:00Z,23.483431483762857,2011
2010-11-08T12:00:00Z,23.116730981895902,2011
2010-11-09T12:00:00Z,22.741619144620906,2011
2010-11-10T12:00:00Z,22.300014290870344,2011
2010-11-11T12:00:00Z,21.898657177664507,2011
2010-11-12T12:00:00Z,21.527839089934435,2011
2010-11-13T12:00:00Z,21.136382914757053,2011
2010-11-14T12:00:00Z,20.739958640013572,2011
2010-11-15T12:00:00Z,20.426649844914998,2011
2010-11-16T12:00:00Z,19.99537565180417,2011
2010-11-17T12:00:00Z,19.68859590461275,2011
2010-11-18T12:00:00Z,19.405512523511014,2011
2010-11-19T12:00:00Z,19.272893347142375,2011
2010-11-20T12:00:00Z,18.901597800918005,2011
2010-11-21T12:00:00Z,18.582465459574216,2011
2010-11-22T12:00:00Z,18.270233776193407,2011
2010-11-23T12:00:00Z,17.943599792302063,2011
2010-11-24T12:00:00Z,17.594974627527503,2011
2010-11-25T12:00:00Z,17.27386471667089,2011
2010-11-26T12:00:00Z,16.994781152041487,2011
2010-11-27T12:00:00Z,16.77782442799161,2011
2010-11-28T12:00:00Z,16.4629911791712,2011
2010-11-29T12:00:00Z,16.294267155146855,2011
2010-11-30T12:00:00Z,16.03821572192619,2011
2010-12-01T12:00:00Z,15.625337742807583,2011
2010-12-02T12:00:00Z,15.046934298833834,2011
2010-12-03T12:00:00Z,14.621305140015194,2011
2010-12-04T12:00:00Z,14.311500850970784,2011
2010-12-05T12:00:00Z,14.041912201172458,2011
2010-12-06T12:00:00Z,13.691965854004478,2011
2010-12-07T12:00:00Z,13.298011303485083,2011
2010-12-08T12:00:00Z,12.971903065188508,2011
2010-12-09T12:00:00Z,12.731447322046371,2011
2010-12-10T12:00:00Z,12.564165551170897,2011
2010-12-11T12:00:00Z,12.343025395855031,2011
2010-12-12T12:00:00Z,12.161590124784908,2011
2010-12-13T12:00:00Z,11.816345469074198,2011
2010-12-14T12:00:00Z,11.389592596716325,2011
2010-12-15T12:00:00Z,11.135052570370807,2011
2010-12-16T12:00:00Z,10.958939346458022,2011
2010-12-17T12:00:00Z,10.788906501953095,2011
2010-12-18T12:00:00Z,10.790450770208698,2011
2010-12-19T12:00:00Z,11.343373523840825,2011
2010-12-20T12:00:00Z,11.06909848006185,2011
2010-12-21T12:00:00Z,10.87268574748637,2011
2010-12-22T12:00:00Z,10.65771836248481,2011
2010-12-23T12:00:00Z,10.452889964979846,2011
2010-12-24T12:00:00Z,10.130021189639196,2011
2010-12-25T12:00:00Z,9.918635898291422,2011
2010-12-26T12:00:00Z,10.169482643477597,2011
2010-12-27T12:00:00Z,9.925871547218868,2011
2010-12-28T12:00:00Z,9.628420963191612,2011
2010-12-29T12:00:00Z,9.398794480014764,2011
2010-12-30T12:00:00Z,9.21449349984366,2011
2010-12-31T12:00:00Z,9.004876004265991,2011
2011-01-01T12:00:00Z,8.78392557266235,2011
2011-01-02T12:00:00Z,8.595562225337943,2011
2011-01-03T12:00:00Z,8.416533892330998,2011
2011-01-04T12:00:00Z,8.274358946873088,2011
2011-01-05T12:00:00Z,8.10092384401603,2011
2011-01-06T12:00:00Z,7.9310921702340575,2011
2011-01-07T12:00:00Z,7.8081180630538185,2011
2011-01-08T12:00:00Z,7.566890461437849,2011
2011-01-09T12:00:00Z,7.335734418355636,2011
2011-01-10T12:00:00Z,7.131711017828613,2011
2011-01-11T12:00:00Z,6.956823436241601,2011
2011-01-12T12:00:00Z,6.721980321118344,2011
2011-01-13T12:00:00Z,6.417668337826631,2011
2011-01-14T12:00:00Z,6.18286955263192,2011
2011-01-15T12:00:00Z,6.032652985786948,2011
2011-01-16T12:00:00Z,5.874210658468066,2011
2011-01-17T12:00:00Z,6.499906413319879,2011
2011-01-18T12:00:00Z,8.646791212927699,2011
2011-01-19T12:00:00Z,8.762041702525039,2011
2011-01-20T12:00:00Z,8.65862495125099,2011
2011-01-21T12:00:00Z,8.588410392082519,2011
2011-01-22T12:00:00Z,8.452743631700578,2011
2011-01-23T12:00:00Z,8.17106674297783,2011
2011-01-24T12:00:00Z,7.93663646917969,2011
2011-01-25T12:00:00Z,7.770694060464564,2011
2011-01-26T12:00:00Z,8.565141470518682,2011
2011-01-27T12:00:00Z,8.413817172804729,2011
2011-01-28T12:00:00Z,8.152215041317973,2011
2011-01-29T12:00:00Z,7.901812524409065,2011
2011-01-30T12:00:00Z,7.700905076740537,2011
2011-01-31T12:00:00Z,7.521865228025733,2011
2011-02-01T12:00:00Z,7.319252936730305,2011
2011-02-02T12:00:00Z,7.144106011657477,2011
2011-02-03T12:00:00Z,6.961382990294701,2011
2011-02-04T12:00:00Z,6.7983959789272035,2011
2011-02-05T12:00:00Z,6.593547312986839,2011
2011-02-06T12:00:00Z,6.395700649293933,2011
2011-02-07T12:00:00Z,6.187627755813337,2011
2011-02-08T12:00:00Z,5.920593468589484,2011
2011-02-09T12:00:00Z,5.663754236820746,2011
2011-02-10T12:00:00Z,5.501984489034135,2011
2011-02-11T12:00:00Z,5.332752668589032,2011
2011-02-12T12:00:00Z,5.22191994746565,2011
2011-02-13T12:00:00Z,5.0594110873081775,2011
2011-02-14T12:00:00Z,4.868596955196865,2011
2011-02-15T12:00:00Z,4.6217881040872015,2011
2011-02-16T12:00:00Z,4.43407421376516,2011
2011-02-17T12:00:00Z,4.262381873643947,2011
2011-02-18T12:00:00Z,4.063206307244114,2011
2011-02-19T12:00:00Z,3.8800086127329587,2011
2011-02-20T12:00:00Z,3.6791755639023926,2011
2011-02-21T12:00:00Z,3.522069019666644,2011
2011-02-22T12:00:00Z,3.3322963728201844,2011
2011-02-23T12:00:00Z,3.1616373081953353,2011
2011-02-24T12:00:00Z,2.9785351489012903,2011
2011-02-25T12:00:00Z,2.8123941288055097,2011
2011-02-26T12:00:00Z,2.6075248839105614,2011
2011-02-27T12:00:00Z,2.4257744282046216,2011
2011-02-28T12:00:00Z,2.2546000524319116,2011
2011-03-01T12:00:00Z,2.104910558187763,2011
2011-03-02T12:00:00Z,2.2828332749683407,2011
2011-03-03T12:00:00Z,2.060392439406252,2011
2011-03-04T12:00:00Z,1.8509023240684412,2011
2011-03-05T12:00:00Z,1.6653182039327417,2011
2011-03-06T12:00:00Z,1.564738523633193,2011
2011-03-07T12:00:00Z,1.5058278913304106,2011
2011-03-08T12:00:00Z,1.3758268340677753,2011
2011-03-09T12:00:00Z,1.2400547988880626,2011
2011-03-10T12:00:00Z,1.216770453866385,2011
2011-03-11T12:00:00Z,1.2165285624030988,2011
2011-03-12T12:00:00Z,1.0366408329519072,2011
2011-03-13T12:00:00Z,0.8943542984306053,2011
2011-03-14T12:00:00Z,0.7870143696096571,2011
2011-03-15T12:00:00Z,0.6995412935355968,2011
2011-03-16T12:00:00Z,0.6458168838271665,2011
2011-03-17T12:00:00Z,0.5796822696544748,2011
2011-03-18T12:00:00Z,0.5228738948250378,2011
2011-03-19T12:00:00Z,0.4526301079760803,2011
2011-03-20T12:00:00Z,0.4121094550138356,2011
2011-03-21T12:00:00Z,0.357896816742175,2011
2011-03-22T12:00:00Z,0.31372080926913826,2011
2011-03-23T12:00:00Z,0.29221619157436196,2011
2011-03-24T12:00:00Z,0.2932821312508784,2011
2011-03-25T12:00:00Z,0.2845435240593293,2011
2011-03-26T12:00:00Z,0.24792578880630442,2011
2011-03-27T12:00:00Z,0.2262506794042148,2011
2011-03-28T12:00:00Z,0.21326351676001254,2011
2011-03-29T12:00:00Z,0.3941942061780132,2011
2011-03-30T12:00:00Z,0.5655652704977966,2011
2011-03-31T12:00:00Z,0.5380266787314625,2011
2011-04-01T12:00:00Z,0.6337014325802287,2011
2011-04-02T12:00:00Z,0.5942318030044684,2011
2011-04-03T12:00:00Z,0.48183227050958255,2011
2011-04-04T12:00:00Z,0.39001293275778953,2011
2011-04-05T12:00:00Z,0.35641504153682246,2011
2011-04-06T12:00:00Z,0.3936849731889925,2011
2011-04-07T12:00:00Z,0.3276930167322411,2011
2011-04-08T12:00:00Z,0.28684649243294086,2011
2011-04-09T12:00:00Z,0.2357956831649048,2011
2011-04-10T12:00:00Z,0.20649708832863145,2011
2011-04-11T12:00:00Z,0.1762866155174173,2011
2011-04-12T12:00:00Z,0.1662023121416277,2011
2011-04-13T12:00:00Z,0.17071653451555271,2011
2011-04-14T12:00:00Z,0.1625797094257291,2011
2011-04-15T12:00:00Z,0.15399859817908396,2011
2011-04-16T12:00:00Z,0.24019756363257838,2011
2011-04-17T12:00:00Z,0.22963015974793916,2011
2011-04-18T12:00:00Z,0.22309096168934658,2011
2011-04-19T12:00:00Z,0.39910949922798894,2011
2011-04-20T12:00:00Z,0.356619052552453,2011
2011-04-21T12:00:00Z,0.29301541401228404,2011
2011-04-22T12:00:00Z,0.22629837236722,2011
2011-04-23T12:00:00Z,0.17279789980781884,2011
2011-04-24T12:00:00Z,0.151466448697007,2011
2011-04-25T12:00:00Z,0.14342747446839185,2011
2011-04-26T12:00:00Z,0.14290945919907408,2011
2011-04-27T12:00:00Z,0.16447998469770245,2011
2011-04-28T12:00:00Z,0.15965142431034982,2011
2011-04-29T12:00:00Z,0.15149257745845546,2011
2011-04-30T12:00:00Z,0.14641295046811006,2011
2011-05-01T12:00:00Z,0.1288400129753509,2011
2011-05-02T12:00:00Z,0.10986099338905117,2011
2011-05-03T12:00:00Z,0.09796114972009014,2011
2011-05-04T12:00:00Z,0.090504302193906,2011
2011-05-05T12:00:00Z,0.08790645730133505,2011
2011-05-06T12:00:00Z,0.08857444731425586,2011
2011-05-07T12:00:00Z,0.15204019172885158,2011
2011-05-08T12:00:00Z,0.24639787237277577,2011
2011-05-09T12:00:00Z,0.22621170221650053,2011
2011-05-10T12:00:00Z,0.20767374924884838,2011
2011-05-11T12:00:00Z,0.19355817401560935,2011
2011-05-12T12:00:00Z,0.20321715240030166,2011
2011-05-13T12:00:00Z,0.2411815456265217,2011
2011-05-14T12:00:00Z,0.2519996150700516,2011
2011-05-15T12:00:00Z,0.3399134460438944,2011
2011-05-16T12:00:00Z,0.36870747365633955,2011
2011-05-17T12:00:00Z,0.37086464651476275,2011
2011-05-18T12:00:00Z,0.36988170046238894,2011
2011-05-19T12:00:00Z,0.37038532489660786,2011
2011-05-20T12:00:00Z,0.5069499171912729,2011
2011-05-21T12:00:00Z,0.48672463424525697,2011
2011-05-22T12:00:00Z,0.4431499848753418,2011
2011-05-23T12:00:00Z,0.38581696693857553,2011
2011-05-24T12:00:00Z,0.30803713025589063,2011
2011-05-25T12:00:00Z,0.24316451509832518,2011
2011-05-26T12:00:00Z,0.2250616887057096,2011
2011-05-27T12:00:00Z,0.25118687489123814,2011
2011-05-28T12:00:00Z,0.32500693619426385,2011
2011-05-29T12:00:00Z,0.5521756751647074,2011
2011-05-30T12:00:00Z,0.5566943009733336,2011
2011-06-01T12:00:00Z,0.4457188043491614,2012
2011-06-02T12:00:00Z,0.3782562342493354,2012
2011-06-03T12:00:00Z,0.29595539014089584,2012
2011-06-04T12:00:00Z,0.24139185880003433,2012
2011-06-05T12:00:00Z,0.20750057281639853,2012
2011-06-06T12:00:00Z,0.20008814371064174,2012
2011-06-07T12:00:00Z,0.2129964482305566,2012
2011-06-08T12:00:00Z,0.1925597623326286,2012
2011-06-09T12:00:00Z,0.15944859745686948,2012
2011-06-10T12:00:00Z,0.14504293764956902,2012
2011-06-11T12:00:00Z,0.1444077993116463,2012
2011-06-12T12:00:00Z,0.1778896610837258,2012
2011-06-13T12:00:00Z,0.2258471799994309,2012
2011-06-14T12:00:00Z,0.2235311927571236,2012
2011-06-15T12:00:00Z,0.22356229295459715,2012
2011-06-16T12:00:00Z,0.22398230508772562,2012
2011-06-17T12:00:00Z,0.2145436824944297,2012
2011-06-18T12:00:00Z,0.2120764283545454,2012
2011-06-19T12:00:00Z,0.21571302439627055,2012
2011-06-20T12:00:00Z,0.24263081422748808,2012
2011-06-21T12:00:00Z,0.2608680191399652,2012
2011-06-22T12:00:00Z,0.25933616743382,2012
2011-06-23T12:00:00Z,0.2544981225697464,2012
2011-06-24T12:00:00Z,0.2641282714429028,2012
2011-06-25T12:00:00Z,0.4444395017320332,2012
2011-06-26T12:00:00Z,0.6341808655936851,2012
2011-06-27T12:00:00Z,0.7468943533362651,2012
2011-06-28T12:00:00Z,0.9992239053712303,2012
2011-06-29T12:00:00Z,1.3467618322979575,2012
2011-06-30T12:00:00Z,1.8661316884603136,2012
2011-07-01T12:00:00Z,2.479215992830993,2012
2011-07-02T12:00:00Z,3.1851204683276277,2012
2011-07-03T12:00:00Z,4.093862325822922,2012
2011-07-04T12:00:00Z,4.300351236945969,2012
2011-07-05T12:00:00Z,4.118084416709964,2012
2011-07-06T12:00:00Z,4.259984315118873,2012
2011-07-07T12:00:00Z,6.301512664731639,2012
2011-07-08T12:00:00Z,6.976396443561288,2012
2011-07-09T12:00:00Z,6.86078308178267,2012
2011-07-10T12:00:00Z,6.981357209000602,2012
2011-07-11T12:00:00Z,6.881207035746093,2012
2011-07-12T12:00:00Z,7.097978433572581,2012
2011-07-13T12:00:00Z,7.340508458231385,2012
2011-07-14T12:00:00Z,7.413926350784348,2012
2011-07-15T12:00:00Z,7.834911661715513,2012
2011-07-16T12:00:00Z,7.8454604089260105,2012
2011-07-17T12:00:00Z,8.579875970032727,2012
2011-07-18T12:00:00Z,9.165763711882619,2012
2011-07-19T12:00:00Z,9.235610123304149,2012
2011-07-20T12:00:00Z,9.133720222929899,2012
2011-07-21T12:00:00Z,9.070966182504648,2012
2011-07-22T12:00:00Z,9.408293499243715,2012
2011-07-23T12:00:00Z,9.562824630316978,2012
2011-07-24T12:00:00Z,9.121459987394724,2012
2011-07-25T12:00:00Z,8.61305713156178,2012
2011-07-26T12:00:00Z,8.24865974746535,2012
2011-07-27T12:00:00Z,8.029950670496607,2012
2011-07-28T12:00:00Z,7.650263292175316,2012
2011-07-29T12:00:00Z,7.182297470765763,2012
2011-07-30T12:00:00Z,6.725845170021057,2012
2011-07-31T12:00:00Z,6.296289540656517,2012
2011-08-01T12:00:00Z,6.037139270821701,2012
2011-08-02T12:00:00Z,6.419275881430311,2012
2011-08-03T12:00:00Z,6.781707481031437,2012
2011-08-04T12:00:00Z,6.985414237490364,2012
2011-08-05T12:00:00Z,6.9100205334229985,2012
2011-08-06T12:00:00Z,6.612413357088778,2012
2011-08-07T12:00:00Z,6.89216019354768,2012
2011-08-08T12:00:00Z,7.319801609815043,2012
2011-08-09T12:00:00Z,7.437274438825807,2012
2011-08-10T12:00:00Z,7.913009778035843,2012
2011-08-11T12:00:00Z,8.119840773744517,2012
2011-08-12T12:00:00Z,8.78313084579238,2012
2011-08-13T12:00:00Z,8.994091777469922,2012
2011-08-14T12:00:00Z,9.821514051656415,2012
2011-08-15T12:00:00Z,9.803079390911117,2012
2011-08-16T12:00:00Z,10.611639883632641,2012
2011-08-17T12:00:00Z,10.39447422029923,2012
2011-08-18T12:00:00Z,10.601615264063133,2012
2011-08-19T12:00:00Z,11.134609005873864,2012
2011-08-20T12:00:00Z,11.358464899399372,2012
2011-08-21T12:00:00Z,11.029111603448253,2012
2011-08-22T12:00:00Z,10.682219325503686,2012
2011-08-23T12:00:00Z,10.924256383240165,2012
2011-08-24T12:00:00Z,11.397239330956799,2012
2011-08-25T12:00:00Z,11.161016705991239,2012
2011-08-26T12:00:00Z,10.809968192640412,2012
2011-08-27T12:00:00Z,10.472299419794448,2012
2011-08-28T12:00:00Z,10.195082479359238,2012
2011-08-29T12:00:00Z,10.146074159885597,2012
2011-08-30T12:00:00Z,10.666013862103604,2012
2011-08-31T12:00:00Z,12.117244728958921,2012
2011-09-01T12:00:00Z,13.206765831042224,2012
2011-09-02T12:00:00Z,13.72571464598354,2012
2011-09-03T12:00:00Z,14.126006150175613,2012
2011-09-04T12:00:00Z,14.934800684533787,2012
2011-09-05T12:00:00Z,14.612514161689974,2012
2011-09-06T12:00:00Z,14.207746325930932,2012
2011-09-07T12:00:00Z,13.985532235819026,2012
2011-09-08T12:00:00Z,13.916148395939976,2012
2011-09-09T12:00:00Z,13.656476722127893,2012
2011-09-10T12:00:00Z,13.905022414657674,2012
2011-09-11T12:00:00Z,13.940311216373985,2012
2011-09-12T12:00:00Z,14.067995602447068,2012
2011-09-13T12:00:00Z,14.38733234300436,2012
2011-09-14T12:00:00Z,15.357364988420432,2012
2011-09-15T12:00:00Z,14.863429827344522,2012
2011-09-16T12:00:00Z,14.36703350245077,2012
2011-09-17T12:00:00Z,13.938569483105512,2012
2011-09-18T12:00:00Z,13.61586815665798,2012
2011-09-19T12:00:00Z,13.343819209714361,2012
2011-09-20T12:00:00Z,13.046678513644608,2012
2011-09-21T12:00:00Z,12.697697739327923,2012
2011-09-22T12:00:00Z,13.486437459790626,2012
2011-09-23T12:00:00Z,13.67494382267484,2012
2011-09-24T12:00:00Z,14.329351646192627,2012
2011-09-25T12:00:00Z,15.037518106945347,2012
2011-09-26T12:00:00Z,18.510570406376672,2012
2011-09-27T12:00:00Z,18.808084639139203,2012
2011-09-28T12:00:00Z,18.950574962399266,2012
2011-09-29T12:00:00Z,18.55992474028226,2012
2011-09-30T12:00:00Z,18.266246785846675,2012
2011-10-01T12:00:00Z,17.723947361097046,2012
2011-10-02T12:00:00Z,17.047051112588775,2012
2011-10-03T12:00:00Z,16.50828461815164,2012
2011-10-04T12:00:00Z,15.931285981169877,2012
2011-10-05T12:00:00Z,15.297757771666673,2012
2011-10-06T12:00:00Z,14.78161642343594,2012
2011-10-07T12:00:00Z,14.299858990939194,2012
2011-10-08T12:00:00Z,14.413531012376305,2012
2011-10-09T12:00:00Z,16.45745081611992,2012
2011-10-10T12:00:00Z,16.376952336280517,2012
2011-10-11T12:00:00Z,16.152963391620663,2012
2011-10-12T12:00:00Z,15.81640895578233,2012
2011-10-13T12:00:00Z,15.642029171569106,2012
2011-10-14T12:00:00Z,15.41166966491535,2012
2011-10-15T12:00:00Z,15.174595120791475,2012
2011-10-16T12:00:00Z,15.601875278368286,2012
2011-10-17T12:00:00Z,20.123423735798866,2012
2011-10-18T12:00:00Z,21.443127453175393,2012
2011-10-19T12:00:00Z,25.019449226442912,2012
2011-10-20T12:00:00Z,24.96793197534694,2012
2011-10-21T12:00:00Z,24.399664663918223,2012
2011-10-22T12:00:00Z,23.79569064382241,2012
2011-10-23T12:00:00Z,23.273494052886964,2012
2011-10-24T12:00:00Z,22.83470543255185,2012
2011-10-25T12:00:00Z,22.92670141999098,2012
2011-10-26T12:00:00Z,22.501433045763694,2012
2011-10-27T12:00:00Z,22.086560265207616,2012
2011-10-28T12:00:00Z,21.88469682683207,2012
2011-10-29T12:00:00Z,22.730903834250483,2012
2011-10-30T12:00:00Z,24.48239956490557,2012
2011-10-31T12:00:00Z,24.859620352193026,2012
2011-11-01T12:00:00Z,25.594869735635577,2012
2011-11-02T12:00:00Z,25.3793409929453,2012
2011-11-03T12:00:00Z,24.938941098940827,2012
2011-11-04T12:00:00Z,24.672920794678483,2012
2011-11-05T12:00:00Z,24.301742206147555,2012
2011-11-06T12:00:00Z,24.092121336065475,2012
2011-11-07T12:00:00Z,23.90042549361211,2012
2011-11-08T12:00:00Z,23.701095623881297,2012
2011-11-09T12:00:00Z,23.60693265254537,2012
2011-11-10T12:00:00Z,23.469510581631152,2012
2011-11-11T12:00:00Z,23.326627065245713,2012
2011-11-12T12:00:00Z,23.07452801453145,2012
2011-11-13T12:00:00Z,22.89349462093966,2012
2011-11-14T12:00:00Z,22.915038100185637,2012
2011-11-15T12:00:00Z,22.845599886252526,2012
2011-11-16T12:00:00Z,22.771944783740366,2012
2011-11-17T12:00:00Z,22.830773821306742,2012
2011-11-18T12:00:00Z,23.15931829362378,2012
2011-11-19T12:00:00Z,24.802156036817827,2012
2011-11-20T12:00:00Z,24.64781455451898,2012
2011-11-21T12:00:00Z,24.67858015601245,2012
2011-11-22T12:00:00Z,24.502014864273335,2012
2011-11-23T12:00:00Z,24.37421950705488,2012
2011-11-24T12:00:00Z,24.21930145596197,2012
2011-11-25T12:00:00Z,23.931802929113243,2012
2011-11-26T12:00:00Z,23.68213213497114,2012
2011-11-27T12:00:00Z,23.456872219401873,2012
2011-11-28T12:00:00Z,23.264270322866935,2012
2011-11-29T12:00:00Z,23.197161667424012,2012
2011-11-30T12:00:00Z,22.999293682425776,2012
2011-12-01T12:00:00Z,22.822799508952254,2012
2011-12-02T12:00:00Z,22.634285960118053,2012
2011-12-03T12:00:00Z,22.43099701542345,2012
2011-12-04T12:00:00Z,22.28291074259391,2012
2011-12-05T12:00:00Z,22.260629647018625,2012
2011-12-06T12:00:00Z,22.152137707344583,2012
2011-12-07T12:00:00Z,22.07536451571952,2012
2011-12-08T12:00:00Z,21.937129026447057,2012
2011-12-09T12:00:00Z,21.838989992992886,2012
2011-12-10T12:00:00Z,22.153696757665926,2012
2011-12-11T12:00:00Z,22.118271840757068,2012
2011-12-12T12:00:00Z,22.069824124293277,2012
2011-12-13T12:00:00Z,22.029913031482792,2012
2011-12-14T12:00:00Z,21.879315699092555,2012
2011-12-15T12:00:00Z,21.432095860524228,2012
2011-12-16T12:00:00Z,21.1807903952539,2012
2011-12-17T12:00:00Z,21.006201927702467,2012
2011-12-18T12:00:00Z,20.82493377494882,2012
2011-12-19T12:00:00Z,20.511071888543484,2012
2011-12-20T12:00:00Z,20.247483939075448,2012
2011-12-21T12:00:00Z,20.019961349112982,2012
2011-12-22T12:00:00Z,19.548067658134062,2012
2011-12-23T12:00:00Z,19.10185056409336,2012
2011-12-24T12:00:00Z,18.925265008900006,2012
2011-12-25T12:00:00Z,18.65606206581945,2012
2011-12-26T12:00:00Z,18.396677820024014,2012
2011-12-27T12:00:00Z,18.103509275476565,2012
2011-12-28T12:00:00Z,17.715310468017528,2012
2011-12-29T12:00:00Z,17.330069107006977,2012
2011-12-30T12:00:00Z,17.04903064489248,2012
2011-12-31T12:00:00Z,16.800973269633445,2012
2012-01-01T12:00:00Z,16.4869983547348,2012
2012-01-02T12:00:00Z,16.260037210720878,2012
2012-01-03T12:00:00Z,15.867247878390124,2012
2012-01-04T12:00:00Z,15.50926006575873,2012
2012-01-05T12:00:00Z,15.165830048737751,2012
2012-01-06T12:00:00Z,14.848494239949806,2012
2012-01-07T12:00:00Z,14.581475795827346,2012
2012-01-08T12:00:00Z,14.328089471802071,2012
2012-01-09T12:00:00Z,14.099508903784919,2012
2012-01-10T12:00:00Z,13.872199085019128,2012
2012-01-11T12:00:00Z,13.653374091441671,2012
2012-01-12T12:00:00Z,13.534918735274838,2012
2012-01-13T12:00:00Z,13.419134614753093,2012
2012-01-14T12:00:00Z,13.097926469776237,2012
2012-01-15T12:00:00Z,12.70490064562593,2012
2012-01-16T12:00:00Z,12.44284396938082,2012
2012-01-17T12:00:00Z,12.20742914094047,2012
2012-01-18T12:00:00Z,11.985850761943187,2012
2012-01-19T12:00:00Z,11.770641587016398,2012
2012-01-20T12:00:00Z,11.506375013322485,2012
2012-01-21T12:00:00Z,11.295938274138821,2012
2012-01-22T12:00:00Z,11.11923972308694,2012
2012-01-23T12:00:00Z,10.923411548744802,2012
2012-01-24T12:00:00Z,10.708549324533266,2012
2012-01-25T12:00:00Z,10.438805048752952,2012
2012-01-26T12:00:00Z,10.22186933239807,2012
2012-01-27T12:00:00Z,10.08312043340386,2012
2012-01-28T12:00:00Z,9.860644242546934,2012
2012-01-29T12:00:00Z,9.641230598316838,2012
2012-01-30T12:00:00Z,9.370257786701522,2012
2012-01-31T12:00:00Z,9.054023405544672,2012
2012-02-01T12:00:00Z,8.811922576892155,2012
2012-02-02T12:00:00Z,8.584104592928865,2012
2012-02-03T12:00:00Z,8.353425285532472,2012
2012-02-04T12:00:00Z,8.12477886140872,2012
2012-02-05T12:00:00Z,7.958518587147688,2012
2012-02-06T12:00:00Z,8.253285326016929,2012
2012-02-07T12:00:00Z,8.657660399489725,2012
2012-02-08T12:00:00Z,8.940934105986596,2012
2012-02-09T12:00:00Z,8.842232622578376,2012
2012-02-10T12:00:00Z,8.832045496595944,2012
2012-02-11T12:00:00Z,9.57575738068951,2012
2012-02-12T12:00:00Z,9.339899753061845,2012
2012-02-13T12:00:00Z,9.01984374045625,2012
2012-02-14T12:00:00Z,8.790781567204128,2012
2012-02-15T12:00:00Z,8.581502785219152,2012
2012-02-16T12:00:00Z,8.347663730893734,2012
2012-02-17T12:00:00Z,8.14546367096971,2012
2012-02-18T12:00:00Z,7.949166915267268,2012
2012-02-19T12:00:00Z,7.71410263560778,2012
2012-02-20T12:00:00Z,7.477985086625517,2012
2012-02-21T12:00:00Z,7.181748679160605,2012
2012-02-22T12:00:00Z,6.920764483941991,2012
2012-02-23T12:00:00Z,6.715852845660853,2012
2012-02-24T12:00:00Z,6.491821103400745,2012
2012-02-25T12:00:00Z,6.250460277213173,2012
2012-02-26T12:00:00Z,6.3076348418411845,2012
2012-02-27T12:00:00Z,6.098302509998365,2012
2012-02-28T12:00:00Z,5.8659336237202195,2012
2012-02-29T12:00:00Z,5.61498898533369,2012
2012-03-01T12:00:00Z,5.349821050697162,2012
2012-03-02T12:00:00Z,5.1382423744437515,2012
2012-03-03T12:00:00Z,4.891413221063857,2012
2012-03-04T12:00:00Z,4.7456775015017545,2012
2012-03-05T12:00:00Z,4.4798525942994845,2012
2012-03-06T12:00:00Z,4.151414615826556,2012
2012-03-07T12:00:00Z,3.8818260661418478,2012
2012-03-08T12:00:00Z,3.7804898828530757,2012
2012-03-09T12:00:00Z,3.6985084052534227,2012
2012-03-10T12:00:00Z,3.5566667953329154,2012
2012-03-11T12:00:00Z,3.3751083658561183,2012
2012-03-12T12:00:00Z,3.212976198292444,2012
2012-03-13T12:00:00Z,3.0105276387597155,2012
2012-03-14T12:00:00Z,2.8377141102053858,2012
2012-03-15T12:00:00Z,2.7579906264551703,2012
2012-03-16T12:00:00Z,2.9399038168697467,2012
2012-03-17T12:00:00Z,3.0479301700687778,2012
2012-03-18T12:00:00Z,2.8806048120854535,2012
2012-03-19T12:00:00Z,2.7340271921571158,2012
2012-03-20T12:00:00Z,2.5377470807014553,2012
2012-03-21T12:00:00Z,2.407000668689857,2012
2012-03-22T12:00:00Z,2.2915672813293164,2012
2012-03-23T12:00:00Z,2.136811680159186,2012
2012-03-24T12:00:00Z,2.052134558000948,2012
2012-03-25T12:00:00Z,1.965613857947881,2012
2012-03-26T12:00:00Z,1.8808778649183258,2012
2012-03-27T12:00:00Z,1.7426394554707025,2012
2012-03-28T12:00:00Z,1.5380816542611884,2012
2012-03-29T12:00:00Z,1.4014577180935284,2012
2012-03-30T12:00:00Z,1.3257570121944477,2012
2012-03-31T12:00:00Z,1.303239337202384,2012
2012-04-01T12:00:00Z,1.3209990291415654,2012
2012-04-02T12:00:00Z,1.2448467947652129,2012
2012-04-03T12:00:00Z,1.1477360745076453,2012
2012-04-04T12:00:00Z,1.0509067389687174,2012
2012-04-05T12:00:00Z,1.1677095720513444,2012
2012-04-06T12:00:00Z,1.1504812806290114,2012
2012-04-07T12:00:00Z,1.0945487488787273,2012
2012-04-08T12:00:00Z,0.9850615706079503,2012
2012-04-09T12:00:00Z,0.8548707644164154,2012
2012-04-10T12:00:00Z,0.7669938086762834,2012
2012-04-11T12:00:00Z,0.7055999384337378,2012
2012-04-12T12:00:00Z,0.6601457003865255,2012
2012-04-13T12:00:00Z,0.6166027252867919,2012
2012-04-14T12:00:00Z,0.6739495867613364,2012
2012-04-15T12:00:00Z,0.538831879669959,2012
2012-04-16T12:00:00Z,0.4326084760213809,2012
2012-04-17T12:00:00Z,0.37205545136907536,2012
2012-04-18T12:00:00Z,0.3286750739690255,2012
2012-04-19T12:00:00Z,0.3682925513862513,2012
2012-04-20T12:00:00Z,0.5929729630792994,2012
2012-04-21T12:00:00Z,3.1898135590214687,2012
2012-04-22T12:00:00Z,3.6484915256500243,2012
2012-04-23T12:00:00Z,3.633781070346113,2012
2012-04-24T12:00:00Z,3.4057335163190245,2012
2012-04-25T12:00:00Z,3.0796865748553506,2012
2012-04-26T12:00:00Z,2.790359191516237,2012
2012-04-27T12:00:00Z,2.4929781354255938,2012
2012-04-28T12:00:00Z,2.92278705474854,2012
2012-04-29T12:00:00Z,5.460857273502518,2012
2012-04-30T12:00:00Z,6.564950533595071,2012
2012-05-01T12:00:00Z,7.697490179316888,2012
2012-05-02T12:00:00Z,7.592687435738604,2012
2012-05-03T12:00:00Z,7.273777476043589,2012
2012-05-04T12:00:00Z,6.900011673987087,2012
2012-05-05T12:00:00Z,6.507189345581641,2012
2012-05-06T12:00:00Z,6.165093669876179,2012
2012-05-07T12:00:00Z,5.831244543191852,2012
2012-05-08T12:00:00Z,5.848332473381726,2012
2012-05-09T12:00:00Z,6.268568558522467,2012
2012-05-10T12:00:00Z,6.1097207238928695,2012
2012-05-11T12:00:00Z,5.790827055554199,2012
2012-05-12T12:00:00Z,5.562503914840074,2012
2012-05-13T12:00:00Z,5.16948926859808,2012
2012-05-14T12:00:00Z,4.925145209816364,2012
2012-05-15T12:00:00Z,5.530774411643754,2012
2012-05-16T12:00:00Z,5.92736622481575,2012
2012-05-17T12:00:00Z,7.6402704139355935,2012
2012-05-18T12:00:00Z,7.679258660623305,2012
2012-05-19T12:00:00Z,7.869411624038372,2012
2012-05-20T12:00:00Z,9.208007791016641,2012
2012-05-21T12:00:00Z,10.850478414176843,2012
2012-05-22T12:00:00Z,11.857819602631915,2012
2012-05-23T12:00:00Z,13.507832698093456,2012
2012-05-24T12:00:00Z,14.487709132441111,2012
2012-05-25T12:00:00Z,14.203491210517173,2012
2012-05-26T12:00:00Z,13.823412625796648,2012
2012-05-27T12:00:00Z,14.122620321230837,2012
2012-05-28T12:00:00Z,14.164065696303455,2012
2012-05-29T12:00:00Z,14.366729236980143,2012
2012-05-30T12:00:00Z,14.307490497051093,2012
2012-06-01T12:00:00Z,18.77746636211347,2013
2012-06-02T12:00:00Z,19.848950378294674,2013
2012-06-03T12:00:00Z,19.49535901530132,2013
2012-06-04T12:00:00Z,19.019663252863197,2013
2012-06-05T12:00:00Z,18.51948973915369,2013
2012-06-06T12:00:00Z,18.14700883908323,2013
2012-06-07T12:00:00Z,17.790545643181574,2013
2012-06-08T12:00:00Z,17.46708630240512,2013
2012-06-09T12:00:00Z,17.31508976458102,2013
2012-06-10T12:00:00Z,16.875301286359257,2013
2012-06-11T12:00:00Z,16.267877145355293,2013
2012-06-12T12:00:00Z,15.604980351642343,2013
2012-06-13T12:00:00Z,15.061101298420951,2013
2012-06-14T12:00:00Z,14.684292073149406,2013
2012-06-15T12:00:00Z,14.991811969724504,2013
2012-06-16T12:00:00Z,15.986552047087327,2013
2012-06-17T12:00:00Z,15.68005407355091,2013
2012-06-18T12:00:00Z,15.170397647926318,2013
2012-06-19T12:00:00Z,14.706671599800043,2013
2012-06-20T12:00:00Z,19.22864003017997,2013
2012-06-21T12:00:00Z,19.364760228819293,2013
2012-06-22T12:00:00Z,20.607484924267837,2013
2012-06-23T12:00:00Z,23.050791102828754,2013
2012-06-24T12:00:00Z,24.558507811521107,2013
2012-06-25T12:00:00Z,24.14863870641277,2013
2012-06-26T12:00:00Z,23.705397917217887,2013
2012-06-27T12:00:00Z,23.683724046664185,2013
2012-06-28T12:00:00Z,23.380347012305936,2013
2012-06-29T12:00:00Z,23.03366224062898,2013
2012-06-30T12:00:00Z,22.40944204218357,2013
2012-07-01T12:00:00Z,21.830497278125698,2013
2012-07-02T12:00:00Z,21.400002506921155,2013
2012-07-03T12:00:00Z,20.858448249282613,2013
2012-07-04T12:00:00Z,20.46475159208875,2013
2012-07-05T12:00:00Z,20.71197534223962,2013
2012-07-06T12:00:00Z,20.49317239827671,2013
2012-07-07T12:00:00Z,20.00885324043812,2013
2012-07-08T12:00:00Z,19.708561635040745,2013
2012-07-09T12:00:00Z,19.771274928318064,2013
2012-07-10T12:00:00Z,19.760578978470328,2013
2012-07-11T12:00:00Z,23.021555440923258,2013
2012-07-12T12:00:00Z,23.2345278404602,2013
2012-07-13T12:00:00Z,23.007620567392767,2013
2012-07-14T12:00:00Z,22.6708946950055,2013
2012-07-15T12:00:00Z,23.33452234370935,2013
2012-07-16T12:00:00Z,24.2748329515672,2013
2012-07-17T12:00:00Z,26.604453560888008,2013
2012-07-18T12:00:00Z,26.535982524076008,2013
2012-07-19T12:00:00Z,25.840914380468654,2013
2012-07-20T12:00:00Z,25.112451656838473,2013
2012-07-21T12:00:00Z,24.45788681990486,2013
2012-07-22T12:00:00Z,25.29999135378876,2013
2012-07-23T12:00:00Z,26.005599294283247,2013
2012-07-24T12:00:00Z,25.66096304959812,2013
2012-07-25T12:00:00Z,25.241819040969116,2013
2012-07-26T12:00:00Z,24.65156165645125,2013
2012-07-27T12:00:00Z,24.089231383952292,2013
2012-07-28T12:00:00Z,24.80963324912031,2013
2012-07-29T12:00:00Z,24.262883564260633,2013
2012-07-30T12:00:00Z,23.882322073589926,2013
2012-07-31T12:00:00Z,23.709193669710523,2013
2012-08-01T12:00:00Z,23.4265381649589,2013
2012-08-02T12:00:00Z,23.433227538782283,2013
2012-08-03T12:00:00Z,23.485251503663246,2013
2012-08-04T12:00:00Z,24.300593541021094,2013
2012-08-05T12:00:00Z,24.323709080104848,2013
2012-08-06T12:00:00Z,24.07809247858494,2013
2012-08-07T12:00:00Z,23.98355296944778,2013
2012-08-08T12:00:00Z,23.514305443908512,2013
2012-08-09T12:00:00Z,23.008111737967706,2013
2012-08-10T12:00:00Z,22.74106418448961,2013
2012-08-11T12:00:00Z,23.628964054059097,2013
2012-08-12T12:00:00Z,24.92210499467392,2013
2012-08-13T12:00:00Z,25.05259955309981,2013
2012-08-14T12:00:00Z,24.842018656959496,2013
2012-08-15T12:00:00Z,24.683690809946686,2013
2012-08-16T12:00:00Z,24.65754897139098,2013
2012-08-17T12:00:00Z,24.774460097041114,2013
2012-08-18T12:00:00Z,25.10459936349329,2013
2012-08-19T12:00:00Z,24.861693066551215,2013
2012-08-20T12:00:00Z,24.358009118594804,2013
2012-08-21T12:00:00Z,24.031168336989715,2013
2012-08-22T12:00:00Z,24.34067518409856,2013
2012-08-23T12:00:00Z,23.92314567678005,2013
2012-08-24T12:00:00Z,23.494674331410973,2013
2012-08-25T12:00:00Z,26.43308254283042,2013
2012-08-26T12:00:00Z,30.988684205420455,2013
2012-08-27T12:00:00Z,33.70510370140561,2013
2012-08-28T12:00:00Z,33.35541597846439,2013
2012-08-29T12:00:00Z,32.791052562272746,2013
2012-08-30T12:00:00Z,32.22742393915847,2013
2012-08-31T12:00:00Z,31.51630069684095,2013
2012-09-01T12:00:00Z,30.846865008837096,2013
2012-09-02T12:00:00Z,30.597060064377445,2013
2012-09-03T12:00:00Z,30.45550491228393,2013
2012-09-04T12:00:00Z,30.68410273298811,2013
2012-09-05T12:00:00Z,30.597733541427,2013
2012-09-06T12:00:00Z,30.895676754737575,2013
2012-09-07T12:00:00Z,30.869076228351947,2013
2012-09-08T12:00:00Z,30.561986588451003,2013
2012-09-09T12:00:00Z,29.954820199157535,2013
2012-09-10T12:00:00Z,29.358305143959726,2013
2012-09-11T12:00:00Z,29.072133391470913,2013
2012-09-12T12:00:00Z,28.751463826186043,2013
2012-09-13T12:00:00Z,29.17321179097593,2013
2012-09-14T12:00:00Z,28.978925855432973,2013
2012-09-15T12:00:00Z,28.631441229540968,2013
2012-09-16T12:00:00Z,28.47569948956735,2013
2012-09-17T12:00:00Z,28.249341582037676,2013
2012-09-18T12:00:00Z,28.04397638210704,2013
2012-09-19T12:00:00Z,27.992038565401234,2013
2012-09-20T12:00:00Z,27.793495414539603,2013
2012-09-21T12:00:00Z,28.503729088229367,2013
2012-09-22T12:00:00Z,29.38872887688916,2013
2012-09-23T12:00:00Z,31.67042846894521,2013
2012-09-24T12:00:00Z,31.981181569898045,2013
2012-09-25T12:00:00Z,31.75831920836745,2013
2012-09-26T12:00:00Z,31.66722592719038,2013
2012-09-27T12:00:00Z,32.48841900848852,2013
2012-09-28T12:00:00Z,32.607630305052034,2013
2012-09-29T12:00:00Z,32.574609429922674,2013
2012-09-30T12:00:00Z,32.61116702811141,2013
2012-10-01T12:00:00Z,33.02708007511733,2013
2012-10-02T12:00:00Z,36.671803525892926,2013
2012-10-03T12:00:00Z,37.121415739778676,2013
2012-10-04T12:00:00Z,36.715631691412405,2013
2012-10-05T12:00:00Z,36.22798967763096,2013
2012-10-06T12:00:00Z,35.8474986550857,2013
2012-10-07T12:00:00Z,36.11247064887485,2013
2012-10-08T12:00:00Z,37.963907521478575,2013
2012-10-09T12:00:00Z,37.97711918650598,2013
2012-10-10T12:00:00Z,39.104637105364525,2013
2012-10-11T12:00:00Z,38.65583990696712,2013
2012-10-12T12:00:00Z,37.94100011410839,2013
2012-10-13T12:00:00Z,37.353752761022584,2013
2012-10-14T12:00:00Z,36.88768164226521,2013
2012-10-15T12:00:00Z,36.66078753952415,2013
2012-10-16T12:00:00Z,36.34594219788748,2013
2012-10-17T12:00:00Z,37.70422400522185,2013
2012-10-18T12:00:00Z,37.482649480631025,2013
2012-10-19T12:00:00Z,37.31893906850189,2013
2012-10-20T12:00:00Z,37.128202721280985,2013
2012-10-21T12:00:00Z,36.79028758460931,2013
2012-10-22T12:00:00Z,36.16540625578743,2013
2012-10-23T12:00:00Z,35.5339025377877,2013
2012-10-24T12:00:00Z,35.081781370329225,2013
2012-10-25T12:00:00Z,36.2010157457178,2013
2012-10-26T12:00:00Z,37.07948901048486,2013
2012-10-27T12:00:00Z,36.70774737992319,2013
2012-10-28T12:00:00Z,36.346168232711356,2013
2012-10-29T12:00:00Z,35.997932656388095,2013
2012-10-30T12:00:00Z,35.60335650401998,2013
2012-10-31T12:00:00Z,35.2145164882985,2013
2012-11-01T12:00:00Z,34.76170290826467,2013
2012-11-02T12:00:00Z,34.427658322135336,2013
2012-11-03T12:00:00Z,33.91415788461833,2013
2012-11-04T12:00:00Z,33.48764596317004,2013
2012-11-05T12:00:00Z,33.05899884348168,2013
2012-11-06T12:00:00Z,32.72254409416416,2013
2012-11-07T12:00:00Z,32.29616102298957,2013
2012-11-08T12:00:00Z,31.75338481787253,2013
2012-11-09T12:00:00Z,31.205943533629327,2013
2012-11-10T12:00:00Z,30.764283837627595,2013
2012-11-11T12:00:00Z,30.423475233931732,2013
2012-11-12T12:00:00Z,30.17356409536169,2013
2012-11-13T12:00:00Z,29.943083497756376,2013
2012-11-14T12:00:00Z,29.769674200222376,2013
2012-11-15T12:00:00Z,29.762984037632805,2013
2012-11-16T12:00:00Z,29.547680008353026,2013
2012-11-17T12:00:00Z,29.281805400633555,2013
2012-11-18T12:00:00Z,28.97688307556653,2013
2012-11-19T12:00:00Z,28.62789958170182,2013
2012-11-20T12:00:00Z,28.334747963297264,2013
2012-11-21T12:00:00Z,28.08117556170315,2013
2012-11-22T12:00:00Z,27.724658722905524,2013
2012-11-23T12:00:00Z,27.327893623992814,2013
2012-11-24T12:00:00Z,27.09108438090176,2013
2012-11-25T12:00:00Z,26.85453589499639,2013
2012-11-26T12:00:00Z,26.701715181763564,2013
2012-11-27T12:00:00Z,26.543813724032113,2013
2012-11-28T12:00:00Z,26.435420593622265,2013
2012-11-29T12:00:00Z,26.21536400100977,2013
2012-11-30T12:00:00Z,26.563752943014656,2013
2012-12-01T12:00:00Z,26.40176432233132,2013
2012-12-02T12:00:00Z,26.210484295377068,2013
2012-12-03T12:00:00Z,25.996173998214356,2013
2012-12-04T12:00:00Z,25.75233321535482,2013
2012-12-05T12:00:00Z,25.554052478979898,2013
2012-12-06T12:00:00Z,25.37673194235616,2013
2012-12-07T12:00:00Z,25.30244763537322,2013
2012-12-08T12:00:00Z,26.3709125062978,2013
2012-12-09T12:00:00Z,27.051019880003373,2013
2012-12-10T12:00:00Z,26.97785161104305,2013
2012-12-11T12:00:00Z,26.959341737455766,2013
2012-12-12T12:00:00Z,26.78509313899086,2013
2012-12-13T12:00:00Z,26.631261317153168,2013
2012-12-14T12:00:00Z,26.353636116005415,2013
2012-12-15T12:00:00Z,26.090360034621312,2013
2012-12-16T12:00:00Z,25.99891194615378,2013
2012-12-17T12:00:00Z,25.76809955455881,2013
2012-12-18T12:00:00Z,25.561514877432355,2013
2012-12-19T12:00:00Z,25.291518123750006,2013
2012-12-20T12:00:00Z,25.019350575443347,2013
2012-12-21T12:00:00Z,24.763373559882663,2013
2012-12-22T12:00:00Z,24.241765385136432,2013
2012-12-23T12:00:00Z,23.95706150711575,2013
2012-12-24T12:00:00Z,23.81070201345569,2013
2012-12-25T12:00:00Z,23.65648292586806,2013
2012-12-26T12:00:00Z,23.306596234799834,2013
2012-12-27T12:00:00Z,22.925856877027133,2013
2012-12-28T12:00:00Z,22.6653770619228,2013
2012-12-29T12:00:00Z,22.538087401660952,2013
2012-12-30T12:00:00Z,22.20979823408818,2013
2012-12-31T12:00:00Z,21.834819027807757,2013
2013-01-01T12:00:00Z,21.583929198705953,2013
2013-01-02T12:00:00Z,21.378385214567416,2013
2013-01-03T12:00:00Z,21.004114606086233,2013
2013-01-04T12:00:00Z,20.71006342539241,2013
2013-01-05T12:00:00Z,20.442983970504315,2013
2013-01-06T12:00:00Z,20.15060295052206,2013
2013-01-07T12:00:00Z,19.886132616744568,2013
2013-01-08T12:00:00Z,19.638140540748807,2013
2013-01-09T12:00:00Z,19.36058865464516,2013
2013-01-10T12:00:00Z,19.148284625423294,2013
2013-01-11T12:00:00Z,18.866995302341827,2013
2013-01-12T12:00:00Z,18.466354743793357,2013
2013-01-13T12:00:00Z,18.097267242539292,2013
2013-01-14T12:00:00Z,17.766604774232942,2013
2013-01-15T12:00:00Z,17.448451515223674,2013
2013-01-16T12:00:00Z,17.195889254975388,2013
2013-01-17T12:00:00Z,17.055220547899328,2013
2013-01-18T12:00:00Z,16.812849975893243,2013
2013-01-19T12:00:00Z,16.58582728103489,2013
2013-01-20T12:00:00Z,16.40631636409755,2013
2013-01-21T12:00:00Z,16.14823011250384,2013
2013-01-22T12:00:00Z,15.889387001878017,2013
2013-01-23T12:00:00Z,15.519241980269888,2013
2013-01-24T12:00:00Z,15.234405523807132,2013
2013-01-25T12:00:00Z,14.980905475754229,2013
2013-01-26T12:00:00Z,14.667513146433143,2013
2013-01-27T12:00:00Z,14.437447696789938,2013
2013-01-28T12:00:00Z,14.182319660891983,2013
2013-01-29T12:00:00Z,13.934774109114045,2013
2013-01-30T12:00:00Z,13.662695886237032,2013
2013-01-31T12:00:00Z,13.470531559904105,2013
2013-02-01T12:00:00Z,13.110160958477598,2013
2013-02-02T12:00:00Z,12.755050125510873,2013
2013-02-03T12:00:00Z,12.460986096764405,2013
2013-02-04T12:00:00Z,12.186726130555355,2013
2013-02-05T12:00:00Z,11.87389719093056,2013
2013-02-06T12:00:00Z,11.655856524015267,2013
2013-02-07T12:00:00Z,11.41707135231091,2013
2013-02-08T12:00:00Z,11.146792298245966,2013
2013-02-09T12:00:00Z,10.929096590103645,2013
2013-02-10T12:00:00Z,10.642828110949184,2013
2013-02-11T12:00:00Z,10.36196608203632,2013
2013-02-12T12:00:00Z,10.10986117865383,2013
2013-02-13T12:00:00Z,9.89129949544249,2013
2013-02-14T12:00:00Z,9.711434939652536,2013
2013-02-15T12:00:00Z,10.782832054421672,2013
2013-02-16T12:00:00Z,11.649486514800444,2013
2013-02-17T12:00:00Z,11.251326902725905,2013
2013-02-18T12:00:00Z,10.881274549378471,2013
2013-02-19T12:00:00Z,10.632174075029273,2013
2013-02-20T12:00:00Z,10.498926807004487,2013
2013-02-21T12:00:00Z,10.249988226255404,2013
2013-02-22T12:00:00Z,9.970805099743703,2013
2013-02-23T12:00:00Z,9.711201953558101,2013
2013-02-24T12:00:00Z,9.507934515051229,2013
2013-02-25T12:00:00Z,9.259534723634934,2013
2013-02-26T12:00:00Z,8.959899707855136,2013
2013-02-27T12:00:00Z,8.807301454697019,2013
2013-02-28T12:00:00Z,8.723961959780722,2013
2013-03-01T12:00:00Z,8.495557308027722,2013
2013-03-02T12:00:00Z,8.217990421600836,2013
2013-03-03T12:00:00Z,7.992984369150514,2013
2013-03-04T12:00:00Z,7.673426936340612,2013
2013-03-05T12:00:00Z,7.428986055657165,2013
2013-03-06T12:00:00Z,7.163116750246631,2013
2013-03-07T12:00:00Z,6.844599818185074,2013
2013-03-08T12:00:00Z,6.594774712898005,2013
2013-03-09T12:00:00Z,6.345516293271865,2013
2013-03-10T12:00:00Z,6.112903633354693,2013
2013-03-11T12:00:00Z,5.890549673541402,2013
2013-03-12T12:00:00Z,5.6820361961347,2013
2013-03-13T12:00:00Z,5.391454946953917,2013
2013-03-14T12:00:00Z,5.066764518358799,2013
2013-03-15T12:00:00Z,4.733127460797316,2013
2013-03-16T12:00:00Z,4.5049286257741965,2013
2013-03-17T12:00:00Z,4.264406486630556,2013
2013-03-18T12:00:00Z,4.126591263175828,2013
2013-03-19T12:00:00Z,4.38891570561809,2013
2013-03-20T12:00:00Z,4.322271005488225,2013
2013-03-21T12:00:00Z,4.110369336265016,2013
2013-03-22T12:00:00Z,3.9155904286842973,2013
2013-03-23T12:00:00Z,3.8976203963291867,2013
2013-03-24T12:00:00Z,3.706168275096624,2013
2013-03-25T12:00:00Z,3.796889442441863,2013
2013-03-26T12:00:00Z,3.489495863176583,2013
2013-03-27T12:00:00Z,3.1046430471186306,2013
2013-03-28T12:00:00Z,2.8367685847020874,2013
2013-03-29T12:00:00Z,2.5867772090796977,2013
2013-03-30T12:00:00Z,2.407725357437227,2013
2013-03-31T12:00:00Z,2.2323195881754834,2013
2013-04-01T12:00:00Z,2.1486335995761237,2013
2013-04-02T12:00:00Z,2.0190875440835954,2013
2013-04-03T12:00:00Z,1.8777961186575725,2013
2013-04-04T12:00:00Z,1.734945705384162,2013
2013-04-05T12:00:00Z,3.5451442722256687,2013
2013-04-06T12:00:00Z,4.473789251072517,2013
2013-04-07T12:00:00Z,4.237226510923593,2013
2013-04-08T12:00:00Z,3.9963099013521437,2013
2013-04-09T12:00:00Z,3.7096786810648896,2013
2013-04-10T12:00:00Z,3.4831111762070632,2013
2013-04-11T12:00:00Z,3.2906899837917494,2013
2013-04-12T12:00:00Z,3.2612836950205915,2013
2013-04-13T12:00:00Z,3.635972382442024,2013
2013-04-14T12:00:00Z,3.658881595400942,2013
2013-04-15T12:00:00Z,3.578200974789002,2013
2013-04-16T12:00:00Z,4.5579024951500005,2013
2013-04-17T12:00:00Z,4.4648702152766635,2013
2013-04-18T12:00:00Z,4.339447652543443,2013
2013-04-19T12:00:00Z,4.037468882931084,2013
2013-04-20T12:00:00Z,3.7552701453037054,2013
2013-04-21T12:00:00Z,3.632095995221386,2013
2013-04-22T12:00:00Z,4.479576974955409,2013
2013-04-23T12:00:00Z,4.7218035455782195,2013
2013-04-24T12:00:00Z,4.372064297912637,2013
2013-04-25T12:00:00Z,4.019157679756988,2013
2013-04-26T12:00:00Z,3.6488322618338085,2013
2013-04-27T12:00:00Z,3.2843688401197477,2013
2013-04-28T12:00:00Z,2.9498533803528133,2013
2013-04-29T12:00:00Z,3.087107764381503,2013
2013-04-30T12:00:00Z,5.01903833437503,2013
2013-05-01T12:00:00Z,5.923964955897803,2013
2013-05-02T12:00:00Z,6.662865662936716,2013
2013-05-03T12:00:00Z,8.18994653063528,2013
2013-05-04T12:00:00Z,8.874677552637461,2013
2013-05-05T12:00:00Z,8.645868500813215,2013
2013-05-06T12:00:00Z,8.303469910922876,2013
2013-05-07T12:00:00Z,8.326890015870653,2013
2013-05-08T12:00:00Z,8.221584973664521,2013
2013-05-09T12:00:00Z,7.916743640101037,2013
2013-05-10T12:00:00Z,7.904925741808421,2013
2013-05-11T12:00:00Z,7.834860343120474,2013
2013-05-12T12:00:00Z,8.467244076007844,2013
2013-05-13T12:00:00Z,8.843684898627727,2013
2013-05-14T12:00:00Z,8.744519005442926,2013
2013-05-15T12:00:00Z,8.485813613252004,2013
2013-05-16T12:00:00Z,8.242966578832219,2013
2013-05-17T12:00:00Z,8.03921865861166,2013
2013-05-18T12:00:00Z,8.001205890343309,2013
2013-05-19T12:00:00Z,8.140086893265908,2013
2013-05-20T12:00:00Z,8.25873186937392,2013
2013-05-21T12:00:00Z,12.133903268671409,2013
2013-05-22T12:00:00Z,12.721222473965568,2013
2013-05-23T12:00:00Z,12.521175215865442,2013
2013-05-24T12:00:00Z,12.148015239093375,2013
2013-05-25T12:00:00Z,11.877748237160581,2013
2013-05-26T12:00:00Z,11.447317180046255,2013
2013-05-27T12:00:00Z,11.119094077467802,2013
2013-05-28T12:00:00Z,12.161968320228677,2013
2013-05-29T12:00:00Z,19.663941455004146,2013
2013-05-30T12:00:00Z,21.17446950572478,2013
2013-06-01T12:00:00Z,21.805313614276432,2014
2013-06-02T12:00:00Z,22.460007426741075,2014
2013-06-03T12:00:00Z,22.364373206531848,2014
2013-06-04T12:00:00Z,22.506971825161596,2014
2013-06-05T12:00:00Z,22.15509298709417,2014
2013-06-06T12:00:00Z,24.12239053438506,2014
2013-06-07T12:00:00Z,24.140569699686257,2014
2013-06-08T12:00:00Z,23.701134533746703,2014
2013-06-09T12:00:00Z,22.984023551585974,2014
2013-06-10T12:00:00Z,22.30326258933042,2014
2013-06-11T12:00:00Z,21.60627253693068,2014
2013-06-12T12:00:00Z,21.62319545652444,2014
2013-06-13T12:00:00Z,21.77291031355489,2014
2013-06-14T12:00:00Z,21.92872849300022,2014
2013-06-15T12:00:00Z,21.39395788528543,2014
2013-06-16T12:00:00Z,21.050264386775794,2014
2013-06-17T12:00:00Z,20.48453656648679,2014
2013-06-18T12:00:00Z,19.941702379816075,2014
2013-06-19T12:00:00Z,19.791128230042368,2014
2013-06-20T12:00:00Z,20.174673393354126,2014
2013-06-21T12:00:00Z,20.037991082773384,2014
2013-06-22T12:00:00Z,19.477662931319898,2014
2013-06-23T12:00:00Z,19.508580230895966,2014
2013-06-24T12:00:00Z,19.776230271042387,2014
2013-06-25T12:00:00Z,19.646760872365444,2014
2013-06-26T12:00:00Z,20.129018520497436,2014
2013-06-27T12:00:00Z,20.757085065942086,2014
2013-06-28T12:00:00Z,21.442426623221593,2014
2013-06-29T12:00:00Z,21.68866126016585,2014
2013-06-30T12:00:00Z,22.73055363999758,2014
2013-07-01T12:00:00Z,22.73765679049095,2014
2013-07-02T12:00:00Z,23.31613391536807,2014
2013-07-03T12:00:00Z,23.929733022863555,2014
2013-07-04T12:00:00Z,24.928363717968388,2014
2013-07-05T12:00:00Z,25.931362059861275,2014
2013-07-06T12:00:00Z,26.613906840175886,2014
2013-07-07T12:00:00Z,26.004393256446175,2014
2013-07-08T12:00:00Z,25.363360281018622,2014
2013-07-09T12:00:00Z,24.786599253020253,2014
2013-07-10T12:00:00Z,24.944862831631323,2014
2013-07-11T12:00:00Z,25.195572758935224,2014
2013-07-12T12:00:00Z,25.30275898633578,2014
2013-07-13T12:00:00Z,26.147928736982802,2014
2013-07-14T12:00:00Z,30.39093068503026,2014
2013-07-15T12:00:00Z,31.004844577258762,2014
2013-07-16T12:00:00Z,32.8265047512372,2014
2013-07-17T12:00:00Z,35.00068904940225,2014
2013-07-18T12:00:00Z,34.74841781619947,2014
2013-07-19T12:00:00Z,34.5716235229014,2014
2013-07-20T12:00:00Z,34.01681259670874,2014
2013-07-21T12:00:00Z,33.53347211318432,2014
2013-07-22T12:00:00Z,32.86010250078476,2014
2013-07-23T12:00:00Z,32.14793221728692,2014
2013-07-24T12:00:00Z,31.602116551058298,2014
2013-07-25T12:00:00Z,30.95802155858039,2014
2013-07-26T12:00:00Z,30.338926918896593,2014
2013-07-27T12:00:00Z,30.272549479855382,2014
2013-07-28T12:00:00Z,30.191141583893838,2014
2013-07-29T12:00:00Z,30.147071970081235,2014
2013-07-30T12:00:00Z,29.91070498598194,2014
2013-07-31T12:00:00Z,29.564349178329156,2014
2013-08-01T12:00:00Z,29.074432757692403,2014
2013-08-02T12:00:00Z,28.666965197115758,2014
2013-08-03T12:00:00Z,28.698608925527036,2014
2013-08-04T12:00:00Z,29.176716561649034,2014
2013-08-05T12:00:00Z,29.174567741932062,2014
2013-08-06T12:00:00Z,29.210295332423854,2014
2013-08-07T12:00:00Z,29.662442874067796,2014
2013-08-08T12:00:00Z,30.194436199774824,2014
2013-08-09T12:00:00Z,29.949432045378952,2014
2013-08-10T12:00:00Z,29.67784358556077,2014
2013-08-11T12:00:00Z,29.285300604860414,2014
2013-08-12T12:00:00Z,28.868965263441424,2014
2013-08-13T12:00:00Z,28.454599780036933,2014
2013-08-14T12:00:00Z,28.042181483725493,2014
2013-08-15T12:00:00Z,28.620932800319125,2014
2013-08-16T12:00:00Z,28.499684525470194,2014
2013-08-17T12:00:00Z,28.189747883033565,2014
2013-08-18T12:00:00Z,27.871372899953112,2014
2013-08-19T12:00:00Z,27.54629693820591,2014
2013-08-20T12:00:00Z,27.333397054345323,2014
2013-08-21T12:00:00Z,27.21437881700439,2014
2013-08-22T12:00:00Z,27.11454640775189,2014
2013-08-23T12:00:00Z,26.84708921545049,2014
2013-08-24T12:00:00Z,26.901770254120187,2014
2013-08-25T12:00:00Z,26.874327462660577,2014
2013-08-26T12:00:00Z,26.82414348506087,2014
2013-08-27T12:00:00Z,27.090268405480902,2014
2013-08-28T12:00:00Z,28.234025529923098,2014
2013-08-29T12:00:00Z,28.172283483602392,2014
2013-08-30T12:00:00Z,28.043202119802984,2014
2013-08-31T12:00:00Z,27.920531500471675,2014
2013-09-01T12:00:00Z,28.595486445478315,2014
2013-09-02T12:00:00Z,29.883346582463158,2014
2013-09-03T12:00:00Z,29.942728121156907,2014
2013-09-04T12:00:00Z,30.398984961038007,2014
2013-09-05T12:00:00Z,30.34985711852437,2014
2013-09-06T12:00:00Z,30.184065199505454,2014
2013-09-07T12:00:00Z,30.297708481882974,2014
2013-09-08T12:00:00Z,30.15414896114099,2014
2013-09-09T12:00:00Z,30.216995582057493,2014
2013-09-10T12:00:00Z,30.486675305184374,2014
2013-09-11T12:00:00Z,30.946283800945224,2014
2013-09-12T12:00:00Z,31.97011873177987,2014
2013-09-13T12:00:00Z,31.82647590637207,2014
2013-09-14T12:00:00Z,31.526194330620836,2014
2013-09-15T12:00:00Z,32.55377900023652,2014
2013-09-16T12:00:00Z,34.21071945707899,2014
2013-09-17T12:00:00Z,35.073197681079535,2014
2013-09-18T12:00:00Z,35.01522546052699,2014
2013-09-19T12:00:00Z,35.20543757419044,2014
2013-09-20T12:00:00Z,36.06014407762234,2014
2013-09-21T12:00:00Z,35.55158321715008,2014
2013-09-22T12:00:00Z,35.382267274492285,2014
2013-09-23T12:00:00Z,35.15881060647918,2014
2013-09-24T12:00:00Z,34.93628011725909,2014
2013-09-25T12:00:00Z,34.72503512473111,2014
2013-09-26T12:00:00Z,34.30500418208138,2014
2013-09-27T12:00:00Z,33.81592986772856,2014
2013-09-28T12:00:00Z,33.347508070214374,2014
2013-09-29T12:00:00Z,33.3351959756259,2014
2013-09-30T12:00:00Z,33.51328256664967,2014
2013-10-01T12:00:00Z,34.73971989227205,2014
2013-10-02T12:00:00Z,34.535651456363986,2014
2013-10-03T12:00:00Z,34.78166923018557,2014
2013-10-04T12:00:00Z,36.55479452626362,2014
2013-10-05T12:00:00Z,36.04761564187508,2014
2013-10-06T12:00:00Z,35.668800215669755,2014
2013-10-07T12:00:00Z,35.30536257167521,2014
2013-10-08T12:00:00Z,35.499231921634056,2014
2013-10-09T12:00:00Z,35.31752810025192,2014
2013-10-10T12:00:00Z,35.04893437450009,2014
2013-10-11T12:00:00Z,34.51406297496904,2014
2013-10-12T12:00:00Z,33.91179824926244,2014
2013-10-13T12:00:00Z,33.379740487209844,2014
2013-10-14T12:00:00Z,32.84770478137443,2014
2013-10-15T12:00:00Z,32.408468538446826,2014
2013-10-16T12:00:00Z,31.931057941388197,2014
2013-10-17T12:00:00Z,31.558263546199218,2014
2013-10-18T12:00:00Z,31.177606009876577,2014
2013-10-19T12:00:00Z,30.77897665171385,2014
2013-10-20T12:00:00Z,30.49303571213471,2014
2013-10-21T12:00:00Z,30.288392324662468,2014
2013-10-22T12:00:00Z,30.461333295203797,2014
2013-10-23T12:00:00Z,30.289450369245507,2014
2013-10-24T12:00:00Z,30.641379263071777,2014
2013-10-25T12:00:00Z,30.196368204111216,2014
2013-10-26T12:00:00Z,29.739086923963526,2014
2013-10-27T12:00:00Z,29.333830319609163,2014
2013-10-28T12:00:00Z,29.001637219448632,2014
2013-10-29T12:00:00Z,28.61397650687865,2014
2013-10-30T12:00:00Z,28.17729081145463,2014
2013-10-31T12:00:00Z,27.83761209087204,2014
2013-11-01T12:00:00Z,27.529091343333274,2014
2013-11-02T12:00:00Z,27.229929185871047,2014
2013-11-03T12:00:00Z,26.764841417467675,2014
2013-11-04T12:00:00Z,26.33443033711567,2014
2013-11-05T12:00:00Z,26.11587309771957,2014
2013-11-06T12:00:00Z,25.81553463599591,2014
2013-11-07T12:00:00Z,25.511433475935263,2014
2013-11-08T12:00:00Z,25.213084630587893,2014
2013-11-09T12:00:00Z,25.006121877264906,2014
2013-11-10T12:00:00Z,26.040660425147863,2014
2013-11-11T12:00:00Z,25.852946878600424,2014
2013-11-12T12:00:00Z,25.56813803681197,2014
2013-11-13T12:00:00Z,25.274625479532855,2014
2013-11-14T12:00:00Z,24.75019386690347,2014
2013-11-15T12:00:00Z,24.481519432773084,2014
2013-11-16T12:00:00Z,24.266072934801734,2014
2013-11-17T12:00:00Z,24.0169862962493,2014
2013-11-18T12:00:00Z,23.78571963982764,2014
2013-11-19T12:00:00Z,23.648591630279025,2014
2013-11-20T12:00:00Z,24.562319760411306,2014
2013-11-21T12:00:00Z,24.702018269152177,2014
2013-11-22T12:00:00Z,26.699676686963187,2014
2013-11-23T12:00:00Z,27.538797582935516,2014
2013-11-24T12:00:00Z,27.542095120062907,2014
2013-11-25T12:00:00Z,27.198546257495412,2014
2013-11-26T12:00:00Z,27.172587715190026,2014
2013-11-27T12:00:00Z,30.117068736069815,2014
2013-11-28T12:00:00Z,29.90444688736283,2014
2013-11-29T12:00:00Z,29.55534843016091,2014
2013-11-30T12:00:00Z,29.29335179908035,2014
2013-12-01T12:00:00Z,29.15055655980087,2014
2013-12-02T12:00:00Z,28.918594979399213,2014
2013-12-03T12:00:00Z,28.62471581229267,2014
2013-12-04T12:00:00Z,28.358026763671294,2014
2013-12-05T12:00:00Z,28.116703496413646,2014
2013-12-06T12:00:00Z,27.756492346998062,2014
2013-12-07T12:00:00Z,27.493104233634345,2014
2013-12-08T12:00:00Z,27.177795493427617,2014
2013-12-09T12:00:00Z,26.871715075402253,2014
2013-12-10T12:00:00Z,26.518865863069614,2014
2013-12-11T12:00:00Z,26.179502984849293,2014
2013-12-12T12:00:00Z,25.889969000176514,2014
2013-12-13T12:00:00Z,25.24425001760888,2014
2013-12-14T12:00:00Z,24.914049742527737,2014
2013-12-15T12:00:00Z,24.550137542860984,2014
2013-12-16T12:00:00Z,24.136102019467852,2014
2013-12-17T12:00:00Z,23.659539011760042,2014
2013-12-18T12:00:00Z,23.181512297659264,2014
2013-12-19T12:00:00Z,22.69085876392921,2014
2013-12-20T12:00:00Z,22.312330926223552,2014
2013-12-21T12:00:00Z,21.963598680286054,2014
2013-12-22T12:00:00Z,21.610183213063014,2014
2013-12-23T12:00:00Z,21.226391699848868,2014
2013-12-24T12:00:00Z,20.84945211847195,2014
2013-12-25T12:00:00Z,20.445158627427872,2014
2013-12-26T12:00:00Z,21.62405353124882,2014
2013-12-27T12:00:00Z,21.614829757187906,2014
2013-12-28T12:00:00Z,21.606059652958045,2014
2013-12-29T12:00:00Z,21.434470428098777,2014
2013-12-30T12:00:00Z,21.33280577799716,2014
2013-12-31T12:00:00Z,20.883601781320152,2014
2014-01-01T12:00:00Z,20.516691573569872,2014
2014-01-02T12:00:00Z,20.212814529588943,2014
2014-01-03T12:00:00Z,19.80122506004356,2014
2014-01-04T12:00:00Z,19.389091401515813,2014
2014-01-05T12:00:00Z,19.303694304336414,2014
2014-01-06T12:00:00Z,18.98133166548554,2014
2014-01-07T12:00:00Z,18.438331231361037,2014
2014-01-08T12:00:00Z,18.209367191242777,2014
2014-01-09T12:00:00Z,18.035873414767245,2014
2014-01-10T12:00:00Z,17.853702656669316,2014
2014-01-11T12:00:00Z,17.572029239517235,2014
2014-01-12T12:00:00Z,17.233963956351847,2014
2014-01-13T12:00:00Z,16.875908441618304,2014
2014-01-14T12:00:00Z,16.578046677114916,2014
2014-01-15T12:00:00Z,16.464379794473864,2014
2014-01-16T12:00:00Z,16.14032152014311,2014
2014-01-17T12:00:00Z,15.750121375536008,2014
2014-01-18T12:00:00Z,15.428239950750765,2014
2014-01-19T12:00:00Z,15.072703651606629,2014
2014-01-20T12:00:00Z,14.739028605342963,2014
2014-01-21T12:00:00Z,14.56584495952851,2014
2014-01-22T12:00:00Z,14.564784728931983,2014
2014-01-23T12:00:00Z,14.220347971967572,2014
2014-01-24T12:00:00Z,13.845099905328816,2014
2014-01-25T12:00:00Z,13.526786978932483,2014
2014-01-26T12:00:00Z,13.249000634873298,2014
2014-01-27T12:00:00Z,13.035242495223894,2014
2014-01-28T12:00:00Z,12.760780523759728,2014
2014-01-29T12:00:00Z,13.5326209810058,2014
2014-01-30T12:00:00Z,14.069707367731938,2014
2014-01-31T12:00:00Z,15.139656114017813,2014
2014-02-01T12:00:00Z,14.962421768162324,2014
2014-02-02T12:00:00Z,14.663859236497254,2014
2014-02-03T12:00:00Z,14.421409001348067,2014
2014-02-04T12:00:00Z,14.26546535786172,2014
2014-02-05T12:00:00Z,13.997327905315377,2014
2014-02-06T12:00:00Z,13.738507163466249,2014
2014-02-07T12:00:00Z,13.646150101842423,2014
2014-02-08T12:00:00Z,13.394073936170976,2014
2014-02-09T12:00:00Z,13.271936958461971,2014
2014-02-10T12:00:00Z,13.048019398251197,2014
2014-02-11T12:00:00Z,12.98707946251702,2014
2014-02-12T12:00:00Z,12.869682047929865,2014
2014-02-13T12:00:00Z,14.753950487691672,2014
2014-02-14T12:00:00Z,14.57998213004412,2014
2014-02-15T12:00:00Z,14.485113492021364,2014
2014-02-16T12:00:00Z,14.224024403188652,2014
2014-02-17T12:00:00Z,13.964536710969382,2014
2014-02-18T12:00:00Z,13.675600685685668,2014
2014-02-19T12:00:00Z,13.438429035297453,2014
2014-02-20T12:00:00Z,13.226818636588089,2014
2014-02-21T12:00:00Z,13.040372071980729,2014
2014-02-22T12:00:00Z,12.903371646229715,2014
2014-02-23T12:00:00Z,12.872909633548206,2014
2014-02-24T12:00:00Z,12.69334342624485,2014
2014-02-25T12:00:00Z,12.464145884667975,2014
2014-02-26T12:00:00Z,12.333666534562768,2014
2014-02-27T12:00:00Z,12.378137619430007,2014
2014-02-28T12:00:00Z,12.536497791974014,2014
2014-03-01T12:00:00Z,12.337354317748233,2014
2014-03-02T12:00:00Z,12.14319995004213,2014
2014-03-03T12:00:00Z,11.875806942053803,2014
2014-03-04T12:00:00Z,11.647322861863396,2014
2014-03-05T12:00:00Z,11.48283162060377,2014
2014-03-06T12:00:00Z,11.438218966911634,2014
2014-03-07T12:00:00Z,12.322555076830769,2014
2014-03-08T12:00:00Z,12.062868852818514,2014
2014-03-09T12:00:00Z,11.833101767354101,2014
2014-03-10T12:00:00Z,11.627375798763653,2014
2014-03-11T12:00:00Z,11.4350732485356,2014
2014-03-12T12:00:00Z,11.261815279657997,2014
2014-03-13T12:00:00Z,11.037077188340037,2014
2014-03-14T12:00:00Z,10.678167180972398,2014
2014-03-15T12:00:00Z,10.44006018561551,2014
2014-03-16T12:00:00Z,10.239410425102324,2014
2014-03-17T12:00:00Z,10.032935306607188,2014
2014-03-18T12:00:00Z,10.292750317074294,2014
2014-03-19T12:00:00Z,10.15795220453055,2014
2014-03-20T12:00:00Z,9.897300204141366,2014
2014-03-21T12:00:00Z,9.630921320353035,2014
2014-03-22T12:00:00Z,9.403388630573243,2014
2014-03-23T12:00:00Z,9.144538519594976,2014
2014-03-24T12:00:00Z,8.914028024222485,2014
2014-03-25T12:00:00Z,10.538388409799039,2014
2014-03-26T12:00:00Z,10.244148437049784,2014
2014-03-27T12:00:00Z,9.874465705759379,2014
2014-03-28T12:00:00Z,9.608567948923989,2014
2014-03-29T12:00:00Z,9.471703609342557,2014
2014-03-30T12:00:00Z,9.906956268851367,2014
2014-03-31T12:00:00Z,9.562329508362742,2014
2014-04-01T12:00:00Z,9.152233019836036,2014
2014-04-02T12:00:00Z,8.762813249358818,2014
2014-04-03T12:00:00Z,8.394814346907305,2014
2014-04-04T12:00:00Z,8.031005351772272,2014
2014-04-05T12:00:00Z,7.686970847395561,2014
2014-04-06T12:00:00Z,7.333252227878478,2014
2014-04-07T12:00:00Z,6.971258006337574,2014
2014-04-08T12:00:00Z,6.699170853698171,2014
2014-04-09T12:00:00Z,6.519203249387713,2014
2014-04-10T12:00:00Z,6.134225672766581,2014
2014-04-11T12:00:00Z,5.732376581459625,2014
2014-04-12T12:00:00Z,5.472227888750633,2014
2014-04-13T12:00:00Z,5.191573536016565,2014
2014-04-14T12:00:00Z,4.985397403457372,2014
2014-04-15T12:00:00Z,4.7938718981478985,2014
2014-04-16T12:00:00Z,4.586394997313254,2014
2014-04-17T12:00:00Z,4.818950506212896,2014
2014-04-18T12:00:00Z,5.2596043602493205,2014
2014-04-19T12:00:00Z,6.15196108506312,2014
2014-04-20T12:00:00Z,5.9796419548182715,2014
2014-04-21T12:00:00Z,5.6831331589998975,2014
2014-04-22T12:00:00Z,5.372290781330058,2014
2014-04-23T12:00:00Z,5.112226991333527,2014
2014-04-24T12:00:00Z,4.767652832714514,2014
2014-04-25T12:00:00Z,4.511009806073495,2014
2014-04-26T12:00:00Z,4.221510834266576,2014
2014-04-27T12:00:00Z,3.9509496487925206,2014
2014-04-28T12:00:00Z,3.684488982172367,2014
2014-04-29T12:00:00Z,3.45976981369452,2014
2014-04-30T12:00:00Z,3.238668365039508,2014
2014-05-01T12:00:00Z,3.0157024267312944,2014
2014-05-02T12:00:00Z,2.8206855700631333,2014
2014-05-03T12:00:00Z,2.6876202594580074,2014
2014-05-04T12:00:00Z,2.6320143432271585,2014
2014-05-05T12:00:00Z,2.3846315873825117,2014
2014-05-06T12:00:00Z,2.1588354986514915,2014
2014-05-07T12:00:00Z,1.9673072330164747,2014
2014-05-08T12:00:00Z,1.739362645989884,2014
2014-05-09T12:00:00Z,1.5067949728447356,2014
2014-05-10T12:00:00Z,1.3308463784991,2014
2014-05-11T12:00:00Z,1.1933829375742466,2014
2014-05-12T12:00:00Z,1.0669020029520078,2014
2014-05-13T12:00:00Z,0.9693053742697376,2014
2014-05-14T12:00:00Z,0.9392938887103881,2014
2014-05-15T12:00:00Z,1.1354436733580242,2014
2014-05-16T12:00:00Z,1.7828871851628256,2014
2014-05-17T12:00:00Z,1.6059238063133194,2014
2014-05-18T12:00:00Z,1.3727540234277111,2014
2014-05-19T12:00:00Z,1.2065048531617288,2014
2014-05-20T12:00:00Z,1.0715710262710505,2014
2014-05-21T12:00:00Z,0.9333434252092117,2014
2014-05-22T12:00:00Z,0.8375438889548781,2014
2014-05-23T12:00:00Z,0.7450693655025714,2014
2014-05-24T12:00:00Z,0.6597941536044046,2014
2014-05-25T12:00:00Z,0.587319802257153,2014
2014-05-26T12:00:00Z,0.6055988059863521,2014
2014-05-27T12:00:00Z,0.5123299245210866,2014
2014-05-28T12:00:00Z,0.5078044689717419,2014
2014-05-29T12:00:00Z,0.6481933382944542,2014
2014-05-30T12:00:00Z,0.6801633785684008,2014
2014-06-01T12:00:00Z,0.7033294732668725,2015
2014-06-02T12:00:00Z,1.0281063743949987,2015
2014-06-03T12:00:00Z,1.4736052626493978,2015
2014-06-04T12:00:00Z,1.3722890579677118,2015
2014-06-05T12:00:00Z,1.2534421583464284,2015
2014-06-06T12:00:00Z,1.090110641752938,2015
2014-06-07T12:00:00Z,0.9813693658772575,2015
2014-06-08T12:00:00Z,1.2136221338322535,2015
2014-06-09T12:00:00Z,2.0620324292390753,2015
2014-06-10T12:00:00Z,3.093963645814565,2015
2014-06-11T12:00:00Z,3.154822255255076,2015
2014-06-12T12:00:00Z,4.503060745626659,2015
2014-06-13T12:00:00Z,4.53311424285728,2015
2014-06-14T12:00:00Z,5.362650166733609,2015
2014-06-15T12:00:00Z,5.484652282645329,2015
2014-06-16T12:00:00Z,5.153423854416778,2015
2014-06-17T12:00:00Z,4.9084226424033215,2015
2014-06-18T12:00:00Z,5.0415506297239014,2015
2014-06-19T12:00:00Z,4.99172022443677,2015
2014-06-20T12:00:00Z,5.5503883844433055,2015
2014-06-21T12:00:00Z,5.747795504851159,2015
2014-06-22T12:00:00Z,6.060622609770847,2015
2014-06-23T12:00:00Z,5.937821657860781,2015
2014-06-24T12:00:00Z,7.678032738723437,2015
2014-06-25T12:00:00Z,8.016327657685574,2015
2014-06-26T12:00:00Z,8.391972947564344,2015
2014-06-27T12:00:00Z,8.321369026480179,2015
2014-06-28T12:00:00Z,8.515650974962783,2015
2014-06-29T12:00:00Z,8.606782890843132,2015
2014-06-30T12:00:00Z,9.849069902017698,2015
2014-07-01T12:00:00Z,10.603002673037256,2015
2014-07-02T12:00:00Z,10.495086170048484,2015
2014-07-03T12:00:00Z,10.477864299138076,2015
2014-07-04T12:00:00Z,10.521022454975402,2015
2014-07-05T12:00:00Z,11.386865068778002,2015
2014-07-06T12:00:00Z,11.361919969711435,2015
2014-07-07T12:00:00Z,11.91973287102408,2015
2014-07-08T12:00:00Z,11.897900888618596,2015
2014-07-09T12:00:00Z,12.236528531274413,2015
2014-07-10T12:00:00Z,12.972381647606905,2015
2014-07-11T12:00:00Z,13.252612993299202,2015
2014-07-12T12:00:00Z,13.106901277536043,2015
2014-07-13T12:00:00Z,13.08315006618285,2015
2014-07-14T12:00:00Z,13.172141939781088,2015
2014-07-15T12:00:00Z,13.359456929765884,2015
2014-07-16T12:00:00Z,13.196089498373249,2015
2014-07-17T12:00:00Z,12.875274431670448,2015
2014-07-18T12:00:00Z,12.788818271059714,2015
2014-07-19T12:00:00Z,12.815674322557495,2015
2014-07-20T12:00:00Z,13.685037953578059,2015
2014-07-21T12:00:00Z,14.498900137428672,2015
2014-07-22T12:00:00Z,15.221355846322833,2015
2014-07-23T12:00:00Z,15.576031772630339,2015
2014-07-24T12:00:00Z,16.6184432098611,2015
2014-07-25T12:00:00Z,16.62428319150624,2015
2014-07-26T12:00:00Z,16.52121803842259,2015
2014-07-27T12:00:00Z,16.253370520533824,2015
2014-07-28T12:00:00Z,15.888189541511274,2015
2014-07-29T12:00:00Z,15.353301701162751,2015
2014-07-30T12:00:00Z,15.035746689898259,2015
2014-07-31T12:00:00Z,15.10552351252923,2015
2014-08-01T12:00:00Z,15.598599858942508,2015
2014-08-02T12:00:00Z,15.85119476710664,2015
2014-08-03T12:00:00Z,15.914764757394558,2015
2014-08-04T12:00:00Z,17.54597590319907,2015
2014-08-05T12:00:00Z,19.537519718033792,2015
2014-08-06T12:00:00Z,20.07726566896616,2015
2014-08-07T12:00:00Z,19.806262450587155,2015
2014-08-08T12:00:00Z,21.29493766928513,2015
2014-08-09T12:00:00Z,21.19098121258234,2015
2014-08-10T12:00:00Z,20.66372083230537,2015
2014-08-11T12:00:00Z,20.58682413698994,2015
2014-08-12T12:00:00Z,20.662322959890563,2015
2014-08-13T12:00:00Z,21.158724012664436,2015
2014-08-14T12:00:00Z,20.776151780633807,2015
2014-08-15T12:00:00Z,20.962229381976,2015
2014-08-16T12:00:00Z,20.853308721387304,2015
2014-08-17T12:00:00Z,20.74305925294538,2015
2014-08-18T12:00:00Z,20.291582838958906,2015
2014-08-19T12:00:00Z,19.97434216680536,2015
2014-08-20T12:00:00Z,19.758949100936196,2015
2014-08-21T12:00:00Z,19.6374751076292,2015
2014-08-22T12:00:00Z,19.658172812984926,2015
2014-08-23T12:00:00Z,19.54005254221009,2015
2014-08-24T12:00:00Z,19.4339280207407,2015
2014-08-25T12:00:00Z,19.403037320995423,2015
2014-08-26T12:00:00Z,19.87646271731781,2015
2014-08-27T12:00:00Z,19.53724777448656,2015
2014-08-28T12:00:00Z,19.480951361885033,2015
2014-08-29T12:00:00Z,19.251594406991,2015
2014-08-30T12:00:00Z,18.937068561849117,2015
2014-08-31T12:00:00Z,18.604582838400336,2015
2014-09-01T12:00:00Z,18.301553182060175,2015
2014-09-02T12:00:00Z,18.26071442180002,2015
2014-09-03T12:00:00Z,18.946828868667012,2015
2014-09-04T12:00:00Z,18.79871593126471,2015
2014-09-05T12:00:00Z,19.101989060634498,2015
2014-09-06T12:00:00Z,19.220273871263025,2015
2014-09-07T12:00:00Z,19.3225863574184,2015
2014-09-08T12:00:00Z,19.800075345595133,2015
2014-09-09T12:00:00Z,19.84740668120744,2015
2014-09-10T12:00:00Z,20.5466170918346,2015
2014-09-11T12:00:00Z,20.5124507726815,2015
2014-09-12T12:00:00Z,23.05894646450775,2015
2014-09-13T12:00:00Z,23.344528042674646,2015
2014-09-14T12:00:00Z,23.480443203110653,2015
2014-09-15T12:00:00Z,24.099502811095626,2015
2014-09-16T12:00:00Z,23.752762496062754,2015
2014-09-17T12:00:00Z,23.921417267619102,2015
2014-09-18T12:00:00Z,24.421158125678428,2015
2014-09-19T12:00:00Z,24.349931485786026,2015
2014-09-20T12:00:00Z,24.388765840035344,2015
2014-09-21T12:00:00Z,24.905819219193194,2015
2014-09-22T12:00:00Z,24.74493609670327,2015
2014-09-23T12:00:00Z,25.39181835023243,2015
2014-09-24T12:00:00Z,25.53016553163295,2015
2014-09-25T12:00:00Z,25.348704687598637,2015
2014-09-26T12:00:00Z,25.20851702764849,2015
2014-09-27T12:00:00Z,25.16477275343063,2015
2014-09-28T12:00:00Z,24.816255028310884,2015
2014-09-29T12:00:00Z,24.631128137795862,2015
2014-09-30T12:00:00Z,25.85336815430532,2015
2014-10-01T12:00:00Z,25.77673067196576,2015
2014-10-02T12:00:00Z,25.47911930616642,2015
2014-10-03T12:00:00Z,25.128160657004674,2015
2014-10-04T12:00:00Z,24.84525755056555,2015
2014-10-05T12:00:00Z,24.462560245923033,2015
2014-10-06T12:00:00Z,24.106512750164185,2015
2014-10-07T12:00:00Z,24.18427925721672,2015
2014-10-08T12:00:00Z,24.282607313608214,2015
2014-10-09T12:00:00Z,24.13135031757112,2015
2014-10-10T12:00:00Z,23.832399887015843,2015
2014-10-11T12:00:00Z,23.497576383535588,2015
2014-10-12T12:00:00Z,23.18643527206081,2015
2014-10-13T12:00:00Z,22.985063392641962,2015
2014-10-14T12:00:00Z,22.851098859882264,2015
2014-10-15T12:00:00Z,22.71129622209551,2015
2014-10-16T12:00:00Z,22.55917720052101,2015
2014-10-17T12:00:00Z,22.172813558905414,2015
2014-10-18T12:00:00Z,21.910009892540277,2015
2014-10-19T12:00:00Z,21.657554268451676,2015
2014-10-20T12:00:00Z,21.59416099311556,2015
2014-10-21T12:00:00Z,22.557566502815828,2015
2014-10-22T12:00:00Z,22.77002467560371,2015
2014-10-23T12:00:00Z,23.78582748063748,2015
2014-10-24T12:00:00Z,24.345436038606664,2015
2014-10-25T12:00:00Z,24.153145113981438,2015
2014-10-26T12:00:00Z,23.881445536954395,2015
2014-10-27T12:00:00Z,23.577432464268952,2015
2014-10-28T12:00:00Z,23.31825444448473,2015
2014-10-29T12:00:00Z,23.056739569083952,2015
2014-10-30T12:00:00Z,22.853969179521464,2015
2014-10-31T12:00:00Z,22.56161999931298,2015
2014-11-01T12:00:00Z,22.20782551088249,2015
2014-11-02T12:00:00Z,21.696195563560135,2015
2014-11-03T12:00:00Z,21.408904244874062,2015
2014-11-04T12:00:00Z,21.211688897775506,2015
2014-11-05T12:00:00Z,21.084367902482057,2015
2014-11-06T12:00:00Z,21.152345373978463,2015
2014-11-07T12:00:00Z,21.054439192023732,2015
2014-11-08T12:00:00Z,20.934216757969573,2015
2014-11-09T12:00:00Z,21.44105730045087,2015
2014-11-10T12:00:00Z,22.28120990628477,2015
2014-11-11T12:00:00Z,22.21513578429395,2015
2014-11-12T12:00:00Z,22.07141697490834,2015
2014-11-13T12:00:00Z,21.76187636137709,2015
2014-11-14T12:00:00Z,21.420826256310203,2015
2014-11-15T12:00:00Z,21.231414304424103,2015
2014-11-16T12:00:00Z,21.064081819494138,2015
2014-11-17T12:00:00Z,20.94086388637924,2015
2014-11-18T12:00:00Z,20.768842572329913,2015
2014-11-19T12:00:00Z,21.17776713518391,2015
2014-11-20T12:00:00Z,21.080739002129707,2015
2014-11-21T12:00:00Z,21.141711522269553,2015
2014-11-22T12:00:00Z,21.099985603347466,2015
2014-11-23T12:00:00Z,21.05905177051477,2015
2014-11-24T12:00:00Z,20.913939664599713,2015
2014-11-25T12:00:00Z,20.781984058603367,2015
2014-11-26T12:00:00Z,20.819829588282,2015
2014-11-27T12:00:00Z,20.48496704447164,2015
2014-11-28T12:00:00Z,20.120776753747847,2015
2014-11-29T12:00:00Z,19.810017910427494,2015
2014-11-30T12:00:00Z,19.537533848753874,2015
2014-12-01T12:00:00Z,19.295553737277498,2015
2014-12-02T12:00:00Z,19.094842341492622,2015
2014-12-03T12:00:00Z,18.939192217185614,2015
2014-12-04T12:00:00Z,18.782868838736405,2015
2014-12-05T12:00:00Z,18.665711408357314,2015
2014-12-06T12:00:00Z,18.462976969648647,2015
2014-12-07T12:00:00Z,18.243414142427202,2015
2014-12-08T12:00:00Z,17.97311839355661,2015
2014-12-09T12:00:00Z,17.681488150778527,2015
2014-12-10T12:00:00Z,17.37328907532743,2015
2014-12-11T12:00:00Z,17.108443320699465,2015
2014-12-12T12:00:00Z,16.87598730084303,2015
2014-12-13T12:00:00Z,16.645299749299664,2015
2014-12-14T12:00:00Z,16.349471956473955,2015
2014-12-15T12:00:00Z,16.12030214279102,2015
2014-12-16T12:00:00Z,15.763731767486755,2015
2014-12-17T12:00:00Z,15.493918063632421,2015
2014-12-18T12:00:00Z,15.221843015703936,2015
2014-12-19T12:00:00Z,14.948555810873586,2015
2014-12-20T12:00:00Z,14.714502656313861,2015
2014-12-21T12:00:00Z,14.45601615357002,2015
2014-12-22T12:00:00Z,14.241376516558631,2015
2014-12-23T12:00:00Z,14.004559682203087,2015
2014-12-24T12:00:00Z,13.788861687672593,2015
2014-12-25T12:00:00Z,14.317450749868277,2015
2014-12-26T12:00:00Z,14.119393734349327,2015
2014-12-27T12:00:00Z,13.918275796438875,2015
2014-12-28T12:00:00Z,13.697067101490953,2015
2014-12-29T12:00:00Z,13.424973875978901,2015
2014-12-30T12:00:00Z,13.15053372774255,2015
2014-12-31T12:00:00Z,12.874329984199756,2015
2015-01-01T12:00:00Z,12.660254036971567,2015
2015-01-02T12:00:00Z,12.388135795816268,2015
2015-01-03T12:00:00Z,12.14508072320266,2015
2015-01-04T12:00:00Z,11.894285665477291,2015
2015-01-05T12:00:00Z,11.662109850622882,2015
2015-01-06T12:00:00Z,11.541609396348388,2015
2015-01-07T12:00:00Z,11.4491280981189,2015
2015-01-08T12:00:00Z,11.11329270186784,2015
2015-01-09T12:00:00Z,10.877873024610068,2015
2015-01-10T12:00:00Z,10.653490950746589,2015
2015-01-11T12:00:00Z,10.425984423111368,2015
2015-01-12T12:00:00Z,10.611844482933273,2015
2015-01-13T12:00:00Z,11.067042460865418,2015
2015-01-14T12:00:00Z,10.91624628209986,2015
2015-01-15T12:00:00Z,10.709180205575867,2015
2015-01-16T12:00:00Z,10.485901805942369,2015
2015-01-17T12:00:00Z,10.21293188249446,2015
2015-01-18T12:00:00Z,10.004498701517075,2015
2015-01-19T12:00:00Z,9.801087420029488,2015
2015-01-20T12:00:00Z,9.684971072796976,2015
2015-01-21T12:00:00Z,9.541704858070373,2015
2015-01-22T12:00:00Z,9.455921940921453,2015
2015-01-23T12:00:00Z,9.26814226715093,2015
2015-01-24T12:00:00Z,9.174969049012626,2015
2015-01-25T12:00:00Z,9.021664067771537,2015
2015-01-26T12:00:00Z,8.854025260600592,2015
2015-01-27T12:00:00Z,8.681977540841299,2015
2015-01-28T12:00:00Z,8.417004117419275,2015
2015-01-29T12:00:00Z,8.15855595208522,2015
2015-01-30T12:00:00Z,8.015080655417993,2015
2015-01-31T12:00:00Z,7.856212730278114,2015
2015-02-01T12:00:00Z,7.668869884409937,2015
2015-02-02T12:00:00Z,7.670725695521778,2015
2015-02-03T12:00:00Z,7.5502439170710955,2015
2015-02-04T12:00:00Z,7.3778031152562695,2015
2015-02-05T12:00:00Z,7.795639055958574,2015
2015-02-06T12:00:00Z,7.713861623056138,2015
2015-02-07T12:00:00Z,7.481674049936243,2015
2015-02-08T12:00:00Z,7.293071078690066,2015
2015-02-09T12:00:00Z,7.233090779988002,2015
2015-02-10T12:00:00Z,7.289100254796278,2015
2015-02-11T12:00:00Z,7.061031856811829,2015
2015-02-12T12:00:00Z,6.860652872356682,2015
2015-02-13T12:00:00Z,6.685766102132788,2015
2015-02-14T12:00:00Z,6.482388058944033,2015
2015-02-15T12:00:00Z,6.29591974198643,2015
2015-02-16T12:00:00Z,6.149509476183619,2015
2015-02-17T12:00:00Z,6.0343759590772645,2015
2015-02-18T12:00:00Z,7.0161430547449894,2015
2015-02-19T12:00:00Z,6.906797660728159,2015
2015-02-20T12:00:00Z,6.6377844725107,2015
2015-02-21T12:00:00Z,6.460490846657263,2015
2015-02-22T12:00:00Z,6.3695589974201505,2015
2015-02-23T12:00:00Z,6.532559444061339,2015
2015-02-24T12:00:00Z,6.5221894337924295,2015
2015-02-25T12:00:00Z,6.3650811955376545,2015
2015-02-26T12:00:00Z,6.245866745673886,2015
2015-02-27T12:00:00Z,6.168337158615045,2015
2015-02-28T12:00:00Z,6.0023607263018635,2015
2015-03-01T12:00:00Z,6.009629791227774,2015
2015-03-02T12:00:00Z,5.811036457546077,2015
2015-03-03T12:00:00Z,5.600957655509702,2015
2015-03-04T12:00:00Z,5.421713942838112,2015
2015-03-05T12:00:00Z,5.255050372190037,2015
2015-03-06T12:00:00Z,5.081058210262939,2015
2015-03-07T12:00:00Z,4.965194811912055,2015
2015-03-08T12:00:00Z,4.938864388311761,2015
2015-03-09T12:00:00Z,4.929698251732183,2015
2015-03-10T12:00:00Z,4.730646697606209,2015
2015-03-11T12:00:00Z,4.563292692229516,2015
2015-03-12T12:00:00Z,4.407259563723694,2015
2015-03-13T12:00:00Z,4.277025604907727,2015
2015-03-14T12:00:00Z,4.089789199853913,2015
2015-03-15T12:00:00Z,3.9016952549646464,2015
2015-03-16T12:00:00Z,3.809240798782065,2015
2015-03-17T12:00:00Z,4.111025461512203,2015
2015-03-18T12:00:00Z,3.9162057040895935,2015
2015-03-19T12:00:00Z,3.7459535514923084,2015
2015-03-20T12:00:00Z,3.5918777005329185,2015
2015-03-21T12:00:00Z,3.4265576410713905,2015
2015-03-22T12:00:00Z,3.2672384969868227,2015
2015-03-23T12:00:00Z,3.134379902177004,2015
2015-03-24T12:00:00Z,3.0801053907317235,2015
2015-03-25T12:00:00Z,3.0527919447153486,2015
2015-03-26T12:00:00Z,2.822511299636058,2015
2015-03-27T12:00:00Z,2.674933999397379,2015
2015-03-28T12:00:00Z,2.820321035820053,2015
2015-03-29T12:00:00Z,2.5644980576228673,2015
2015-03-30T12:00:00Z,2.306546081186625,2015
2015-03-31T12:00:00Z,2.112296626348337,2015
2015-04-01T12:00:00Z,1.9710138810544944,2015
2015-04-02T12:00:00Z,1.8271931284847036,2015
2015-04-03T12:00:00Z,1.7038914196988628,2015
2015-04-04T12:00:00Z,1.5482903747553924,2015
2015-04-05T12:00:00Z,1.4638191828181297,2015
2015-04-06T12:00:00Z,1.359685292702814,2015
2015-04-07T12:00:00Z,1.2592006732971497,2015
2015-04-08T12:00:00Z,1.141131049645636,2015
2015-04-09T12:00:00Z,1.0522914135841386,2015
2015-04-10T12:00:00Z,0.9618903252800578,2015
2015-04-11T12:00:00Z,0.9790177369561415,2015
2015-04-12T12:00:00Z,1.1176324564726416,2015
2015-04-13T12:00:00Z,1.0391831811564909,2015
2015-04-14T12:00:00Z,0.9379149238696645,2015
2015-04-15T12:00:00Z,0.8533768216846738,2015
2015-04-16T12:00:00Z,0.7840305517282589,2015
2015-04-17T12:00:00Z,0.7140980912702675,2015
2015-04-18T12:00:00Z,0.8578540044480042,2015
2015-04-19T12:00:00Z,0.803036706221092,2015
2015-04-20T12:00:00Z,0.7399105886520999,2015
2015-04-21T12:00:00Z,0.9195227700045714,2015
2015-04-22T12:00:00Z,0.946340224861982,2015
2015-04-23T12:00:00Z,0.9947176115373907,2015
2015-04-24T12:00:00Z,0.9176514229625026,2015
2015-04-25T12:00:00Z,0.9569645196403743,2015
2015-04-26T12:00:00Z,0.8726448185588657,2015
2015-04-27T12:00:00Z,0.7952304433246784,2015
2015-04-28T12:00:00Z,0.7541492624509346,2015
2015-04-29T12:00:00Z,5.745059358991909,2015
2015-04-30T12:00:00Z,6.654093587783828,2015
2015-05-01T12:00:00Z,6.449906068193807,2015
2015-05-02T12:00:00Z,5.976016290087425,2015
2015-05-03T12:00:00Z,5.545918358551534,2015
2015-05-04T12:00:00Z,5.0504779793927765,2015
2015-05-05T12:00:00Z,4.886823158965872,2015
2015-05-06T12:00:00Z,4.701581777741697,2015
2015-05-07T12:00:00Z,4.402125122597355,2015
2015-05-08T12:00:00Z,4.053319076751518,2015
2015-05-09T12:00:00Z,3.745117938798742,2015
2015-05-10T12:00:00Z,3.4696925060872816,2015
2015-05-11T12:00:00Z,3.1466767749753686,2015
2015-05-12T12:00:00Z,2.884254173760783,2015
2015-05-13T12:00:00Z,2.6072156481656457,2015
2015-05-14T12:00:00Z,2.358316871649371,2015
2015-05-15T12:00:00Z,2.069947868112719,2015
2015-05-16T12:00:00Z,1.821334981690658,2015
2015-05-17T12:00:00Z,1.6204408634829826,2015
2015-05-18T12:00:00Z,1.4383791635511671,2015
2015-05-19T12:00:00Z,1.2762312356393555,2015
2015-05-20T12:00:00Z,1.1334697134296585,2015
2015-05-21T12:00:00Z,1.051830061019401,2015
2015-05-22T12:00:00Z,1.1343991054785707,2015
2015-05-23T12:00:00Z,1.6944792122378523,2015
2015-05-24T12:00:00Z,1.4422920399910089,2015
2015-05-25T12:00:00Z,1.1990992175551982,2015
2015-05-26T12:00:00Z,0.9941905004358198,2015
2015-05-27T12:00:00Z,0.7978177120706594,2015
2015-05-28T12:00:00Z,0.6630802285250907,2015
2015-05-29T12:00:00Z,0.5360127728377687,2015
2015-05-30T12:00:00Z,0.472855300353393,2015
2015-06-01T12:00:00Z,0.6306342416248639,2016
2015-06-02T12:00:00Z,0.6483145836167892,2016
2015-06-03T12:00:00Z,0.741531744482585,2016
2015-06-04T12:00:00Z,0.7986873666143791,2016
2015-06-05T12:00:00Z,1.166101997109982,2016
2015-06-06T12:00:00Z,1.406012000034068,2016
2015-06-07T12:00:00Z,2.1409486530751836,2016
2015-06-08T12:00:00Z,2.216111358512744,2016
2015-06-09T12:00:00Z,3.146788635482167,2016
2015-06-10T12:00:00Z,3.7351275580578522,2016
2015-06-11T12:00:00Z,3.8143151578134935,2016
2015-06-12T12:00:00Z,3.626635202753789,2016
2015-06-13T12:00:00Z,3.4025431529898835,2016
2015-06-14T12:00:00Z,3.204742737200538,2016
2015-06-15T12:00:00Z,3.1459968841741413,2016
2015-06-16T12:00:00Z,3.323189230489451,2016
2015-06-17T12:00:00Z,3.040553109822147,2016
2015-06-18T12:00:00Z,2.7654042860757593,2016
2015-06-19T12:00:00Z,2.5293633609338793,2016
2015-06-20T12:00:00Z,2.4657406930008086,2016
2015-06-21T12:00:00Z,2.6350663626374975,2016
2015-06-22T12:00:00Z,2.4669220121028257,2016
2015-06-23T12:00:00Z,2.2589218061070717,2016
2015-06-24T12:00:00Z,2.0504213463431125,2016
2015-06-25T12:00:00Z,1.9083945429859268,2016
2015-06-26T12:00:00Z,2.0202935836384626,2016
2015-06-27T12:00:00Z,2.152979461190516,2016
2015-06-28T12:00:00Z,2.480308539483853,2016
2015-06-29T12:00:00Z,2.2989893513462567,2016
2015-06-30T12:00:00Z,2.0878934361325188,2016
2015-07-01T12:00:00Z,2.1160229558998993,2016
2015-07-02T12:00:00Z,1.9460067687229592,2016
2015-07-03T12:00:00Z,1.863196400342095,2016
2015-07-04T12:00:00Z,2.2231021143809824,2016
2015-07-05T12:00:00Z,2.014752540736661,2016
2015-07-06T12:00:00Z,1.9624974496801266,2016
2015-07-07T12:00:00Z,3.0329649580097104,2016
2015-07-08T12:00:00Z,3.36208320427011,2016
2015-07-09T12:00:00Z,3.1931455344224418,2016
2015-07-10T12:00:00Z,2.9795417562287656,2016
2015-07-11T12:00:00Z,2.8119390425380835,2016
2015-07-12T12:00:00Z,2.9391268527531134,2016
2015-07-13T12:00:00Z,3.025702397754447,2016
2015-07-14T12:00:00Z,3.0795572468571284,2016
2015-07-15T12:00:00Z,3.0389599427624616,2016
2015-07-16T12:00:00Z,3.2015342199487153,2016
2015-07-17T12:00:00Z,3.2801509917307787,2016
2015-07-18T12:00:00Z,3.9508259366880316,2016
2015-07-19T12:00:00Z,4.048076834845613,2016
2015-07-20T12:00:00Z,3.950832484576424,2016
2015-07-21T12:00:00Z,4.101322012246531,2016
2015-07-22T12:00:00Z,4.146857363435127,2016
2015-07-23T12:00:00Z,4.304194206005212,2016
2015-07-24T12:00:00Z,4.519621639877529,2016
2015-07-25T12:00:00Z,4.505074385584977,2016
2015-07-26T12:00:00Z,5.6765469494225576,2016
2015-07-27T12:00:00Z,5.972553218561101,2016
2015-07-28T12:00:00Z,5.829157517624181,2016
2015-07-29T12:00:00Z,5.502672542204002,2016
2015-07-30T12:00:00Z,5.237156111760892,2016
2015-07-31T12:00:00Z,5.041485227829796,2016
2015-08-01T12:00:00Z,5.526659545071795,2016
2015-08-02T12:00:00Z,5.29915669597211,2016
2015-08-03T12:00:00Z,5.680519847876878,2016
2015-08-04T12:00:00Z,6.297813019451269,2016
2015-08-05T12:00:00Z,6.335134416042182,2016
2015-08-06T12:00:00Z,6.0477858519811,2016
2015-08-07T12:00:00Z,5.732231768595017,2016
2015-08-08T12:00:00Z,5.459043478241863,2016
2015-08-09T12:00:00Z,5.128154021087052,2016
2015-08-10T12:00:00Z,4.929742415312105,2016
2015-08-11T12:00:00Z,5.126351317345921,2016
2015-08-12T12:00:00Z,5.452645833351003,2016
2015-08-13T12:00:00Z,5.464505793829973,2016
2015-08-14T12:00:00Z,7.377322583666745,2016
2015-08-15T12:00:00Z,7.457954399172403,2016
2015-08-16T12:00:00Z,7.300867821695055,2016
2015-08-17T12:00:00Z,6.928510975989492,2016
2015-08-18T12:00:00Z,6.663415454638927,2016
2015-08-19T12:00:00Z,6.459425170157728,2016
2015-08-20T12:00:00Z,6.2343278129934445,2016
2015-08-21T12:00:00Z,6.734362884518215,2016
2015-08-22T12:00:00Z,6.591770340331505,2016
2015-08-23T12:00:00Z,6.719959287049138,2016
2015-08-24T12:00:00Z,6.66035041398096,2016
2015-08-25T12:00:00Z,6.57094948219389,2016
2015-08-26T12:00:00Z,6.905072488583968,2016
2015-08-27T12:00:00Z,7.8843771349321266,2016
2015-08-28T12:00:00Z,7.760802557606188,2016
2015-08-29T12:00:00Z,7.726334407187116,2016
2015-08-30T12:00:00Z,9.364062948675278,2016
2015-08-31T12:00:00Z,9.307620534186965,2016
2015-09-01T12:00:00Z,9.02209662643866,2016
2015-09-02T12:00:00Z,9.377920612789158,2016
2015-09-03T12:00:00Z,9.545077569057378,2016
2015-09-04T12:00:00Z,9.814058315742262,2016
2015-09-05T12:00:00Z,9.797205276937607,2016
2015-09-06T12:00:00Z,9.950478229326553,2016
2015-09-07T12:00:00Z,10.843291045309398,2016
2015-09-08T12:00:00Z,10.829432438356285,2016
2015-09-09T12:00:00Z,10.78978857162767,2016
2015-09-10T12:00:00Z,10.68909624694727,2016
2015-09-11T12:00:00Z,10.53983017625351,2016
2015-09-12T12:00:00Z,10.528255766495901,2016
2015-09-13T12:00:00Z,10.33762847272703,2016
2015-09-14T12:00:00Z,10.173445505073092,2016
2015-09-15T12:00:00Z,10.804061089393324,2016
2015-09-16T12:00:00Z,11.348610603797681,2016
2015-09-17T12:00:00Z,12.967633447217427,2016
2015-09-18T12:00:00Z,14.01815260509786,2016
2015-09-19T12:00:00Z,14.123268795060131,2016
2015-09-20T12:00:00Z,13.890640739128942,2016
2015-09-21T12:00:00Z,14.40389345259671,2016
2015-09-22T12:00:00Z,15.051566990629116,2016
2015-09-23T12:00:00Z,15.527676717821695,2016
2015-09-24T12:00:00Z,15.858760546190148,2016
2015-09-25T12:00:00Z,15.880456366104664,2016
2015-09-26T12:00:00Z,16.5730400493166,2016
2015-09-27T12:00:00Z,17.12090116948269,2016
2015-09-28T12:00:00Z,17.52874177074339,2016
2015-09-29T12:00:00Z,18.263581972140873,2016
2015-09-30T12:00:00Z,18.242830562684958,2016
2015-10-01T12:00:00Z,18.122054008218615,2016
2015-10-02T12:00:00Z,18.037140830466843,2016
2015-10-03T12:00:00Z,17.795059389325477,2016
2015-10-04T12:00:00Z,17.57886627077706,2016
2015-10-05T12:00:00Z,17.52127503909747,2016
2015-10-06T12:00:00Z,17.68950558717524,2016
2015-10-07T12:00:00Z,17.693063199531785,2016
2015-10-08T12:00:00Z,18.132919978067996,2016
2015-10-09T12:00:00Z,18.688236489422057,2016
2015-10-10T12:00:00Z,19.153909034056483,2016
2015-10-11T12:00:00Z,19.100347081501035,2016
2015-10-12T12:00:00Z,19.060313510427747,2016
2015-10-13T12:00:00Z,18.9128927437262,2016
2015-10-14T12:00:00Z,20.45029248425356,2016
2015-10-15T12:00:00Z,20.393325701609882,2016
2015-10-16T12:00:00Z,20.60002241143984,2016
2015-10-17T12:00:00Z,20.721676757636896,2016
2015-10-18T12:00:00Z,20.396690550046618,2016
2015-10-19T12:00:00Z,20.41647432553313,2016
2015-10-20T12:00:00Z,20.038135288137646,2016
2015-10-21T12:00:00Z,19.73549400921783,2016
2015-10-22T12:00:00Z,19.502973529617655,2016
2015-10-23T12:00:00Z,19.402349103886515,2016
2015-10-24T12:00:00Z,19.548303026036812,2016
2015-10-25T12:00:00Z,19.4513814033187,2016
2015-10-26T12:00:00Z,19.341006863665978,2016
2015-10-27T12:00:00Z,19.235855090676512,2016
2015-10-28T12:00:00Z,20.037316023474457,2016
2015-10-29T12:00:00Z,20.414327080593054,2016
2015-10-30T12:00:00Z,20.37994269955754,2016
2015-10-31T12:00:00Z,20.345283188712468,2016
2015-11-01T12:00:00Z,20.198153900749887,2016
2015-11-02T12:00:00Z,20.02343106867634,2016
2015-11-03T12:00:00Z,19.84947173653807,2016
2015-11-04T12:00:00Z,19.6553086553568,2016
2015-11-05T12:00:00Z,19.435976043200515,2016
2015-11-06T12:00:00Z,19.199300602437468,2016
2015-11-07T12:00:00Z,19.048102698690393,2016
2015-11-08T12:00:00Z,18.902116123399352,2016
2015-11-09T12:00:00Z,18.804083367683045,2016
2015-11-10T12:00:00Z,18.571658642051503,2016
2015-11-11T12:00:00Z,18.03188738965381,2016
2015-11-12T12:00:00Z,17.863786193999907,2016
2015-11-13T12:00:00Z,18.159796681658644,2016
2015-11-14T12:00:00Z,19.32454789191572,2016
2015-11-15T12:00:00Z,19.61270940166029,2016
2015-11-16T12:00:00Z,19.480314133333064,2016
2015-11-17T12:00:00Z,19.38358660827771,2016
2015-11-18T12:00:00Z,19.118369677017764,2016
2015-11-19T12:00:00Z,18.835667364417514,2016
2015-11-20T12:00:00Z,18.600470950344285,2016
2015-11-21T12:00:00Z,18.60594464698104,2016
2015-11-22T12:00:00Z,19.898188517866593,2016
2015-11-23T12:00:00Z,19.91531820465372,2016
2015-11-24T12:00:00Z,19.514826937964102,2016
2015-11-25T12:00:00Z,19.16722544878867,2016
2015-11-26T12:00:00Z,18.976199831434844,2016
2015-11-27T12:00:00Z,18.866521488254147,2016
2015-11-28T12:00:00Z,18.573171172833234,2016
2015-11-29T12:00:00Z,18.199770727307044,2016
2015-11-30T12:00:00Z,17.979107615436327,2016
2015-12-01T12:00:00Z,18.056421602192636,2016
2015-12-02T12:00:00Z,18.295643611846312,2016
2015-12-03T12:00:00Z,19.07590887539534,2016
2015-12-04T12:00:00Z,24.094348164706926,2016
2015-12-05T12:00:00Z,25.236304609689142,2016
2015-12-06T12:00:00Z,28.349931984433464,2016
2015-12-07T12:00:00Z,28.733503847934823,2016
2015-12-08T12:00:00Z,28.903409258742524,2016
2015-12-09T12:00:00Z,28.742444037924084,2016
2015-12-10T12:00:00Z,28.57883240842679,2016
2015-12-11T12:00:00Z,28.383470841276072,2016
2015-12-12T12:00:00Z,28.23459351985158,2016
2015-12-13T12:00:00Z,28.043969223198065,2016
2015-12-14T12:00:00Z,28.112297590705953,2016
2015-12-15T12:00:00Z,27.924226310460973,2016
2015-12-16T12:00:00Z,27.712263945711232,2016
2015-12-17T12:00:00Z,27.429845885875526,2016
2015-12-18T12:00:00Z,27.16927013163702,2016
2015-12-19T12:00:00Z,26.844276623160784,2016
2015-12-20T12:00:00Z,26.36618302080937,2016
2015-12-21T12:00:00Z,26.214741557492097,2016
2015-12-22T12:00:00Z,26.13723609281684,2016
2015-12-23T12:00:00Z,26.87208566787077,2016
2015-12-24T12:00:00Z,26.702993773106382,2016
2015-12-25T12:00:00Z,26.470894161937984,2016
2015-12-26T12:00:00Z,26.2364009371467,2016
2015-12-27T12:00:00Z,26.02582049514591,2016
2015-12-28T12:00:00Z,25.850714945816502,2016
2015-12-29T12:00:00Z,25.640423752395225,2016
2015-12-30T12:00:00Z,25.43996033112753,2016
2015-12-31T12:00:00Z,25.136287951959805,2016
2016-01-01T12:00:00Z,24.79232618143229,2016
2016-01-02T12:00:00Z,24.64112419685117,2016
2016-01-03T12:00:00Z,25.173203569481352,2016
2016-01-04T12:00:00Z,25.14803371616255,2016
2016-01-05T12:00:00Z,24.85539070772961,2016
2016-01-06T12:00:00Z,24.948093405619893,2016
2016-01-07T12:00:00Z,24.932930940185308,2016
2016-01-08T12:00:00Z,24.806285356938197,2016
2016-01-09T12:00:00Z,24.737998725291447,2016
2016-01-10T12:00:00Z,25.671242669840634,2016
2016-01-11T12:00:00Z,25.49414762367114,2016
2016-01-12T12:00:00Z,25.809639433245234,2016
2016-01-13T12:00:00Z,25.639402104077913,2016
2016-01-14T12:00:00Z,25.524212416098706,2016
2016-01-15T12:00:00Z,26.64787813732136,2016
2016-01-16T12:00:00Z,28.41610187358651,2016
2016-01-17T12:00:00Z,28.661696435702304,2016
2016-01-18T12:00:00Z,28.38825035300708,2016
2016-01-19T12:00:00Z,27.94326648076998,2016
2016-01-20T12:00:00Z,27.500935713948277,2016
2016-01-21T12:00:00Z,27.27669958288359,2016
2016-01-22T12:00:00Z,28.28713378766141,2016
2016-01-23T12:00:00Z,30.007935432729244,2016
2016-01-24T12:00:00Z,29.573046944867617,2016
2016-01-25T12:00:00Z,29.23377467135841,2016
2016-01-26T12:00:00Z,28.892845160347008,2016
2016-01-27T12:00:00Z,28.773626338629953,2016
2016-01-28T12:00:00Z,33.182588651061174,2016
2016-01-29T12:00:00Z,33.739925548168635,2016
2016-01-30T12:00:00Z,33.30885514157526,2016
2016-01-31T12:00:00Z,32.95227323470456,2016
2016-02-01T12:00:00Z,33.7157097526909,2016
2016-02-02T12:00:00Z,33.50145879767901,2016
2016-02-03T12:00:00Z,33.15275766361472,2016
2016-02-04T12:00:00Z,32.60280132153592,2016
2016-02-05T12:00:00Z,32.64012396734912,2016
2016-02-06T12:00:00Z,32.30097385288803,2016
2016-02-07T12:00:00Z,32.823280182968276,2016
2016-02-08T12:00:00Z,32.27986866916429,2016
2016-02-09T12:00:00Z,31.90741870769908,2016
2016-02-10T12:00:00Z,31.515660054116243,2016
2016-02-11T12:00:00Z,31.131940693252815,2016
2016-02-12T12:00:00Z,30.791997576834056,2016
2016-02-13T12:00:00Z,30.473844757042716,2016
2016-02-14T12:00:00Z,30.125510771617833,2016
2016-02-15T12:00:00Z,29.851984707312067,2016
2016-02-16T12:00:00Z,30.42137257513407,2016
2016-02-17T12:00:00Z,30.390856579211736,2016
2016-02-18T12:00:00Z,30.216027127377085,2016
2016-02-19T12:00:00Z,29.973029639928747,2016
2016-02-20T12:00:00Z,29.772470588571995,2016
2016-02-21T12:00:00Z,29.65194406490718,2016
2016-02-22T12:00:00Z,29.58201452268326,2016
2016-02-23T12:00:00Z,29.658017706240543,2016
2016-02-24T12:00:00Z,29.800887047322092,2016
2016-02-25T12:00:00Z,29.783474135048593,2016
2016-02-26T12:00:00Z,29.539379619080922,2016
2016-02-27T12:00:00Z,29.33863530672729,2016
2016-02-28T12:00:00Z,29.182108652112998,2016
2016-02-29T12:00:00Z,29.156013840676287,2016
2016-03-01T12:00:00Z,29.188089388848283,2016
2016-03-02T12:00:00Z,29.1864380143882,2016
2016-03-03T12:00:00Z,29.127154446582253,2016
2016-03-04T12:00:00Z,29.110044866537603,2016
2016-03-05T12:00:00Z,29.029722479204707,2016
2016-03-06T12:00:00Z,29.02297106471048,2016
2016-03-07T12:00:00Z,28.80974215422041,2016
2016-03-08T12:00:00Z,28.638921509433562,2016
2016-03-09T12:00:00Z,28.42015622299635,2016
2016-03-10T12:00:00Z,28.19893702078286,2016
2016-03-11T12:00:00Z,28.010373900476093,2016
2016-03-12T12:00:00Z,27.888266262485043,2016
2016-03-13T12:00:00Z,27.796408462127438,2016
2016-03-14T12:00:00Z,27.72518286973559,2016
2016-03-15T12:00:00Z,27.608068486613227,2016
2016-03-16T12:00:00Z,27.50543150480884,2016
2016-03-17T12:00:00Z,27.365559618812817,2016
2016-03-18T12:00:00Z,27.258666157827555,2016
2016-03-19T12:00:00Z,27.143214724550752,2016
2016-03-20T12:00:00Z,27.32364497185921,2016
2016-03-21T12:00:00Z,27.322210993075583,2016
2016-03-22T12:00:00Z,26.99619437933669,2016
2016-03-23T12:00:00Z,26.796987988263457,2016
2016-03-24T12:00:00Z,26.67509631578182,2016
2016-03-25T12:00:00Z,26.67090082420191,2016
2016-03-26T12:00:00Z,26.693682055065846,2016
2016-03-27T12:00:00Z,26.552917958076506,2016
2016-03-28T12:00:00Z,26.39577392420269,2016
2016-03-29T12:00:00Z,26.375645768805885,2016
2016-03-30T12:00:00Z,27.116269217459273,2016
2016-03-31T12:00:00Z,26.96525204729847,2016
2016-04-01T12:00:00Z,26.762512815360576,2016
2016-04-02T12:00:00Z,26.489080078939267,2016
2016-04-03T12:00:00Z,26.392348360390667,2016
2016-04-04T12:00:00Z,26.260214046008674,2016
2016-04-05T12:00:00Z,26.18648368097426,2016
2016-04-06T12:00:00Z,26.05732186387615,2016
2016-04-07T12:00:00Z,26.047239343683355,2016
2016-04-08T12:00:00Z,25.81603203105296,2016
2016-04-09T12:00:00Z,25.459420079130034,2016
2016-04-10T12:00:00Z,25.090335044101334,2016
2016-04-11T12:00:00Z,24.788524776466563,2016
2016-04-12T12:00:00Z,24.54019392976915,2016
2016-04-13T12:00:00Z,24.347180351518627,2016
2016-04-14T12:00:00Z,24.053429161057416,2016
2016-04-15T12:00:00Z,23.8661249562412,2016
2016-04-16T12:00:00Z,24.072329421725257,2016
2016-04-17T12:00:00Z,23.836359757120768,2016
2016-04-18T12:00:00Z,23.404138062609746,2016
2016-04-19T12:00:00Z,23.095408488884495,2016
2016-04-20T12:00:00Z,22.776470941592677,2016
2016-04-21T12:00:00Z,22.423004412592682,2016
2016-04-22T12:00:00Z,22.15889775816946,2016
2016-04-23T12:00:00Z,22.352233273383455,2016
2016-04-24T12:00:00Z,22.070031260912845,2016
2016-04-25T12:00:00Z,21.790842513344547,2016
2016-04-26T12:00:00Z,21.503966274650278,2016
2016-04-27T12:00:00Z,21.227631744348336,2016
2016-04-28T12:00:00Z,20.97301178388626,2016
2016-04-29T12:00:00Z,20.878772512717532,2016
2016-04-30T12:00:00Z,20.549188231956304,2016
2016-05-01T12:00:00Z,20.21039137347263,2016
2016-05-02T12:00:00Z,19.861380073039935,2016
2016-05-03T12:00:00Z,19.617217158853833,2016
2016-05-04T12:00:00Z,21.499553123355845,2016
2016-05-05T12:00:00Z,24.817947189064732,2016
2016-05-06T12:00:00Z,24.619524848910668,2016
2016-05-07T12:00:00Z,24.222904041324842,2016
2016-05-08T12:00:00Z,23.839887669212555,2016
2016-05-09T12:00:00Z,23.443304325189224,2016
2016-05-10T12:00:00Z,23.0165340629544,2016
2016-05-11T12:00:00Z,22.664629994375115,2016
2016-05-12T12:00:00Z,22.30279664407018,2016
2016-05-13T12:00:00Z,21.923179204947335,2016
2016-05-14T12:00:00Z,21.519123342274217,2016
2016-05-15T12:00:00Z,21.131922289508736,2016
2016-05-16T12:00:00Z,21.184797167532825,2016
2016-05-17T12:00:00Z,21.657243563472697,2016
2016-05-18T12:00:00Z,21.931119655844746,2016
2016-05-19T12:00:00Z,24.144683460857678,2016
2016-05-20T12:00:00Z,23.837600266781656,2016
2016-05-21T12:00:00Z,23.90458711839913,2016
2016-05-22T12:00:00Z,23.402961260961856,2016
2016-05-23T12:00:00Z,22.80620530744491,2016
2016-05-24T12:00:00Z,22.61407714434165,2016
2016-05-25T12:00:00Z,22.458429430327385,2016
2016-05-26T12:00:00Z,21.86795389031103,2016
2016-05-27T12:00:00Z,21.469025712522306,2016
2016-05-28T12:00:00Z,21.54337665219732,2016
2016-05-29T12:00:00Z,21.403868436486434,2016
2016-05-30T12:00:00Z,21.2147455427252,2016
2016-06-01T12:00:00Z,21.620768908655723,2017
2016-06-02T12:00:00Z,21.537585470211727,2017
2016-06-03T12:00:00Z,21.80916234940203,2017
2016-06-04T12:00:00Z,21.324003929536094,2017
2016-06-05T12:00:00Z,20.863930793607153,2017
2016-06-06T12:00:00Z,20.49450756186486,2017
2016-06-07T12:00:00Z,20.296322474820606,2017
2016-06-08T12:00:00Z,20.33900357579391,2017
2016-06-09T12:00:00Z,20.353132818331332,2017
2016-06-10T12:00:00Z,20.37844357275706,2017
2016-06-11T12:00:00Z,20.661030942289184,2017
2016-06-12T12:00:00Z,21.28280389063739,2017
2016-06-13T12:00:00Z,20.885440505706832,2017
2016-06-14T12:00:00Z,20.473813973117647,2017
2016-06-15T12:00:00Z,20.09805866142445,2017
2016-06-16T12:00:00Z,20.494154053547007,2017
2016-06-17T12:00:00Z,20.084945473871784,2017
2016-06-18T12:00:00Z,19.701805934756557,2017
2016-06-19T12:00:00Z,19.2394749064637,2017
2016-06-20T12:00:00Z,19.229721697443964,2017
2016-06-21T12:00:00Z,19.716297958413254,2017
2016-06-22T12:00:00Z,19.6507323475706,2017
2016-06-23T12:00:00Z,19.704933658963203,2017
2016-06-24T12:00:00Z,19.80318491935263,2017
2016-06-25T12:00:00Z,19.993166470854568,2017
2016-06-26T12:00:00Z,20.064630353018774,2017
2016-06-27T12:00:00Z,21.16164249561209,2017
2016-06-28T12:00:00Z,21.831873286599393,2017
2016-06-29T12:00:00Z,22.297909927881896,2017
2016-06-30T12:00:00Z,23.057360678485043,2017
2016-07-01T12:00:00Z,24.724334031337623,2017
2016-07-02T12:00:00Z,25.428305410708315,2017
2016-07-03T12:00:00Z,25.686754678302133,2017
2016-07-04T12:00:00Z,25.36646017262331,2017
2016-07-05T12:00:00Z,24.909287410711798,2017
2016-07-06T12:00:00Z,24.35543477145278,2017
2016-07-07T12:00:00Z,23.754870221757283,2017
2016-07-08T12:00:00Z,23.191898397297162,2017
2016-07-09T12:00:00Z,22.88264834138252,2017
2016-07-10T12:00:00Z,22.48394725680001,2017
2016-07-11T12:00:00Z,21.92722619128624,2017
2016-07-12T12:00:00Z,21.437540783914834,2017
2016-07-13T12:00:00Z,22.197343341096957,2017
2016-07-14T12:00:00Z,22.638649223787194,2017
2016-07-15T12:00:00Z,22.504774267316215,2017
2016-07-16T12:00:00Z,24.622198126248353,2017
2016-07-17T12:00:00Z,24.27640000281675,2017
2016-07-18T12:00:00Z,24.085678990557426,2017
2016-07-19T12:00:00Z,23.680863415669506,2017
2016-07-20T12:00:00Z,23.220577800635844,2017
2016-07-21T12:00:00Z,23.236543848722384,2017
2016-07-22T12:00:00Z,23.65170541218282,2017
2016-07-23T12:00:00Z,23.696231988664938,2017
2016-07-24T12:00:00Z,23.98752014060212,2017
2016-07-25T12:00:00Z,24.160016907604152,2017
2016-07-26T12:00:00Z,23.753445951478604,2017
2016-07-27T12:00:00Z,23.371414285121773,2017
2016-07-28T12:00:00Z,23.095542555294355,2017
2016-07-29T12:00:00Z,22.72296809996027,2017
2016-07-30T12:00:00Z,22.466595461879958,2017
2016-07-31T12:00:00Z,22.480170148920475,2017
2016-08-01T12:00:00Z,22.36731157405603,2017
2016-08-02T12:00:00Z,22.599175589652067,2017
2016-08-03T12:00:00Z,25.835781023714848,2017
2016-08-04T12:00:00Z,25.77840654310587,2017
2016-08-05T12:00:00Z,25.678498280503725,2017
2016-08-06T12:00:00Z,25.363773216953707,2017
2016-08-07T12:00:00Z,25.93832827025366,2017
2016-08-08T12:00:00Z,26.15448265351231,2017
2016-08-09T12:00:00Z,27.135700502825298,2017
2016-08-10T12:00:00Z,27.614893462071805,2017
2016-08-11T12:00:00Z,27.709465109799915,2017
2016-08-12T12:00:00Z,28.129322801117333,2017
2016-08-13T12:00:00Z,27.728608281325172,2017
2016-08-14T12:00:00Z,27.37800058034211,2017
2016-08-15T12:00:00Z,27.07924603804085,2017
2016-08-16T12:00:00Z,26.901947608960832,2017
2016-08-17T12:00:00Z,26.91763538585704,2017
2016-08-18T12:00:00Z,26.737987311930194,2017
2016-08-19T12:00:00Z,26.460590289785628,2017
2016-08-20T12:00:00Z,26.39910676150084,2017
2016-08-21T12:00:00Z,26.0538255465019,2017
2016-08-22T12:00:00Z,26.074475240940913,2017
2016-08-23T12:00:00Z,25.779965579101084,2017
2016-08-24T12:00:00Z,25.52296190215138,2017
2016-08-25T12:00:00Z,26.13667910311528,2017
2016-08-26T12:00:00Z,27.711852111171908,2017
2016-08-27T12:00:00Z,27.635423947408082,2017
2016-08-28T12:00:00Z,27.630416296137884,2017
2016-08-29T12:00:00Z,27.76353886582826,2017
2016-08-30T12:00:00Z,30.851172977936955,2017
2016-08-31T12:00:00Z,32.16977726528157,2017
2016-09-01T12:00:00Z,32.71372033809471,2017
2016-09-02T12:00:00Z,32.31098634157545,2017
2016-09-03T12:00:00Z,32.368159594148196,2017
2016-09-04T12:00:00Z,32.463778215570855,2017
2016-09-05T12:00:00Z,32.076949230347275,2017
2016-09-06T12:00:00Z,32.825827084465665,2017
2016-09-07T12:00:00Z,33.27877034832752,2017
2016-09-08T12:00:00Z,33.43177977168712,2017
2016-09-09T12:00:00Z,33.1721200893488,2017
2016-09-10T12:00:00Z,32.73161880341846,2017
2016-09-11T12:00:00Z,32.88955892652536,2017
2016-09-12T12:00:00Z,33.162177473043954,2017
2016-09-13T12:00:00Z,33.912242258353984,2017
2016-09-14T12:00:00Z,33.68937031263002,2017
2016-09-15T12:00:00Z,33.564357667711874,2017
2016-09-16T12:00:00Z,33.36188800841658,2017
2016-09-17T12:00:00Z,33.428912840347216,2017
2016-09-18T12:00:00Z,33.18694519057914,2017
2016-09-19T12:00:00Z,32.978488797702475,2017
2016-09-20T12:00:00Z,32.65721587163344,2017
2016-09-21T12:00:00Z,32.4250839906855,2017
2016-09-22T12:00:00Z,32.488175159850385,2017
2016-09-23T12:00:00Z,33.08523710953267,2017
2016-09-24T12:00:00Z,33.062107244224435,2017
2016-09-25T12:00:00Z,33.262450735295786,2017
2016-09-26T12:00:00Z,33.06199770749024,2017
2016-09-27T12:00:00Z,33.7920272361053,2017
2016-09-28T12:00:00Z,35.930433840662914,2017
2016-09-29T12:00:00Z,35.801312501890536,2017
2016-09-30T12:00:00Z,35.96536099810325,2017
2016-10-01T12:00:00Z,37.19276674851615,2017
2016-10-02T12:00:00Z,36.73010613369545,2017
2016-10-03T12:00:00Z,36.377508136177624,2017
2016-10-04T12:00:00Z,36.681243223868435,2017
2016-10-05T12:00:00Z,36.40449036701886,2017
2016-10-06T12:00:00Z,36.28641915970521,2017
2016-10-07T12:00:00Z,36.51590555575872,2017
2016-10-08T12:00:00Z,36.08195093969407,2017
2016-10-09T12:00:00Z,35.630906284847875,2017
2016-10-10T12:00:00Z,34.963454509738845,2017
2016-10-11T12:00:00Z,34.375197185755475,2017
2016-10-12T12:00:00Z,33.91343444997954,2017
2016-10-13T12:00:00Z,33.622909065511855,2017
2016-10-14T12:00:00Z,33.22255681866413,2017
2016-10-15T12:00:00Z,32.86146126512683,2017
2016-10-16T12:00:00Z,33.03763865789401,2017
2016-10-17T12:00:00Z,32.883903584027266,2017
2016-10-18T12:00:00Z,32.55103049703256,2017
2016-10-19T12:00:00Z,32.288695447755494,2017
2016-10-20T12:00:00Z,31.96375815749285,2017
2016-10-21T12:00:00Z,31.80928957936346,2017
2016-10-22T12:00:00Z,31.40820646921171,2017
2016-10-23T12:00:00Z,30.922148075626833,2017
2016-10-24T12:00:00Z,30.463376138352743,2017
2016-10-25T12:00:00Z,30.100773351783268,2017
2016-10-26T12:00:00Z,29.71373819282076,2017
2016-10-27T12:00:00Z,30.544229117196405,2017
2016-10-28T12:00:00Z,33.330489080076006,2017
2016-10-29T12:00:00Z,33.37611224102577,2017
2016-10-30T12:00:00Z,33.80466824072932,2017
2016-10-31T12:00:00Z,33.59270964845738,2017
2016-11-01T12:00:00Z,33.28437299971249,2017
2016-11-02T12:00:00Z,32.94527630698553,2017
2016-11-03T12:00:00Z,32.59289137432087,2017
2016-11-04T12:00:00Z,32.29980001141345,2017
2016-11-05T12:00:00Z,31.973912465957657,2017
2016-11-06T12:00:00Z,31.664950937949243,2017
2016-11-07T12:00:00Z,31.327251851757172,2017
2016-11-08T12:00:00Z,30.93304276704555,2017
2016-11-09T12:00:00Z,30.578544533381148,2017
2016-11-10T12:00:00Z,30.278223958982192,2017
2016-11-11T12:00:00Z,29.950737990922022,2017
2016-11-12T12:00:00Z,29.64753922155158,2017
2016-11-13T12:00:00Z,29.359140315648975,2017
2016-11-14T12:00:00Z,29.051544422921193,2017
2016-11-15T12:00:00Z,28.859052702822485,2017
2016-11-16T12:00:00Z,28.597824046800934,2017
2016-11-17T12:00:00Z,28.171870253905727,2017
2016-11-18T12:00:00Z,27.828050415709715,2017
2016-11-19T12:00:00Z,27.494149090564214,2017
2016-11-20T12:00:00Z,27.18536770448862,2017
2016-11-21T12:00:00Z,26.73795761324166,2017
2016-11-22T12:00:00Z,26.17906110289048,2017
2016-11-23T12:00:00Z,25.770451051971705,2017
2016-11-24T12:00:00Z,25.42760214786922,2017
2016-11-25T12:00:00Z,25.128440149523954,2017
2016-11-26T12:00:00Z,24.837943860996482,2017
2016-11-27T12:00:00Z,24.472516464323068,2017
2016-11-28T12:00:00Z,24.224731810949926,2017
2016-11-29T12:00:00Z,24.037141512096454,2017
2016-11-30T12:00:00Z,23.683577728925325,2017
2016-12-01T12:00:00Z,23.345419726385778,2017
2016-12-02T12:00:00Z,23.713204664721662,2017
2016-12-03T12:00:00Z,23.334163923151465,2017
2016-12-04T12:00:00Z,22.981787169902027,2017
2016-12-05T12:00:00Z,22.619629298648217,2017
2016-12-06T12:00:00Z,22.27781058702833,2017
2016-12-07T12:00:00Z,21.933730018243967,2017
2016-12-08T12:00:00Z,21.78131570115496,2017
2016-12-09T12:00:00Z,21.674965657823584,2017
2016-12-10T12:00:00Z,21.2753820047089,2017
2016-12-11T12:00:00Z,21.307934539208333,2017
2016-12-12T12:00:00Z,21.095137365371077,2017
2016-12-13T12:00:00Z,20.70777976463871,2017
2016-12-14T12:00:00Z,20.369358065219398,2017
2016-12-15T12:00:00Z,20.018165943134544,2017
2016-12-16T12:00:00Z,19.661573316674975,2017
2016-12-17T12:00:00Z,19.257028348602347,2017
2016-12-18T12:00:00Z,18.929412247618544,2017
2016-12-19T12:00:00Z,18.606623963114096,2017
2016-12-20T12:00:00Z,18.251977446450542,2017
2016-12-21T12:00:00Z,17.961466510896003,2017
2016-12-22T12:00:00Z,17.577254256538968,2017
2016-12-23T12:00:00Z,17.475802220653716,2017
2016-12-24T12:00:00Z,17.33489426181786,2017
2016-12-25T12:00:00Z,16.97965689441016,2017
2016-12-26T12:00:00Z,16.646746469034387,2017
2016-12-27T12:00:00Z,16.34818542970383,2017
2016-12-28T12:00:00Z,16.016019839381144,2017
2016-12-29T12:00:00Z,15.70372919704725,2017
2016-12-30T12:00:00Z,15.413006976162185,2017
2016-12-31T12:00:00Z,15.060404790697088,2017
2017-01-01T12:00:00Z,14.7931312495184,2017
2017-01-02T12:00:00Z,14.553183836871566,2017
2017-01-03T12:00:00Z,14.307443566934134,2017
2017-01-04T12:00:00Z,14.538593924991297,2017
2017-01-05T12:00:00Z,14.440617632819203,2017
2017-01-06T12:00:00Z,14.241613533424466,2017
2017-01-07T12:00:00Z,14.116517048110925,2017
2017-01-08T12:00:00Z,13.970595118604841,2017
2017-01-09T12:00:00Z,13.59929499756928,2017
2017-01-10T12:00:00Z,13.307994778452844,2017
2017-01-11T12:00:00Z,13.089315268435277,2017
2017-01-12T12:00:00Z,12.813601761606835,2017
2017-01-13T12:00:00Z,12.553940353150699,2017
2017-01-14T12:00:00Z,12.319355111024056,2017
2017-01-15T12:00:00Z,12.137306826250093,2017
2017-01-16T12:00:00Z,11.830776013123067,2017
2017-01-17T12:00:00Z,11.579067398921516,2017
2017-01-18T12:00:00Z,11.293227830894079,2017
2017-01-19T12:00:00Z,11.017636128749249,2017
2017-01-20T12:00:00Z,10.759616748750735,2017
2017-01-21T12:00:00Z,10.534498940141146,2017
2017-01-22T12:00:00Z,10.299339921303991,2017
2017-01-23T12:00:00Z,11.03678718657615,2017
2017-01-24T12:00:00Z,10.870759314573009,2017
2017-01-25T12:00:00Z,10.593987625860677,2017
2017-01-26T12:00:00Z,10.310880142386116,2017
2017-01-27T12:00:00Z,10.016806309621318,2017
2017-01-28T12:00:00Z,9.67503710855583,2017
2017-01-29T12:00:00Z,10.078490383974135,2017
2017-01-30T12:00:00Z,10.565914174520303,2017
2017-01-31T12:00:00Z,10.266735847368762,2017
2017-02-01T12:00:00Z,10.008396186405951,2017
2017-02-02T12:00:00Z,9.77881624358875,2017
2017-02-03T12:00:00Z,9.568867940370296,2017
2017-02-04T12:00:00Z,9.341944235306412,2017
2017-02-05T12:00:00Z,9.085715833601125,2017
2017-02-06T12:00:00Z,8.868464512911412,2017
2017-02-07T12:00:00Z,8.651491087409472,2017
2017-02-08T12:00:00Z,8.436678110059427,2017
2017-02-09T12:00:00Z,8.218287771769473,2017
2017-02-10T12:00:00Z,7.959081363473653,2017
2017-02-11T12:00:00Z,7.664794057931288,2017
2017-02-12T12:00:00Z,7.384025266562223,2017
2017-02-13T12:00:00Z,7.183955031896081,2017
2017-02-14T12:00:00Z,6.977369231960566,2017
2017-02-15T12:00:00Z,6.745301636141323,2017
2017-02-16T12:00:00Z,6.561440361599848,2017
2017-02-17T12:00:00Z,6.28066875123137,2017
2017-02-18T12:00:00Z,6.05786060150585,2017
2017-02-19T12:00:00Z,5.88364329778395,2017
2017-02-20T12:00:00Z,5.627827014453731,2017
2017-02-21T12:00:00Z,5.412776205244307,2017
2017-02-22T12:00:00Z,6.211386008535847,2017
2017-02-23T12:00:00Z,7.148861067664028,2017
2017-02-24T12:00:00Z,6.958205567757132,2017
2017-02-25T12:00:00Z,6.782139342468703,2017
2017-02-26T12:00:00Z,6.521821273461962,2017
2017-02-27T12:00:00Z,6.277672386032243,2017
2017-02-28T12:00:00Z,6.020489399761224,2017
2017-03-01T12:00:00Z,5.7665081837677,2017
2017-03-02T12:00:00Z,5.555551818366382,2017
2017-03-03T12:00:00Z,5.315972634574925,2017
2017-03-04T12:00:00Z,4.971599060270742,2017
2017-03-05T12:00:00Z,4.627652123579199,2017
2017-03-06T12:00:00Z,4.319951822373005,2017
2017-03-07T12:00:00Z,4.091211927012996,2017
2017-03-08T12:00:00Z,3.8444843709913976,2017
2017-03-09T12:00:00Z,3.63572353764449,2017
2017-03-10T12:00:00Z,3.4613029967325795,2017
2017-03-11T12:00:00Z,3.3389841057177736,2017
2017-03-12T12:00:00Z,3.61431291037687,2017
2017-03-13T12:00:00Z,3.603834206134402,2017
2017-03-14T12:00:00Z,4.760709511684975,2017
2017-03-15T12:00:00Z,4.560464056862206,2017
2017-03-16T12:00:00Z,4.224023673764405,2017
2017-03-17T12:00:00Z,3.8960809345664518,2017
2017-03-18T12:00:00Z,3.585277481037069,2017
2017-03-19T12:00:00Z,3.3105864190289442,2017
2017-03-20T12:00:00Z,3.09184596370705,2017
2017-03-21T12:00:00Z,2.826776538160242,2017
2017-03-22T12:00:00Z,2.6515456543379736,2017
2017-03-23T12:00:00Z,2.482066965605206,2017
2017-03-24T12:00:00Z,2.849138123404151,2017
2017-03-25T12:00:00Z,2.76082889422497,2017
2017-03-26T12:00:00Z,2.6416910933204774,2017
2017-03-27T12:00:00Z,2.5365983458971066,2017
2017-03-28T12:00:00Z,2.3937406692927543,2017
2017-03-29T12:00:00Z,2.244995942673884,2017
2017-03-30T12:00:00Z,2.0481245704250637,2017
2017-03-31T12:00:00Z,1.8939205749845178,2017
2017-04-01T12:00:00Z,1.7832634316952525,2017
2017-04-02T12:00:00Z,1.8779283924438752,2017
2017-04-03T12:00:00Z,1.856195199973407,2017
2017-04-04T12:00:00Z,1.6844390968384402,2017
2017-04-05T12:00:00Z,1.5642414592097018,2017
2017-04-06T12:00:00Z,1.4795843425039914,2017
2017-04-07T12:00:00Z,1.3391087400341126,2017
2017-04-08T12:00:00Z,1.158236973609385,2017
2017-04-09T12:00:00Z,1.0410645033189996,2017
2017-04-10T12:00:00Z,0.9194479350128323,2017
2017-04-11T12:00:00Z,0.8314310331287977,2017
2017-04-12T12:00:00Z,0.7879233402016698,2017
2017-04-13T12:00:00Z,0.8658304841406316,2017
2017-04-14T12:00:00Z,0.7717164086606664,2017
2017-04-15T12:00:00Z,0.6671727443535344,2017
2017-04-16T12:00:00Z,0.5692687020771183,2017
2017-04-17T12:00:00Z,0.5865421671533445,2017
2017-04-18T12:00:00Z,0.6144295221400774,2017
2017-04-19T12:00:00Z,0.5267078218567499,2017
2017-04-20T12:00:00Z,0.4641096220544223,2017
2017-04-21T12:00:00Z,0.41857065759840023,2017
2017-04-22T12:00:00Z,0.41300828620630897,2017
2017-04-23T12:00:00Z,0.7345281947108604,2017
2017-04-24T12:00:00Z,1.4425705299554912,2017
2017-04-25T12:00:00Z,1.3876198883329853,2017
2017-04-26T12:00:00Z,1.2889955920757439,2017
2017-04-27T12:00:00Z,1.2053753073663833,2017
2017-04-28T12:00:00Z,1.1167344835002146,2017
2017-04-29T12:00:00Z,0.9714803458894735,2017
2017-04-30T12:00:00Z,0.818800139252049,2017
2017-05-01T12:00:00Z,0.978985289071963,2017
2017-05-02T12:00:00Z,1.329009351376207,2017
2017-05-03T12:00:00Z,2.240716022232604,2017
2017-05-04T12:00:00Z,2.0578363135384063,2017
2017-05-05T12:00:00Z,2.171235531854583,2017
2017-05-06T12:00:00Z,2.0929757459215037,2017
2017-05-07T12:00:00Z,1.8402638883359117,2017
2017-05-08T12:00:00Z,1.5812757116515304,2017
2017-05-09T12:00:00Z,1.3372293162853781,2017
2017-05-10T12:00:00Z,1.1590299847660757,2017
2017-05-11T12:00:00Z,0.9973000559353805,2017
2017-05-12T12:00:00Z,0.8349803147540154,2017
2017-05-13T12:00:00Z,0.7250375385440879,2017
2017-05-14T12:00:00Z,0.7079285253798927,2017
2017-05-15T12:00:00Z,0.6504858839523547,2017
2017-05-16T12:00:00Z,0.5215133307145928,2017
2017-05-17T12:00:00Z,0.37072353494972954,2017
2017-05-18T12:00:00Z,0.25237794446664974,2017
2017-05-19T12:00:00Z,0.26437650218416264,2017
2017-05-20T12:00:00Z,0.2333972231356334,2017
2017-05-21T12:00:00Z,0.16732291597927704,2017
2017-05-22T12:00:00Z,0.13332572538518767,2017
2017-05-23T12:00:00Z,0.13550005177442753,2017
2017-05-24T12:00:00Z,0.1682766054332782,2017
2017-05-25T12:00:00Z,0.6019708399207538,2017
2017-05-26T12:00:00Z,0.6294679580075734,2017
2017-05-27T12:00:00Z,0.6618051209482461,2017
2017-05-28T12:00:00Z,0.6097219401895708,2017
2017-05-29T12:00:00Z,0.5271843073709004,2017
2017-05-30T12:00:00Z,0.5231864345689595,2017
2017-06-01T12:00:00Z,0.4488038738870247,2018
2017-06-02T12:00:00Z,0.5968302895109754,2018
2017-06-03T12:00:00Z,0.6906350204164672,2018
2017-06-04T12:00:00Z,1.1041732303075762,2018
2017-06-05T12:00:00Z,1.1471123811138482,2018
2017-06-06T12:00:00Z,2.1364890566185104,2018
2017-06-07T12:00:00Z,8.394268583515833,2018
2017-06-08T12:00:00Z,11.129506128562301,2018
2017-06-09T12:00:00Z,11.987735924221044,2018
2017-06-10T12:00:00Z,12.824802015040227,2018
2017-06-11T12:00:00Z,12.843262984820374,2018
2017-06-12T12:00:00Z,12.815567565921704,2018
2017-06-13T12:00:00Z,12.764375320400944,2018
2017-06-14T12:00:00Z,13.498289601926588,2018
2017-06-15T12:00:00Z,13.77943269347117,2018
2017-06-16T12:00:00Z,14.980123665704083,2018
2017-06-17T12:00:00Z,16.020076478006324,2018
2017-06-18T12:00:00Z,16.346643172959038,2018
2017-06-19T12:00:00Z,17.853970098495484,2018
2017-06-20T12:00:00Z,17.92160604782366,2018
2017-06-21T12:00:00Z,17.719469059295914,2018
2017-06-22T12:00:00Z,17.656867676850748,2018
2017-06-23T12:00:00Z,17.285944228424498,2018
2017-06-24T12:00:00Z,17.02146156170459,2018
2017-06-25T12:00:00Z,16.705517782800694,2018
2017-06-26T12:00:00Z,16.420002438138212,2018
2017-06-27T12:00:00Z,16.582874020633454,2018
2017-06-28T12:00:00Z,17.10109036643638,2018
2017-06-29T12:00:00Z,18.429211240510632,2018
2017-06-30T12:00:00Z,18.515959228170956,2018
2017-07-01T12:00:00Z,18.41492054747321,2018
2017-07-02T12:00:00Z,18.251593193111177,2018
2017-07-03T12:00:00Z,18.170079838634123,2018
2017-07-04T12:00:00Z,18.655537451060816,2018
2017-07-05T12:00:00Z,18.8457444882533,2018
2017-07-06T12:00:00Z,18.766190029393215,2018
2017-07-07T12:00:00Z,18.81307034088512,2018
2017-07-08T12:00:00Z,19.122443388608247,2018
2017-07-09T12:00:00Z,19.845433706879966,2018
2017-07-10T12:00:00Z,20.32984861721605,2018
2017-07-11T12:00:00Z,21.165962327098754,2018
2017-07-12T12:00:00Z,21.640078125586122,2018
2017-07-13T12:00:00Z,26.382215310520806,2018
2017-07-14T12:00:00Z,27.130990439717614,2018
2017-07-15T12:00:00Z,27.242685683093505,2018
2017-07-16T12:00:00Z,27.420689223118558,2018
2017-07-17T12:00:00Z,27.603078011270835,2018
2017-07-18T12:00:00Z,27.885501645664508,2018
2017-07-19T12:00:00Z,28.632299002330754,2018
2017-07-20T12:00:00Z,28.918937937076134,2018
2017-07-21T12:00:00Z,30.077348921277967,2018
2017-07-22T12:00:00Z,30.306051018562655,2018
2017-07-23T12:00:00Z,30.504987310826134,2018
2017-07-24T12:00:00Z,30.92105770727563,2018
2017-07-25T12:00:00Z,30.751257776069828,2018
2017-07-26T12:00:00Z,30.73461403314327,2018
2017-07-27T12:00:00Z,30.55677927528142,2018
2017-07-28T12:00:00Z,30.55641871063763,2018
2017-07-29T12:00:00Z,30.680778800752325,2018
2017-07-30T12:00:00Z,30.73016722013154,2018
2017-07-31T12:00:00Z,32.23289174141543,2018
2017-08-01T12:00:00Z,32.49240229108775,2018
2017-08-02T12:00:00Z,33.95459747174344,2018
2017-08-03T12:00:00Z,33.827410713489094,2018
2017-08-04T12:00:00Z,33.1396180705389,2018
2017-08-05T12:00:00Z,32.472479582253214,2018
2017-08-06T12:00:00Z,31.797501526803625,2018
2017-08-07T12:00:00Z,31.069979082452214,2018
2017-08-08T12:00:00Z,30.457247944419926,2018
2017-08-09T12:00:00Z,29.870516401827043,2018
2017-08-10T12:00:00Z,29.753185218064722,2018
2017-08-11T12:00:00Z,29.91938769845374,2018
2017-08-12T12:00:00Z,29.967428397291673,2018
2017-08-13T12:00:00Z,30.171720986595115,2018
2017-08-14T12:00:00Z,30.286984870903172,2018
2017-08-15T12:00:00Z,30.22668656062893,2018
2017-08-16T12:00:00Z,30.233739108798787,2018
2017-08-17T12:00:00Z,30.222384043048105,2018
2017-08-18T12:00:00Z,29.985025212848807,2018
2017-08-19T12:00:00Z,29.871761224205066,2018
2017-08-20T12:00:00Z,29.607596192047016,2018
2017-08-21T12:00:00Z,29.431779214369094,2018
2017-08-22T12:00:00Z,29.214627860108507,2018
2017-08-23T12:00:00Z,29.545469335535948,2018
2017-08-24T12:00:00Z,29.87804206505228,2018
2017-08-25T12:00:00Z,34.3307962203236,2018
2017-08-26T12:00:00Z,36.833666093716076,2018
2017-08-27T12:00:00Z,37.45632434512446,2018
2017-08-28T12:00:00Z,37.08168786176855,2018
2017-08-29T12:00:00Z,36.60472931399518,2018
2017-08-30T12:00:00Z,35.94863079549283,2018
2017-08-31T12:00:00Z,35.244403293901044,2018
2017-09-01T12:00:00Z,34.582157296415176,2018
2017-09-02T12:00:00Z,35.29519877102186,2018
2017-09-03T12:00:00Z,35.02247605272418,2018
2017-09-04T12:00:00Z,34.6823967905633,2018
2017-09-05T12:00:00Z,34.36877707463637,2018
2017-09-06T12:00:00Z,34.00403526877796,2018
2017-09-07T12:00:00Z,34.287843955205304,2018
2017-09-08T12:00:00Z,34.249252076106956,2018
2017-09-09T12:00:00Z,37.185656339531434,2018
2017-09-10T12:00:00Z,56.85356331506742,2018
2017-09-11T12:00:00Z,60.77512152855824,2018
2017-09-12T12:00:00Z,59.83516964627527,2018
2017-09-13T12:00:00Z,57.900504400494285,2018
2017-09-14T12:00:00Z,56.37261550709036,2018
2017-09-15T12:00:00Z,54.645908983587404,2018
2017-09-16T12:00:00Z,53.058311427842156,2018
2017-09-17T12:00:00Z,51.54098521259693,2018
2017-09-18T12:00:00Z,50.19660897100824,2018
2017-09-19T12:00:00Z,49.18415181629805,2018
2017-09-20T12:00:00Z,48.308149664502416,2018
2017-09-21T12:00:00Z,47.44185604726883,2018
2017-09-22T12:00:00Z,47.04459935187359,2018
2017-09-23T12:00:00Z,47.60765812843017,2018
2017-09-24T12:00:00Z,47.82310835588924,2018
2017-09-25T12:00:00Z,47.45271929891289,2018
2017-09-26T12:00:00Z,48.1804196420309,2018
2017-09-27T12:00:00Z,47.91299723532711,2018
2017-09-28T12:00:00Z,47.85374671364391,2018
2017-09-29T12:00:00Z,49.87079073899407,2018
2017-09-30T12:00:00Z,51.224547891869015,2018
2017-10-01T12:00:00Z,51.27199464138528,2018
2017-10-02T12:00:00Z,51.24936699787853,2018
2017-10-03T12:00:00Z,51.338982824574025,2018
2017-10-04T12:00:00Z,51.98904757635133,2018
2017-10-05T12:00:00Z,54.712422575843206,2018
2017-10-06T12:00:00Z,54.82298303000724,2018
2017-10-07T12:00:00Z,54.51840107793556,2018
2017-10-08T12:00:00Z,54.105265419910516,2018
2017-10-09T12:00:00Z,53.535937842052434,2018
2017-10-10T12:00:00Z,52.95371747796846,2018
2017-10-11T12:00:00Z,52.32759695249253,2018
2017-10-12T12:00:00Z,52.421627753254946,2018
2017-10-13T12:00:00Z,53.197407212103265,2018
2017-10-14T12:00:00Z,52.98359423178767,2018
2017-10-15T12:00:00Z,52.80921942610932,2018
2017-10-16T12:00:00Z,52.35109323675322,2018
2017-10-17T12:00:00Z,51.9178691979837,2018
2017-10-18T12:00:00Z,52.069135790683845,2018
2017-10-19T12:00:00Z,52.076672690762365,2018
2017-10-20T12:00:00Z,52.77404691563531,2018
2017-10-21T12:00:00Z,52.36882847926993,2018
2017-10-22T12:00:00Z,51.89881054526094,2018
2017-10-23T12:00:00Z,51.5296941755334,2018
2017-10-24T12:00:00Z,51.28597238972185,2018
2017-10-25T12:00:00Z,54.03640117626583,2018
2017-10-26T12:00:00Z,53.39018472546345,2018
2017-10-27T12:00:00Z,52.743420421831985,2018
2017-10-28T12:00:00Z,52.453272484378644,2018
2017-10-29T12:00:00Z,54.44926073165878,2018
2017-10-30T12:00:00Z,53.86249898916127,2018
2017-10-31T12:00:00Z,53.234927414213175,2018
2017-11-01T12:00:00Z,52.73489686291552,2018
2017-11-02T12:00:00Z,52.28192528734945,2018
2017-11-03T12:00:00Z,51.86028984650809,2018
2017-11-04T12:00:00Z,51.46229180056715,2018
2017-11-05T12:00:00Z,51.10256746153873,2018
2017-11-06T12:00:00Z,51.12811960216601,2018
2017-11-07T12:00:00Z,50.815113974224694,2018
2017-11-08T12:00:00Z,50.38273679890198,2018
2017-11-09T12:00:00Z,49.842265665426076,2018
2017-11-10T12:00:00Z,49.368220708232435,2018
2017-11-11T12:00:00Z,48.91802331240707,2018
2017-11-12T12:00:00Z,48.558728374720324,2018
2017-11-13T12:00:00Z,50.348423200396205,2018
2017-11-14T12:00:00Z,50.227387424827675,2018
2017-11-15T12:00:00Z,49.75962257656131,2018
2017-11-16T12:00:00Z,49.670607767375984,2018
2017-11-17T12:00:00Z,49.187369736681724,2018
2017-11-18T12:00:00Z,48.75541812922882,2018
2017-11-19T12:00:00Z,48.32071408440854,2018
2017-11-20T12:00:00Z,47.975748867479524,2018
2017-11-21T12:00:00Z,47.692254668655174,2018
2017-11-22T12:00:00Z,47.401236204208985,2018
2017-11-23T12:00:00Z,47.23632202774257,2018
2017-11-24T12:00:00Z,47.13916483980902,2018
2017-11-25T12:00:00Z,46.73562999327432,2018
2017-11-26T12:00:00Z,46.28171267775667,2018
2017-11-27T12:00:00Z,45.918416790770735,2018
2017-11-28T12:00:00Z,45.567418325145844,2018
2017-11-29T12:00:00Z,45.3628904021335,2018
2017-11-30T12:00:00Z,44.96802862552191,2018
2017-12-01T12:00:00Z,44.55657157795203,2018
2017-12-02T12:00:00Z,44.23569549173846,2018
2017-12-03T12:00:00Z,43.85182857774964,2018
2017-12-04T12:00:00Z,43.60665038423603,2018
2017-12-05T12:00:00Z,43.279784880609164,2018
2017-12-06T12:00:00Z,42.95287305447077,2018
2017-12-07T12:00:00Z,42.628412742129036,2018
2017-12-08T12:00:00Z,42.368666182956076,2018
2017-12-09T12:00:00Z,43.28968068869177,2018
2017-12-10T12:00:00Z,42.887806627962895,2018
2017-12-11T12:00:00Z,42.304688547920875,2018
2017-12-12T12:00:00Z,41.899750150686145,2018
2017-12-13T12:00:00Z,41.5112100959875,2018
2017-12-14T12:00:00Z,41.09607709227066,2018
2017-12-15T12:00:00Z,40.78778170343711,2018
2017-12-16T12:00:00Z,40.49076626242433,2018
2017-12-17T12:00:00Z,40.203933292411335,2018
2017-12-18T12:00:00Z,39.9863207395817,2018
2017-12-19T12:00:00Z,39.741758777719284,2018
2017-12-20T12:00:00Z,39.40020741388917,2018
2017-12-21T12:00:00Z,39.121007907635786,2018
2017-12-22T12:00:00Z,38.8508245236493,2018
2017-12-23T12:00:00Z,38.59309850397587,2018
2017-12-24T12:00:00Z,38.25870047502957,2018
2017-12-25T12:00:00Z,37.9296385153267,2018
2017-12-26T12:00:00Z,37.60381789520368,2018
2017-12-27T12:00:00Z,37.298493066707394,2018
2017-12-28T12:00:00Z,36.9563426914458,2018
2017-12-29T12:00:00Z,36.47784855624955,2018
2017-12-30T12:00:00Z,35.97726050945734,2018
2017-12-31T12:00:00Z,35.626492120236534,2018
2018-01-01T12:00:00Z,35.323214633597914,2018
2018-01-02T12:00:00Z,35.08710542897403,2018
2018-01-03T12:00:00Z,35.25897021279629,2018
2018-01-04T12:00:00Z,34.933675075534744,2018
2018-01-05T12:00:00Z,34.394701456766754,2018
2018-01-06T12:00:00Z,33.910273864383676,2018
2018-01-07T12:00:00Z,33.501683232272875,2018
2018-01-08T12:00:00Z,33.13771604454833,2018
2018-01-09T12:00:00Z,32.885628794596315,2018
2018-01-10T12:00:00Z,32.61325619844218,2018
2018-01-11T12:00:00Z,32.38838055346318,2018
2018-01-12T12:00:00Z,32.14686052385904,2018
2018-01-13T12:00:00Z,31.960017474788177,2018
2018-01-14T12:00:00Z,31.40120551929418,2018
2018-01-15T12:00:00Z,30.93613575894265,2018
2018-01-16T12:00:00Z,30.535236185421322,2018
2018-01-17T12:00:00Z,30.101303684699783,2018
2018-01-18T12:00:00Z,29.681408292656428,2018
2018-01-19T12:00:00Z,29.270965218193734,2018
2018-01-20T12:00:00Z,28.97067260658122,2018
2018-01-21T12:00:00Z,28.714594389199043,2018
2018-01-22T12:00:00Z,28.498459591477907,2018
2018-01-23T12:00:00Z,28.14413962284802,2018
2018-01-24T12:00:00Z,27.950304066445987,2018
2018-01-25T12:00:00Z,27.93892640661189,2018
2018-01-26T12:00:00Z,27.459268740692288,2018
2018-01-27T12:00:00Z,26.99275834931683,2018
2018-01-28T12:00:00Z,26.521156779746,2018
2018-01-29T12:00:00Z,26.277780461007772,2018
2018-01-30T12:00:00Z,26.007940072854517,2018
2018-01-31T12:00:00Z,25.59487749806347,2018
2018-02-01T12:00:00Z,25.2521787831412,2018
2018-02-02T12:00:00Z,24.832202272363787,2018
2018-02-03T12:00:00Z,24.513287725574706,2018
2018-02-04T12:00:00Z,24.256690061034,2018
2018-02-05T12:00:00Z,23.969179456731364,2018
2018-02-06T12:00:00Z,24.12555059777184,2018
2018-02-07T12:00:00Z,23.807973873533534,2018
2018-02-08T12:00:00Z,23.461208820786695,2018
2018-02-09T12:00:00Z,23.085966588304277,2018
2018-02-10T12:00:00Z,22.706234252487878,2018
2018-02-11T12:00:00Z,22.37187961467216,2018
2018-02-12T12:00:00Z,22.06032036593098,2018
2018-02-13T12:00:00Z,21.75838028422532,2018
2018-02-14T12:00:00Z,21.35606866749213,2018
2018-02-15T12:00:00Z,20.941585385647624,2018
2018-02-16T12:00:00Z,20.518915939517868,2018
2018-02-17T12:00:00Z,20.157368809352544,2018
2018-02-18T12:00:00Z,19.855550613319256,2018
2018-02-19T12:00:00Z,19.5460198251671,2018
2018-02-20T12:00:00Z,19.70134334473138,2018
2018-02-21T12:00:00Z,19.300262319936575,2018
2018-02-22T12:00:00Z,18.99856596392352,2018
2018-02-23T12:00:00Z,18.71022275647734,2018
2018-02-24T12:00:00Z,18.277499732401417,2018
2018-02-25T12:00:00Z,18.01755147573413,2018
2018-02-26T12:00:00Z,17.731137354320225,2018
2018-02-27T12:00:00Z,17.51186367398261,2018
2018-02-28T12:00:00Z,17.37429711755646,2018
2018-03-01T12:00:00Z,16.932155041736674,2018
2018-03-02T12:00:00Z,16.538611784113257,2018
2018-03-03T12:00:00Z,16.058653865703523,2018
2018-03-04T12:00:00Z,15.551903947093228,2018
2018-03-05T12:00:00Z,15.089393779836836,2018
2018-03-06T12:00:00Z,14.687855790200826,2018
2018-03-07T12:00:00Z,14.350502670616875,2018
2018-03-08T12:00:00Z,14.10077574952459,2018
2018-03-09T12:00:00Z,13.702713539527982,2018
2018-03-10T12:00:00Z,13.35338970685449,2018
2018-03-11T12:00:00Z,13.053374466816662,2018
2018-03-12T12:00:00Z,13.054907163863785,2018
2018-03-13T12:00:00Z,13.164367509740574,2018
2018-03-14T12:00:00Z,12.76143101618409,2018
2018-03-15T12:00:00Z,12.331650643694296,2018
2018-03-16T12:00:00Z,11.933069986215884,2018
2018-03-17T12:00:00Z,11.577220716322321,2018
2018-03-18T12:00:00Z,11.260108430302692,2018
2018-03-19T12:00:00Z,10.986034232500602,2018
2018-03-20T12:00:00Z,10.698759103311732,2018
2018-03-21T12:00:00Z,10.366893546319732,2018
2018-03-22T12:00:00Z,9.998619162992563,2018
2018-03-23T12:00:00Z,9.572881582639127,2018
2018-03-24T12:00:00Z,9.219242450939337,2018
2018-03-25T12:00:00Z,8.891794582261511,2018
2018-03-26T12:00:00Z,8.598870297101756,2018
2018-03-27T12:00:00Z,8.231091083838704,2018
2018-03-28T12:00:00Z,7.83341362898135,2018
2018-03-29T12:00:00Z,7.509019208853439,2018
2018-03-30T12:00:00Z,7.211401669799289,2018
2018-03-31T12:00:00Z,6.947215269758465,2018
2018-04-01T12:00:00Z,6.728632922866085,2018
2018-04-02T12:00:00Z,6.473819187000379,2018
2018-04-03T12:00:00Z,6.159531730401762,2018
2018-04-04T12:00:00Z,5.876631087724422,2018
2018-04-05T12:00:00Z,5.68701330105775,2018
2018-04-06T12:00:00Z,5.868368944433042,2018
2018-04-07T12:00:00Z,5.573015168350077,2018
2018-04-08T12:00:00Z,5.304255746370665,2018
2018-04-09T12:00:00Z,5.021660463478376,2018
2018-04-10T12:00:00Z,4.761163244027933,2018
2018-04-11T12:00:00Z,4.43603549354457,2018
2018-04-12T12:00:00Z,4.140298592577252,2018
2018-04-13T12:00:00Z,3.8024212814685066,2018
2018-04-14T12:00:00Z,3.5318967305539757,2018
2018-04-15T12:00:00Z,3.3676052708437814,2018
2018-04-16T12:00:00Z,4.786928563411042,2018
2018-04-17T12:00:00Z,4.5158856591561864,2018
2018-04-18T12:00:00Z,4.17324810812102,2018
2018-04-19T12:00:00Z,3.8367463880141033,2018
2018-04-20T12:00:00Z,3.5494875832706194,2018
2018-04-21T12:00:00Z,3.2248589083216683,2018
2018-04-22T12:00:00Z,2.958569874696937,2018
2018-04-23T12:00:00Z,2.8231178616778334,2018
2018-04-24T12:00:00Z,2.7833735849201156,2018
2018-04-25T12:00:00Z,2.5218181490722995,2018
2018-04-26T12:00:00Z,2.2692113106152685,2018
2018-04-27T12:00:00Z,2.245791694116172,2018
2018-04-28T12:00:00Z,2.7174688146364794,2018
2018-04-29T12:00:00Z,2.489939414001235,2018
2018-04-30T12:00:00Z,2.2260425013146135,2018
2018-05-01T12:00:00Z,1.9039022210354204,2018
2018-05-02T12:00:00Z,1.6912661860143285,2018
2018-05-03T12:00:00Z,1.4855070191137238,2018
2018-05-04T12:00:00Z,1.3707358164897043,2018
2018-05-05T12:00:00Z,1.432653062476117,2018
2018-05-06T12:00:00Z,1.407094417753229,2018
2018-05-07T12:00:00Z,1.2868070244322094,2018
2018-05-08T12:00:00Z,1.3336909673619106,2018
2018-05-09T12:00:00Z,1.2735321628416905,2018
2018-05-10T12:00:00Z,1.0851658115832976,2018
2018-05-11T12:00:00Z,0.93107813354162,2018
2018-05-12T12:00:00Z,0.8343061425995874,2018
2018-05-13T12:00:00Z,0.9128002097102267,2018
2018-05-14T12:00:00Z,1.5075276927123107,2018
2018-05-15T12:00:00Z,1.9859705399346048,2018
2018-05-16T12:00:00Z,3.2273502329888,2018
2018-05-17T12:00:00Z,3.8306284750827264,2018
2018-05-18T12:00:00Z,3.863995297794594,2018
2018-05-19T12:00:00Z,4.970737518059285,2018
2018-05-20T12:00:00Z,6.587006362458284,2018
2018-05-21T12:00:00Z,9.986807962869687,2018
2018-05-22T12:00:00Z,10.932167651000032,2018
2018-05-23T12:00:00Z,10.906523404999414,2018
2018-05-24T12:00:00Z,10.837366446499493,2018
2018-05-25T12:00:00Z,11.643231761589806,2018
2018-05-26T12:00:00Z,15.22197675324327,2018
2018-05-27T12:00:00Z,16.93536133731147,2018
2018-05-28T12:00:00Z,17.334773628835464,2018
2018-05-29T12:00:00Z,17.360614270935095,2018
2018-05-30T12:00:00Z,17.372647625832553,2018
2018-06-01T12:00:00Z,19.516902475959522,2019
2018-06-02T12:00:00Z,19.27690367423122,2019
2018-06-03T12:00:00Z,19.662716363085824,2019
2018-06-04T12:00:00Z,19.260668562862012,2019
2018-06-05T12:00:00Z,18.81485089377722,2019
2018-06-06T12:00:00Z,18.439340483733652,2019
2018-06-07T12:00:00Z,18.156958348352926,2019
2018-06-08T12:00:00Z,19.134649279541414,2019
2018-06-09T12:00:00Z,20.128905998603837,2019
2018-06-10T12:00:00Z,20.152269477848908,2019
2018-06-11T12:00:00Z,20.554416358856216,2019
2018-06-12T12:00:00Z,21.065042264991597,2019
2018-06-13T12:00:00Z,21.510099116174995,2019
2018-06-14T12:00:00Z,22.31441999597951,2019
2018-06-15T12:00:00Z,22.71774301584974,2019
2018-06-16T12:00:00Z,22.76745082402673,2019
2018-06-17T12:00:00Z,22.642768421672816,2019
2018-06-18T12:00:00Z,22.477570154781322,2019
2018-06-19T12:00:00Z,22.360877687457027,2019
2018-06-20T12:00:00Z,22.55937057573578,2019
2018-06-21T12:00:00Z,23.164179564409693,2019
2018-06-22T12:00:00Z,23.26718389647014,2019
2018-06-23T12:00:00Z,22.892431636935466,2019
2018-06-24T12:00:00Z,22.686187816833773,2019
2018-06-25T12:00:00Z,23.81398835387683,2019
2018-06-26T12:00:00Z,23.909457041701188,2019
2018-06-27T12:00:00Z,24.476416422898108,2019
2018-06-28T12:00:00Z,24.668947152035944,2019
2018-06-29T12:00:00Z,25.89750577630539,2019
2018-06-30T12:00:00Z,26.313408977814916,2019
2018-07-01T12:00:00Z,27.34840232781869,2019
2018-07-02T12:00:00Z,27.26441146848718,2019
2018-07-03T12:00:00Z,27.395813850511182,2019
2018-07-04T12:00:00Z,27.45801227552767,2019
2018-07-05T12:00:00Z,28.139201434328786,2019
2018-07-06T12:00:00Z,28.253248400412623,2019
2018-07-07T12:00:00Z,27.889930434325066,2019
2018-07-08T12:00:00Z,27.70179823031038,2019
2018-07-09T12:00:00Z,27.358603208842638,2019
2018-07-10T12:00:00Z,27.311147033175804,2019
2018-07-11T12:00:00Z,27.484658159588506,2019
2018-07-12T12:00:00Z,28.723125599974164,2019
2018-07-13T12:00:00Z,29.589577077861865,2019
2018-07-14T12:00:00Z,29.97402160669751,2019
2018-07-15T12:00:00Z,29.929125480810644,2019
2018-07-16T12:00:00Z,29.42895777881671,2019
2018-07-17T12:00:00Z,29.360459927784007,2019
2018-07-18T12:00:00Z,29.299189609318358,2019
2018-07-19T12:00:00Z,29.169095492339626,2019
2018-07-20T12:00:00Z,29.214584991187003,2019
2018-07-21T12:00:00Z,28.862928798336473,2019
2018-07-22T12:00:00Z,28.44019977425268,2019
2018-07-23T12:00:00Z,28.362253498937662,2019
2018-07-24T12:00:00Z,29.58168703839548,2019
2018-07-25T12:00:00Z,29.554576896476934,2019
2018-07-26T12:00:00Z,29.331172880906898,2019
2018-07-27T12:00:00Z,29.32636064763868,2019
2018-07-28T12:00:00Z,29.380577452479333,2019
2018-07-29T12:00:00Z,29.477272765526692,2019
2018-07-30T12:00:00Z,30.693865553615844,2019
2018-07-31T12:00:00Z,30.81614067206537,2019
2018-08-01T12:00:00Z,30.800262987508596,2019
2018-08-02T12:00:00Z,30.62916122888608,2019
2018-08-03T12:00:00Z,30.198760968160677,2019
2018-08-04T12:00:00Z,29.74065114239871,2019
2018-08-05T12:00:00Z,29.249863374011404,2019
2018-08-06T12:00:00Z,28.68158985258433,2019
2018-08-07T12:00:00Z,28.590339641449617,2019
2018-08-08T12:00:00Z,28.44530995015883,2019
2018-08-09T12:00:00Z,28.044365161266196,2019
2018-08-10T12:00:00Z,28.13692244890271,2019
2018-08-11T12:00:00Z,29.828842769570496,2019
2018-08-12T12:00:00Z,30.05304841406782,2019
2018-08-13T12:00:00Z,29.973228045191753,2019
2018-08-14T12:00:00Z,30.088407386738687,2019
2018-08-15T12:00:00Z,29.96428686192407,2019
2018-08-16T12:00:00Z,29.544271486956738,2019
2018-08-17T12:00:00Z,29.04560144132078,2019
2018-08-18T12:00:00Z,28.698345797068928,2019
2018-08-19T12:00:00Z,28.67355266191817,2019
2018-08-20T12:00:00Z,31.50696714557233,2019
2018-08-21T12:00:00Z,31.599977668935942,2019
2018-08-22T12:00:00Z,31.26120150329784,2019
2018-08-23T12:00:00Z,31.351692555350024,2019
2018-08-24T12:00:00Z,31.430760994667402,2019
2018-08-25T12:00:00Z,31.6988739584382,2019
2018-08-26T12:00:00Z,31.890475303302434,2019
2018-08-27T12:00:00Z,31.594654072977303,2019
2018-08-28T12:00:00Z,31.77727174646824,2019
2018-08-29T12:00:00Z,31.593724228002415,2019
2018-08-30T12:00:00Z,32.08650173006048,2019
2018-08-31T12:00:00Z,32.170893593656444,2019
2018-09-01T12:00:00Z,32.10346958476112,2019
2018-09-02T12:00:00Z,31.868155758247784,2019
2018-09-03T12:00:00Z,38.13548431069564,2019
2018-09-04T12:00:00Z,40.94449323388902,2019
2018-09-05T12:00:00Z,40.653848209063526,2019
2018-09-06T12:00:00Z,40.356859926191994,2019
2018-09-07T12:00:00Z,40.16662687634161,2019
2018-09-08T12:00:00Z,40.26486358212911,2019
2018-09-09T12:00:00Z,40.16339404277073,2019
2018-09-10T12:00:00Z,39.88825095631584,2019
2018-09-11T12:00:00Z,39.607625546207856,2019
2018-09-12T12:00:00Z,39.183892966110726,2019
2018-09-13T12:00:00Z,39.434527696801915,2019
2018-09-14T12:00:00Z,39.794831425576206,2019
2018-09-15T12:00:00Z,40.416114793304835,2019
2018-09-16T12:00:00Z,40.04892807464525,2019
2018-09-17T12:00:00Z,39.336706744538695,2019
2018-09-18T12:00:00Z,38.58503286023565,2019
2018-09-19T12:00:00Z,38.25249641205492,2019
2018-09-20T12:00:00Z,38.94707921959394,2019
2018-09-21T12:00:00Z,38.664813698704165,2019
2018-09-22T12:00:00Z,38.884416956065564,2019
2018-09-23T12:00:00Z,38.901411430329,2019
2018-09-24T12:00:00Z,38.625233714844406,2019
2018-09-25T12:00:00Z,38.28412509538985,2019
2018-09-26T12:00:00Z,38.10805873515907,2019
2018-09-27T12:00:00Z,37.56306990699133,2019
2018-09-28T12:00:00Z,37.029850956321816,2019
2018-09-29T12:00:00Z,36.983663247824886,2019
2018-09-30T12:00:00Z,36.63341841636979,2019
2018-10-01T12:00:00Z,36.00319923471867,2019
2018-10-02T12:00:00Z,35.552340612962595,2019
2018-10-03T12:00:00Z,35.124405978125296,2019
2018-10-04T12:00:00Z,35.127715757521315,2019
2018-10-05T12:00:00Z,34.96230310669842,2019
2018-10-06T12:00:00Z,34.517255564884856,2019
2018-10-07T12:00:00Z,34.12772661857343,2019
2018-10-08T12:00:00Z,35.75295595968622,2019
2018-10-09T12:00:00Z,35.41898974410233,2019
2018-10-10T12:00:00Z,35.1890152861159,2019
2018-10-11T12:00:00Z,35.118832127984895,2019
2018-10-12T12:00:00Z,35.883389415610196,2019
2018-10-13T12:00:00Z,35.65816651147213,2019
2018-10-14T12:00:00Z,35.25911178822382,2019
2018-10-15T12:00:00Z,34.807813613398416,2019
2018-10-16T12:00:00Z,34.36427602039378,2019
2018-10-17T12:00:00Z,34.170091112213434,2019
2018-10-18T12:00:00Z,33.698768696238545,2019
2018-10-19T12:00:00Z,33.23220740588241,2019
2018-10-20T12:00:00Z,32.82590526474328,2019
2018-10-21T12:00:00Z,32.45177913025007,2019
2018-10-22T12:00:00Z,32.10710280284825,2019
2018-10-23T12:00:00Z,31.714173381872673,2019
2018-10-24T12:00:00Z,31.142856573988478,2019
2018-10-25T12:00:00Z,30.62744620871474,2019
2018-10-26T12:00:00Z,30.27114699986726,2019
2018-10-27T12:00:00Z,29.92169533523126,2019
2018-10-28T12:00:00Z,29.369757530014382,2019
2018-10-29T12:00:00Z,28.76545700069506,2019
2018-10-30T12:00:00Z,28.159576139907763,2019
2018-10-31T12:00:00Z,27.550997724635828,2019
2018-11-01T12:00:00Z,26.971910205714032,2019
2018-11-02T12:00:00Z,26.53494188965359,2019
2018-11-03T12:00:00Z,26.705708591057668,2019
2018-11-04T12:00:00Z,26.338502068664372,2019
2018-11-05T12:00:00Z,25.84806801214975,2019
2018-11-06T12:00:00Z,25.297914960732307,2019
2018-11-07T12:00:00Z,24.84108452923034,2019
2018-11-08T12:00:00Z,24.421927733752916,2019
2018-11-09T12:00:00Z,23.88971667289734,2019
2018-11-10T12:00:00Z,23.392211082096082,2019
2018-11-11T12:00:00Z,23.020021175754408,2019
2018-11-12T12:00:00Z,22.62326287536733,2019
2018-11-13T12:00:00Z,22.37982464854794,2019
2018-11-14T12:00:00Z,21.946605395523505,2019
2018-11-15T12:00:00Z,21.81318526384763,2019
2018-11-16T12:00:00Z,21.273638691187607,2019
2018-11-17T12:00:00Z,20.71607197234726,2019
2018-11-18T12:00:00Z,20.204446311468708,2019
2018-11-19T12:00:00Z,19.768289768824264,2019
2018-11-20T12:00:00Z,19.478795389330468,2019
2018-11-21T12:00:00Z,19.45032260396922,2019
2018-11-22T12:00:00Z,19.063915701734448,2019
2018-11-23T12:00:00Z,18.727161498261246,2019
2018-11-24T12:00:00Z,18.390867238320286,2019
2018-11-25T12:00:00Z,18.092754554094693,2019
2018-11-26T12:00:00Z,17.84433223874282,2019
2018-11-27T12:00:00Z,17.546678130820496,2019
2018-11-28T12:00:00Z,16.994176272127,2019
2018-11-29T12:00:00Z,16.495543925512315,2019
2018-11-30T12:00:00Z,16.13324377118782,2019
2018-12-01T12:00:00Z,15.842065487926083,2019
2018-12-02T12:00:00Z,15.552693102432162,2019
2018-12-03T12:00:00Z,15.319968093410646,2019
2018-12-04T12:00:00Z,15.120184614048883,2019
2018-12-05T12:00:00Z,14.833764210387145,2019
2018-12-06T12:00:00Z,14.283249167083643,2019
2018-12-07T12:00:00Z,13.965050584865947,2019
2018-12-08T12:00:00Z,13.659385562947168,2019
2018-12-09T12:00:00Z,13.548079853590275,2019
2018-12-10T12:00:00Z,13.456940089196813,2019
2018-12-11T12:00:00Z,13.063254609304124,2019
2018-12-12T12:00:00Z,12.699029995808989,2019
2018-12-13T12:00:00Z,12.459672895327838,2019
2018-12-14T12:00:00Z,12.17737888136293,2019
2018-12-15T12:00:00Z,12.608410487072241,2019
2018-12-16T12:00:00Z,12.929309951406735,2019
2018-12-17T12:00:00Z,12.652604228135537,2019
2018-12-18T12:00:00Z,12.34506870626119,2019
2018-12-19T12:00:00Z,12.064225149037906,2019
2018-12-20T12:00:00Z,11.942092422044944,2019
2018-12-21T12:00:00Z,14.065930315282973,2019
2018-12-22T12:00:00Z,13.87602307857192,2019
2018-12-23T12:00:00Z,13.616893942792782,2019
2018-12-24T12:00:00Z,13.275702357992719,2019
2018-12-25T12:00:00Z,12.965797914627366,2019
2018-12-26T12:00:00Z,12.659073041141559,2019
2018-12-27T12:00:00Z,12.416279387217195,2019
2018-12-28T12:00:00Z,12.231605193103562,2019
2018-12-29T12:00:00Z,11.968259831296825,2019
2018-12-30T12:00:00Z,11.636256631067521,2019
2018-12-31T12:00:00Z,11.350222292165915,2019
2019-01-01T12:00:00Z,11.096726684378831,2019
2019-01-02T12:00:00Z,10.874850557529962,2019
2019-01-03T12:00:00Z,10.642796588948144,2019
2019-01-04T12:00:00Z,10.428344610435605,2019
2019-01-05T12:00:00Z,10.205710364695744,2019
2019-01-06T12:00:00Z,9.920548724194115,2019
2019-01-07T12:00:00Z,9.68837363747962,2019
2019-01-08T12:00:00Z,9.447848792290944,2019
2019-01-09T12:00:00Z,9.21455413447538,2019
2019-01-10T12:00:00Z,8.931420656352739,2019
2019-01-11T12:00:00Z,8.628180949765017,2019
2019-01-12T12:00:00Z,8.400105260991209,2019
2019-01-13T12:00:00Z,8.191565062851444,2019
2019-01-14T12:00:00Z,7.989464175899629,2019
2019-01-15T12:00:00Z,7.716879934451956,2019
2019-01-16T12:00:00Z,7.456585848798481,2019
2019-01-17T12:00:00Z,7.278094447861689,2019
2019-01-18T12:00:00Z,7.063348961473387,2019
2019-01-19T12:00:00Z,6.86409449315795,2019
2019-01-20T12:00:00Z,7.836543241724095,2019
2019-01-21T12:00:00Z,7.7697592713690415,2019
2019-01-22T12:00:00Z,7.543155983040779,2019
2019-01-23T12:00:00Z,7.295233322631834,2019
2019-01-24T12:00:00Z,7.221442646914902,2019
2019-01-25T12:00:00Z,8.120530003245033,2019
2019-01-26T12:00:00Z,9.464090283610561,2019
2019-01-27T12:00:00Z,10.695755041311116,2019
2019-01-28T12:00:00Z,11.99266171228874,2019
2019-01-29T12:00:00Z,11.76487256969224,2019
2019-01-30T12:00:00Z,11.626118997798962,2019
2019-01-31T12:00:00Z,11.510230004915877,2019
2019-02-01T12:00:00Z,11.336792945488193,2019
2019-02-02T12:00:00Z,11.246618876821497,2019
2019-02-03T12:00:00Z,11.632727731593558,2019
2019-02-04T12:00:00Z,11.512722051061916,2019
2019-02-05T12:00:00Z,11.242431613934261,2019
2019-02-06T12:00:00Z,10.978696667505876,2019
2019-02-07T12:00:00Z,10.705770255851466,2019
2019-02-08T12:00:00Z,10.453108341797792,2019
2019-02-09T12:00:00Z,10.218242578256609,2019
2019-02-10T12:00:00Z,10.080237101183348,2019
2019-02-11T12:00:00Z,10.152532885777495,2019
2019-02-12T12:00:00Z,10.231148284737907,2019
2019-02-13T12:00:00Z,11.595089489262438,2019
2019-02-14T12:00:00Z,12.505938587693112,2019
2019-02-15T12:00:00Z,12.32396973809346,2019
2019-02-16T12:00:00Z,12.124317688946626,2019
2019-02-17T12:00:00Z,11.871831103076431,2019
2019-02-18T12:00:00Z,11.621860343538932,2019
2019-02-19T12:00:00Z,11.46531202013182,2019
2019-02-20T12:00:00Z,11.26267098824728,2019
2019-02-21T12:00:00Z,10.995778118116265,2019
2019-02-22T12:00:00Z,10.855084593067206,2019
2019-02-23T12:00:00Z,10.673567697221923,2019
2019-02-24T12:00:00Z,10.440081107155233,2019
2019-02-25T12:00:00Z,10.218839836643095,2019
2019-02-26T12:00:00Z,10.057581981686724,2019
2019-02-27T12:00:00Z,10.080437357693064,2019
2019-02-28T12:00:00Z,10.22948022212151,2019
2019-03-01T12:00:00Z,9.9636696326919445,2019
2019-03-02T12:00:00Z,9.775221024612723,2019
2019-03-03T12:00:00Z,9.580021195144308,2019
2019-03-04T12:00:00Z,9.46041094633321,2019
2019-03-05T12:00:00Z,9.242891105597915,2019
2019-03-06T12:00:00Z,8.889938228254104,2019
2019-03-07T12:00:00Z,8.584959697104575,2019
2019-03-08T12:00:00Z,8.398363284572564,2019
2019-03-09T12:00:00Z,8.255220759160137,2019
2019-03-10T12:00:00Z,8.151086244970765,2019
2019-03-11T12:00:00Z,7.991108535033132,2019
2019-03-12T12:00:00Z,7.551297984172268,2019
2019-03-13T12:00:00Z,7.222498171914453,2019
2019-03-14T12:00:00Z,7.005346934148544,2019
2019-03-15T12:00:00Z,6.735293949899664,2019
2019-03-16T12:00:00Z,6.489520466190477,2019
2019-03-17T12:00:00Z,6.5069725678669945,2019
2019-03-18T12:00:00Z,6.35032194661055,2019
2019-03-19T12:00:00Z,7.748328953806264,2019
2019-03-20T12:00:00Z,7.924635381545657,2019
2019-03-21T12:00:00Z,7.973708381376118,2019
2019-03-22T12:00:00Z,7.719059215738537,2019
2019-03-23T12:00:00Z,7.42444117686891,2019
2019-03-24T12:00:00Z,7.113265462661934,2019
2019-03-25T12:00:00Z,6.878894176842767,2019
2019-03-26T12:00:00Z,6.7554173076829995,2019
2019-03-27T12:00:00Z,6.600298298134977,2019
2019-03-28T12:00:00Z,6.123372909820746,2019
2019-03-29T12:00:00Z,5.806688740091301,2019
2019-03-30T12:00:00Z,5.560103623442038,2019
2019-03-31T12:00:00Z,5.359398040911009,2019
2019-04-01T12:00:00Z,5.182430522933413,2019
2019-04-02T12:00:00Z,4.9464790492899615,2019
2019-04-03T12:00:00Z,4.761165532005639,2019
2019-04-04T12:00:00Z,4.808779851600426,2019
2019-04-05T12:00:00Z,4.917755635030181,2019
2019-04-06T12:00:00Z,4.740722343599995,2019
2019-04-07T12:00:00Z,4.509494428758407,2019
2019-04-08T12:00:00Z,4.296303761980326,2019
2019-04-09T12:00:00Z,5.773025118032002,2019
2019-04-10T12:00:00Z,6.872412036378283,2019
2019-04-11T12:00:00Z,6.715539941019457,2019
2019-04-12T12:00:00Z,6.471547006451535,2019
2019-04-13T12:00:00Z,6.174519003955438,2019
2019-04-14T12:00:00Z,5.893052480211455,2019
2019-04-15T12:00:00Z,5.872058443376297,2019
2019-04-16T12:00:00Z,5.614957649992682,2019
2019-04-17T12:00:00Z,5.264829658773106,2019
2019-04-18T12:00:00Z,4.935367847551445,2019
2019-04-19T12:00:00Z,4.86011806015987,2019
2019-04-20T12:00:00Z,6.060238983944044,2019
2019-04-21T12:00:00Z,5.813670826723013,2019
2019-04-22T12:00:00Z,5.466869890362929,2019
2019-04-23T12:00:00Z,5.064222122584337,2019
2019-04-24T12:00:00Z,4.707356715324926,2019
2019-04-25T12:00:00Z,4.423060821885577,2019
2019-04-26T12:00:00Z,4.1936122789906,2019
2019-04-27T12:00:00Z,3.9816507214663894,2019
2019-04-28T12:00:00Z,3.755051682470594,2019
2019-04-29T12:00:00Z,4.284427983590368,2019
2019-04-30T12:00:00Z,4.005647274956881,2019
2019-05-01T12:00:00Z,3.744662915089922,2019
2019-05-02T12:00:00Z,3.6467138224174644,2019
2019-05-03T12:00:00Z,3.4690590791615867,2019
2019-05-04T12:00:00Z,3.2856454141518276,2019
2019-05-05T12:00:00Z,3.0604075605558716,2019
2019-05-06T12:00:00Z,2.97505624527212,2019
2019-05-07T12:00:00Z,3.446778466675821,2019
2019-05-08T12:00:00Z,3.6212952338458275,2019
2019-05-09T12:00:00Z,3.9178273587805985,2019
2019-05-10T12:00:00Z,4.046432621045865,2019
2019-05-11T12:00:00Z,3.9494890536197134,2019
2019-05-12T12:00:00Z,3.768602973392031,2019
2019-05-13T12:00:00Z,4.1453345049227375,2019
2019-05-14T12:00:00Z,4.0865202265318175,2019
2019-05-15T12:00:00Z,3.995206323611923,2019
2019-05-16T12:00:00Z,4.520286935655424,2019
2019-05-17T12:00:00Z,4.542056459378192,2019
2019-05-18T12:00:00Z,4.3899290303613014,2019
2019-05-19T12:00:00Z,4.396358001185444,2019
2019-05-20T12:00:00Z,4.768330114621607,2019
2019-05-21T12:00:00Z,4.7376927391205435,2019
2019-05-22T12:00:00Z,4.561827991825477,2019
2019-05-23T12:00:00Z,4.247031536324718,2019
2019-05-24T12:00:00Z,3.897538887482432,2019
2019-05-25T12:00:00Z,3.5871905881090567,2019
2019-05-26T12:00:00Z,3.290075759493347,2019
2019-05-27T12:00:00Z,0,2019
2019-05-28T12:00:00Z,0,2019
2019-05-29T12:00:00Z,0,2019
2019-05-30T12:00:00Z,0,2019
2019-06-01T12:00:00Z,0,2020
2019-06-02T12:00:00Z,0,2020
2019-06-03T12:00:00Z,0,2020
2019-06-04T12:00:00Z,0,2020
2019-06-05T12:00:00Z,0,2020
2019-06-06T12:00:00Z,0,2020
2019-06-07T12:00:00Z,0,2020
2019-06-08T12:00:00Z,0,2020
2019-06-09T12:00:00Z,0,2020
2019-06-10T12:00:00Z,0,2020
2019-06-11T12:00:00Z,0,2020
2019-06-12T12:00:00Z,0,2020
2019-06-13T12:00:00Z,0,2020
2019-06-14T12:00:00Z,0,2020
2019-06-15T12:00:00Z,0,2020
2019-06-16T12:00:00Z,0,2020
2019-06-17T12:00:00Z,0,2020
2019-06-18T12:00:00Z,0,2020
2019-06-19T12:00:00Z,0,2020
2019-06-20T12:00:00Z,0,2020
2019-06-21T12:00:00Z,0,2020
2019-06-22T12:00:00Z,0,2020
2019-06-23T12:00:00Z,0,2020
2019-06-24T12:00:00Z,0,2020
2019-06-25T12:00:00Z,0,2020
2019-06-26T12:00:00Z,0,2020
2019-06-27T12:00:00Z,0,2020
2019-06-28T12:00:00Z,0,2020
2019-06-29T12:00:00Z,0,2020
2019-06-30T12:00:00Z,0,2020
2019-07-01T12:00:00Z,17.31839062811462,2020
2019-07-02T12:00:00Z,17.06294529982108,2020
2019-07-03T12:00:00Z,16.83331102876542,2020
2019-07-04T12:00:00Z,16.699782271611703,2020
2019-07-05T12:00:00Z,16.67639165786291,2020
2019-07-06T12:00:00Z,17.380557186970165,2020
2019-07-07T12:00:00Z,18.451973930123852,2020
2019-07-08T12:00:00Z,19.30366156974572,2020
2019-07-09T12:00:00Z,19.867247307545757,2020
2019-07-10T12:00:00Z,19.719799982765863,2020
2019-07-11T12:00:00Z,19.565243925730698,2020
2019-07-12T12:00:00Z,21.237718515181285,2020
2019-07-13T12:00:00Z,21.00081116254136,2020
2019-07-14T12:00:00Z,20.763922495099404,2020
2019-07-15T12:00:00Z,20.436491192426317,2020
2019-07-16T12:00:00Z,20.150648326913476,2020
2019-07-17T12:00:00Z,19.717586424225807,2020
2019-07-18T12:00:00Z,19.56384346953335,2020
2019-07-19T12:00:00Z,20.00209514579857,2020
2019-07-20T12:00:00Z,20.078621961087368,2020
2019-07-21T12:00:00Z,20.26548447441401,2020
2019-07-22T12:00:00Z,20.311346224321092,2020
2019-07-23T12:00:00Z,20.57947449917658,2020
2019-07-24T12:00:00Z,20.706952416278007,2020
2019-07-25T12:00:00Z,20.441056219160732,2020
2019-07-26T12:00:00Z,21.479691175662573,2020
2019-07-27T12:00:00Z,21.470699121529396,2020
2019-07-28T12:00:00Z,21.55736806380994,2020
2019-07-29T12:00:00Z,21.8261816416151,2020
2019-07-30T12:00:00Z,21.783730131218412,2020
2019-07-31T12:00:00Z,21.661650873141237,2020
2019-08-01T12:00:00Z,21.81841723510264,2020
2019-08-02T12:00:00Z,22.039151706845004,2020
2019-08-03T12:00:00Z,22.244374394019836,2020
2019-08-04T12:00:00Z,24.312619451210853,2020
2019-08-05T12:00:00Z,25.590137259570206,2020
2019-08-06T12:00:00Z,25.688609014318693,2020
2019-08-07T12:00:00Z,26.31448246500985,2020
2019-08-08T12:00:00Z,26.580262970620808,2020
2019-08-09T12:00:00Z,27.226247292611088,2020
2019-08-10T12:00:00Z,27.46437004053861,2020
2019-08-11T12:00:00Z,27.507051047101896,2020
2019-08-12T12:00:00Z,28.124224372381793,2020
2019-08-13T12:00:00Z,28.33792215472454,2020
2019-08-14T12:00:00Z,30.774108076609313,2020
2019-08-15T12:00:00Z,31.149012171906893,2020
2019-08-16T12:00:00Z,32.2409920916618,2020
2019-08-17T12:00:00Z,32.76921024593387,2020
2019-08-18T12:00:00Z,32.382606688582584,2020
2019-08-19T12:00:00Z,31.949043425149945,2020
2019-08-20T12:00:00Z,31.655676555353327,2020
2019-08-21T12:00:00Z,31.11232511649286,2020
2019-08-22T12:00:00Z,31.08036200656947,2020
2019-08-23T12:00:00Z,31.16929932556003,2020
2019-08-24T12:00:00Z,31.297095807642474,2020
2019-08-25T12:00:00Z,31.52728542996667,2020
2019-08-26T12:00:00Z,31.437321185972266,2020
2019-08-27T12:00:00Z,31.61749648627525,2020
2019-08-28T12:00:00Z,31.36944609547689,2020
2019-08-29T12:00:00Z,31.240027777758684,2020
2019-08-30T12:00:00Z,31.938038767423265,2020
2019-08-31T12:00:00Z,31.777717796292055,2020
2019-09-01T12:00:00Z,31.42329618825735,2020
2019-09-02T12:00:00Z,31.237530736054545,2020
2019-09-03T12:00:00Z,31.255711925928786,2020
2019-09-04T12:00:00Z,31.039404237188627,2020
2019-09-05T12:00:00Z,30.821418645916676,2020
2019-09-06T12:00:00Z,30.427156966300014,2020
2019-09-07T12:00:00Z,29.940542044158548,2020
2019-09-08T12:00:00Z,29.47234538346383,2020
2019-09-09T12:00:00Z,29.094142154801954,2020
2019-09-10T12:00:00Z,28.570448934272967,2020
2019-09-11T12:00:00Z,28.02115867485846,2020
2019-09-12T12:00:00Z,27.548980799197683,2020
2019-09-13T12:00:00Z,27.90551971926862,2020
2019-09-14T12:00:00Z,28.058151635927505,2020
2019-09-15T12:00:00Z,29.166060341583762,2020
2019-09-16T12:00:00Z,28.84559601560512,2020
2019-09-17T12:00:00Z,28.514633561768562,2020
2019-09-18T12:00:00Z,28.136353440522914,2020
2019-09-19T12:00:00Z,27.661752045469814,2020
2019-09-20T12:00:00Z,27.736307397108238,2020
2019-09-21T12:00:00Z,28.316514641390956,2020
2019-09-22T12:00:00Z,28.94678175334949,2020
2019-09-23T12:00:00Z,28.59361872584299,2020
2019-09-24T12:00:00Z,28.244167826014564,2020
2019-09-25T12:00:00Z,27.954286647146525,2020
2019-09-26T12:00:00Z,27.57429227231182,2020
2019-09-27T12:00:00Z,27.27137579763788,2020
2019-09-28T12:00:00Z,26.94397672789571,2020
2019-09-29T12:00:00Z,26.725509245271898,2020
2019-09-30T12:00:00Z,26.317819599633584,2020
2019-10-01T12:00:00Z,25.887882611987404,2020
2019-10-02T12:00:00Z,25.784585194022604,2020
2019-10-03T12:00:00Z,25.74571869950103,2020
2019-10-04T12:00:00Z,25.514966405593917,2020
2019-10-05T12:00:00Z,25.287305885991202,2020
2019-10-06T12:00:00Z,24.984743129681654,2020
2019-10-07T12:00:00Z,26.11174157093134,2020
2019-10-08T12:00:00Z,30.76339074152574,2020
2019-10-09T12:00:00Z,31.013543516041366,2020
2019-10-10T12:00:00Z,31.16143060603875,2020
2019-10-11T12:00:00Z,31.448842336522027,2020
2019-10-12T12:00:00Z,31.236091301139957,2020
2019-10-13T12:00:00Z,30.96189483106428,2020
2019-10-14T12:00:00Z,30.5838632391202,2020
2019-10-15T12:00:00Z,30.141085886978612,2020
2019-10-16T12:00:00Z,29.82630503595634,2020
2019-10-17T12:00:00Z,29.91173293340685,2020
2019-10-18T12:00:00Z,29.679729409829644,2020
2019-10-19T12:00:00Z,29.554328462823015,2020
2019-10-20T12:00:00Z,29.538894952125812,2020
2019-10-21T12:00:00Z,29.366927492606887,2020
2019-10-22T12:00:00Z,29.082220148316328,2020
2019-10-23T12:00:00Z,28.716412203972766,2020
2019-10-24T12:00:00Z,28.33969310186986,2020
2019-10-25T12:00:00Z,27.943227004911478,2020
2019-10-26T12:00:00Z,28.781722953153754,2020
2019-10-27T12:00:00Z,28.907337978000623,2020
2019-10-28T12:00:00Z,28.668983230347965,2020
2019-10-29T12:00:00Z,28.259033043027276,2020
2019-10-30T12:00:00Z,27.72614343206049,2020
2019-10-31T12:00:00Z,27.34006607193905,2020
2019-11-01T12:00:00Z,27.105528812240316,2020
2019-11-02T12:00:00Z,26.948101762086008,2020
2019-11-03T12:00:00Z,26.55456402140663,2020
2019-11-04T12:00:00Z,26.23894938656679,2020
2019-11-05T12:00:00Z,25.832156194879307,2020
2019-11-06T12:00:00Z,25.442344338933587,2020
2019-11-07T12:00:00Z,24.980883350428357,2020
2019-11-08T12:00:00Z,24.539653529336242,2020
2019-11-09T12:00:00Z,24.248631310719816,2020
2019-11-10T12:00:00Z,23.812612789735038,2020
2019-11-11T12:00:00Z,23.298508214483533,2020
2019-11-12T12:00:00Z,22.881043728231568,2020
2019-11-13T12:00:00Z,22.5999246217128,2020
2019-11-14T12:00:00Z,22.66308581747341,2020
2019-11-15T12:00:00Z,22.566698920785154,2020
2019-11-16T12:00:00Z,22.74231988045658,2020
2019-11-17T12:00:00Z,22.268835282956235,2020
2019-11-18T12:00:00Z,21.86054944936022,2020
2019-11-19T12:00:00Z,21.56328949606033,2020
2019-11-20T12:00:00Z,21.29211536822193,2020
2019-11-21T12:00:00Z,20.824604272795703,2020
2019-11-22T12:00:00Z,20.427928520393184,2020
2019-11-23T12:00:00Z,20.130950366925305,2020
2019-11-24T12:00:00Z,19.843474144146327,2020
2019-11-25T12:00:00Z,19.669972960558976,2020
2019-11-26T12:00:00Z,19.343273458004465,2020
2019-11-27T12:00:00Z,19.03169334632993,2020
2019-11-28T12:00:00Z,18.642276591301897,2020
2019-11-29T12:00:00Z,18.314569092077093,2020
2019-11-30T12:00:00Z,17.85203714805065,2020
2019-12-01T12:00:00Z,17.542808200563435,2020
2019-12-02T12:00:00Z,17.222051790178583,2020
2019-12-03T12:00:00Z,16.827521755622953,2020
2019-12-04T12:00:00Z,16.485468841930093,2020
2019-12-05T12:00:00Z,16.111386371943205,2020
2019-12-06T12:00:00Z,15.819174954192995,2020
2019-12-07T12:00:00Z,15.416479499029482,2020
2019-12-08T12:00:00Z,15.131141411884524,2020
2019-12-09T12:00:00Z,14.877899771596029,2020
2019-12-10T12:00:00Z,14.61961910220248,2020
2019-12-11T12:00:00Z,14.52138152373526,2020
2019-12-12T12:00:00Z,15.158811816179087,2020
2019-12-13T12:00:00Z,14.9981669032959,2020
2019-12-14T12:00:00Z,14.763082130391965,2020
2019-12-15T12:00:00Z,14.510895437224022,2020
2019-12-16T12:00:00Z,14.245588788077834,2020
2019-12-17T12:00:00Z,13.98330709508654,2020
2019-12-18T12:00:00Z,13.78828928422741,2020
2019-12-19T12:00:00Z,13.727862136727099,2020
2019-12-20T12:00:00Z,14.030832425889493,2020
2019-12-21T12:00:00Z,13.81880620872122,2020
2019-12-22T12:00:00Z,13.657463855432834,2020
2019-12-23T12:00:00Z,16.697000234624433,2020
2019-12-24T12:00:00Z,16.73814629910625,2020
2019-12-25T12:00:00Z,16.546026804841816,2020
2019-12-26T12:00:00Z,16.48670502748125,2020
2019-12-27T12:00:00Z,16.446934617651547,2020
2019-12-28T12:00:00Z,16.79425625413452,2020
2019-12-29T12:00:00Z,16.763214302530017,2020
2019-12-30T12:00:00Z,16.75810908748167,2020
2019-12-31T12:00:00Z,16.571868437534448,2020
2020-01-01T12:00:00Z,16.282357401058558,2020
2020-01-02T12:00:00Z,15.966495779842635,2020
2020-01-03T12:00:00Z,15.659314857757524,2020
2020-01-04T12:00:00Z,15.455187289464952,2020
2020-01-05T12:00:00Z,15.067994003361283,2020
2020-01-06T12:00:00Z,14.687695850681488,2020
2020-01-07T12:00:00Z,14.375093447263048,2020
2020-01-08T12:00:00Z,14.080253232331048,2020
2020-01-09T12:00:00Z,13.728082252296014,2020
2020-01-10T12:00:00Z,13.446628290899353,2020
2020-01-11T12:00:00Z,13.282909895157136,2020
2020-01-12T12:00:00Z,13.058661511479116,2020
2020-01-13T12:00:00Z,12.84409824800071,2020
2020-01-14T12:00:00Z,12.627159585892045,2020
2020-01-15T12:00:00Z,12.328070871416665,2020
2020-01-16T12:00:00Z,12.04572267980697,2020
2020-01-17T12:00:00Z,11.892353178144786,2020
2020-01-18T12:00:00Z,11.72061121958827,2020
2020-01-19T12:00:00Z,11.408358414422986,2020
2020-01-20T12:00:00Z,11.229703964682681,2020
2020-01-21T12:00:00Z,10.925562853747786,2020
2020-01-22T12:00:00Z,10.565805745241574,2020
2020-01-23T12:00:00Z,10.28709342752918,2020
2020-01-24T12:00:00Z,10.120488240226125,2020
2020-01-25T12:00:00Z,9.962173517677389,2020
2020-01-26T12:00:00Z,9.761089677686906,2020
2020-01-27T12:00:00Z,9.428159518258228,2020
2020-01-28T12:00:00Z,9.259660136804758,2020
2020-01-29T12:00:00Z,9.100944850353724,2020
2020-01-30T12:00:00Z,9.031473438746781,2020
2020-01-31T12:00:00Z,8.831372192107965,2020
2020-02-01T12:00:00Z,11.8478946922575,2020
2020-02-02T12:00:00Z,12.525335364663986,2020
2020-02-03T12:00:00Z,12.213820061043824,2020
2020-02-04T12:00:00Z,12.012202489504501,2020
2020-02-05T12:00:00Z,11.738190095268196,2020
2020-02-06T12:00:00Z,11.574336006942621,2020
2020-02-07T12:00:00Z,12.21863190382865,2020
2020-02-08T12:00:00Z,12.04146454999776,2020
2020-02-09T12:00:00Z,11.83915116189159,2020
2020-02-10T12:00:00Z,11.630492660604657,2020
2020-02-11T12:00:00Z,11.490063241366425,2020
2020-02-12T12:00:00Z,11.2867878370257,2020
2020-02-13T12:00:00Z,11.026087200746714,2020
2020-02-14T12:00:00Z,10.818676351636912,2020
2020-02-15T12:00:00Z,10.849385097304708,2020
2020-02-16T12:00:00Z,10.907578758278042,2020
2020-02-17T12:00:00Z,10.81277645965281,2020
2020-02-18T12:00:00Z,10.603048181673921,2020
2020-02-19T12:00:00Z,10.393454302664953,2020
2020-02-20T12:00:00Z,10.172075050841583,2020
2020-02-21T12:00:00Z,10.095718753139373,2020
2020-02-22T12:00:00Z,9.760960728151908,2020
2020-02-23T12:00:00Z,9.414051407826635,2020
2020-02-24T12:00:00Z,9.120914229146413,2020
2020-02-25T12:00:00Z,8.800866941840596,2020
2020-02-26T12:00:00Z,8.768828072557254,2020
2020-02-27T12:00:00Z,8.798453705732316,2020
2020-02-28T12:00:00Z,8.42477373584419,2020
2020-02-29T12:00:00Z,8.080288604599488,2020
2020-03-01T12:00:00Z,7.701334331417411,2020
2020-03-02T12:00:00Z,7.371758782647616,2020
2020-03-03T12:00:00Z,7.177867545069256,2020
2020-03-04T12:00:00Z,6.9701766314749385,2020
2020-03-05T12:00:00Z,6.723571147700365,2020
2020-03-06T12:00:00Z,6.837898080747111,2020
2020-03-07T12:00:00Z,6.614611381414939,2020
2020-03-08T12:00:00Z,6.24945807742442,2020
2020-03-09T12:00:00Z,5.939667345015706,2020
2020-03-10T12:00:00Z,5.734361341099431,2020
2020-03-11T12:00:00Z,5.512959415429837,2020
2020-03-12T12:00:00Z,5.2757123129900245,2020
2020-03-13T12:00:00Z,5.0729881657967955,2020
2020-03-14T12:00:00Z,4.828050711304387,2020
2020-03-15T12:00:00Z,4.547264909563289,2020
2020-03-16T12:00:00Z,4.280953143993858,2020
2020-03-17T12:00:00Z,3.9920517182169184,2020
2020-03-18T12:00:00Z,3.7273840614327254,2020
2020-03-19T12:00:00Z,3.4800122916406564,2020
2020-03-20T12:00:00Z,3.1635659776985587,2020
2020-03-21T12:00:00Z,2.9439744373040964,2020
2020-03-22T12:00:00Z,2.7276973794536423,2020
2020-03-23T12:00:00Z,2.5621672095561236,2020
2020-03-24T12:00:00Z,2.4189051467337874,2020
2020-03-25T12:00:00Z,2.2842900809590194,2020
2020-03-26T12:00:00Z,2.1252611989372507,2020
2020-03-27T12:00:00Z,1.9980722901899364,2020
2020-03-28T12:00:00Z,1.796057101703239,2020
2020-03-29T12:00:00Z,1.5937634795232805,2020
2020-03-30T12:00:00Z,1.4422009236431963,2020
2020-03-31T12:00:00Z,1.3262371181741168,2020
2020-04-01T12:00:00Z,1.3491025748262209,2020
2020-04-02T12:00:00Z,1.2449241153742612,2020
2020-04-03T12:00:00Z,1.0966992323884301,2020
2020-04-04T12:00:00Z,0.9760315740158112,2020
2020-04-05T12:00:00Z,0.9243268362688855,2020
2020-04-06T12:00:00Z,0.9215759496497361,2020
2020-04-07T12:00:00Z,1.0604847793554,2020
2020-04-08T12:00:00Z,1.0278834638162995,2020
2020-04-09T12:00:00Z,0.9842945348854513,2020
2020-04-10T12:00:00Z,0.9447231758878467,2020
2020-04-11T12:00:00Z,0.9597277279698767,2020
2020-04-12T12:00:00Z,1.2050270996878358,2020
2020-04-13T12:00:00Z,1.1506525368578404,2020
2020-04-14T12:00:00Z,1.0666142777002523,2020
2020-04-15T12:00:00Z,0.9800204053214668,2020
2020-04-16T12:00:00Z,0.9169720919603933,2020
2020-04-17T12:00:00Z,0.8439067589664553,2020
2020-04-18T12:00:00Z,0.971045679466965,2020
2020-04-19T12:00:00Z,0.9774003489360753,2020
2020-04-20T12:00:00Z,0.9251207521216293,2020
2020-04-21T12:00:00Z,0.8924795568748273,2020
2020-04-22T12:00:00Z,0.8517732730910664,2020
2020-04-23T12:00:00Z,0.7902480343530041,2020
2020-04-24T12:00:00Z,0.7406794688727316,2020
2020-04-25T12:00:00Z,1.0611332890978056,2020
2020-04-26T12:00:00Z,1.0366315838055327,2020
2020-04-27T12:00:00Z,1.0119046090632298,2020
2020-04-28T12:00:00Z,0.8893590537986256,2020
2020-04-29T12:00:00Z,0.772793159638983,2020
2020-04-30T12:00:00Z,0.7561860504072163,2020
2020-05-01T12:00:00Z,0.9004757412266895,2020
2020-05-02T12:00:00Z,0.7846575153037453,2020
2020-05-03T12:00:00Z,0.6604675203707729,2020
2020-05-04T12:00:00Z,0.5922457051878461,2020
2020-05-05T12:00:00Z,0.5544343179224988,2020
2020-05-06T12:00:00Z,0.534047755998916,2020
2020-05-07T12:00:00Z,0.5031600387276212,2020
2020-05-08T12:00:00Z,0.4402222442463493,2020
2020-05-09T12:00:00Z,0.39394044075726764,2020
2020-05-10T12:00:00Z,0.4197964505222238,2020
2020-05-11T12:00:00Z,0.42821464425903344,2020
2020-05-12T12:00:00Z,0.3502964597724444,2020
2020-05-13T12:00:00Z,0.2683385095446864,2020
2020-05-14T12:00:00Z,0.3956917606534967,2020
2020-05-15T12:00:00Z,0.6731426541269351,2020
2020-05-16T12:00:00Z,0.7286750741645942,2020
2020-05-17T12:00:00Z,0.7061970788923463,2020
2020-05-18T12:00:00Z,0.6895573626711133,2020
2020-05-19T12:00:00Z,1.070875085024829,2020
2020-05-20T12:00:00Z,1.2810673825537655,2020
2020-05-21T12:00:00Z,1.2747297668170976,2020
2020-05-22T12:00:00Z,1.5183486419081338,2020
2020-05-23T12:00:00Z,1.4103691283682769,2020
2020-05-24T12:00:00Z,2.919568055249335,2020
2020-05-25T12:00:00Z,6.564461582157684,2020
2020-05-26T12:00:00Z,7.942507238135866,2020
2020-05-27T12:00:00Z,9.353994144118381,2020
2020-05-28T12:00:00Z,9.59178536571088,2020
2020-05-29T12:00:00Z,9.592677589658425,2020
2020-05-30T12:00:00Z,9.482924960385807,2020
2020-06-01T12:00:00Z,9.047861888382974,2021
2020-06-02T12:00:00Z,8.808578029482184,2021
2020-06-03T12:00:00Z,9.82108762950785,2021
2020-06-04T12:00:00Z,11.686023942894147,2021
2020-06-05T12:00:00Z,11.829428048745658,2021
2020-06-06T12:00:00Z,12.058168844214615,2021
2020-06-07T12:00:00Z,11.83359946226163,2021
2020-06-08T12:00:00Z,12.057804972114338,2021
2020-06-09T12:00:00Z,12.102660781279367,2021
2020-06-10T12:00:00Z,11.892515661574018,2021
2020-06-11T12:00:00Z,12.48198480954016,2021
2020-06-12T12:00:00Z,12.448967454225613,2021
2020-06-13T12:00:00Z,12.120245886526192,2021
2020-06-14T12:00:00Z,12.14953144670817,2021
2020-06-15T12:00:00Z,12.73375487570431,2021
2020-06-16T12:00:00Z,13.106544175601028,2021
2020-06-17T12:00:00Z,13.433544508226937,2021
2020-06-18T12:00:00Z,15.864988439884055,2021
2020-06-19T12:00:00Z,16.615932389197692,2021
2020-06-20T12:00:00Z,16.949814978799438,2021
2020-06-21T12:00:00Z,17.488010377841878,2021
2020-06-22T12:00:00Z,17.91805737345506,2021
2020-06-23T12:00:00Z,17.788849094822403,2021
2020-06-24T12:00:00Z,18.056844284672227,2021
2020-06-25T12:00:00Z,17.88480389698479,2021
2020-06-26T12:00:00Z,17.498879280806054,2021
2020-06-27T12:00:00Z,17.060562758639556,2021
2020-06-28T12:00:00Z,16.7679288204223,2021
2020-06-29T12:00:00Z,16.52837011880669,2021
2020-06-30T12:00:00Z,16.549366530171802,2021
2020-07-01T12:00:00Z,16.414947828454906,2021
2020-07-02T12:00:00Z,16.44399553786062,2021
2020-07-03T12:00:00Z,16.898400811058533,2021
2020-07-04T12:00:00Z,17.1400687527353,2021
2020-07-05T12:00:00Z,17.332086147582494,2021
2020-07-06T12:00:00Z,19.534282489364692,2021
2020-07-07T12:00:00Z,19.646178409214933,2021
2020-07-08T12:00:00Z,19.76060963101999,2021
2020-07-09T12:00:00Z,19.61313935939759,2021
2020-07-10T12:00:00Z,19.32519400082419,2021
2020-07-11T12:00:00Z,19.65878533894355,2021
2020-07-12T12:00:00Z,20.36288963060071,2021
2020-07-13T12:00:00Z,20.356222654439794,2021
2020-07-14T12:00:00Z,20.273529236603906,2021
2020-07-15T12:00:00Z,21.001012480223913,2021
2020-07-16T12:00:00Z,22.29453048047543,2021
2020-07-17T12:00:00Z,22.845364491362762,2021
2020-07-18T12:00:00Z,24.73767992172839,2021
2020-07-19T12:00:00Z,24.742516450340204,2021
2020-07-20T12:00:00Z,24.5981668234572,2021
2020-07-21T12:00:00Z,26.38440842436997,2021
2020-07-22T12:00:00Z,30.103310639290804,2021
2020-07-23T12:00:00Z,30.432056383381394,2021
2020-07-24T12:00:00Z,31.672218536653435,2021
2020-07-25T12:00:00Z,31.905741047462215,2021
2020-07-26T12:00:00Z,32.00405879539094,2021
2020-07-27T12:00:00Z,31.706999672171417,2021
2020-07-28T12:00:00Z,31.273840254410942,2021
2020-07-29T12:00:00Z,30.819588318674384,2021
2020-07-30T12:00:00Z,30.309831981771023,2021
2020-07-31T12:00:00Z,29.83101144215269,2021
2020-08-01T12:00:00Z,29.55262316172317,2021
2020-08-02T12:00:00Z,29.481273709968768,2021
2020-08-03T12:00:00Z,29.755656140838383,2021
2020-08-04T12:00:00Z,30.35664755413044,2021
2020-08-05T12:00:00Z,30.63075776562518,2021
2020-08-06T12:00:00Z,32.617046260273305,2021
2020-08-07T12:00:00Z,32.92762200218223,2021
2020-08-08T12:00:00Z,32.729037227406444,2021
2020-08-09T12:00:00Z,32.833414234026876,2021
2020-08-10T12:00:00Z,32.53650156206996,2021
2020-08-11T12:00:00Z,32.409313355837234,2021
2020-08-12T12:00:00Z,32.249721575250355,2021
2020-08-13T12:00:00Z,31.82516073596816,2021
2020-08-14T12:00:00Z,31.30795661144462,2021
2020-08-15T12:00:00Z,31.054134223650298,2021
2020-08-16T12:00:00Z,31.050759165807758,2021
2020-08-17T12:00:00Z,30.794924031882513,2021
2020-08-18T12:00:00Z,30.667333280001053,2021
2020-08-19T12:00:00Z,31.54325277074427,2021
2020-08-20T12:00:00Z,31.782699895535583,2021
2020-08-21T12:00:00Z,32.14362813966398,2021
2020-08-22T12:00:00Z,31.813961034096653,2021
2020-08-23T12:00:00Z,31.735770702268653,2021
2020-08-24T12:00:00Z,32.21845915128389,2021
2020-08-25T12:00:00Z,32.06883171952086,2021
2020-08-26T12:00:00Z,31.7944393949107,2021
2020-08-27T12:00:00Z,31.500606247353623,2021
2020-08-28T12:00:00Z,31.09535070390356,2021
2020-08-29T12:00:00Z,30.729413864311343,2021
2020-08-30T12:00:00Z,30.290599083970505,2021
2020-08-31T12:00:00Z,30.07649638342227,2021
2020-09-01T12:00:00Z,30.407343692620753,2021
2020-09-02T12:00:00Z,29.92975995150649,2021
2020-09-03T12:00:00Z,29.47099466076327,2021
2020-09-04T12:00:00Z,29.072084936689325,2021
2020-09-05T12:00:00Z,28.79704443654164,2021
2020-09-06T12:00:00Z,29.230243002119074,2021
2020-09-07T12:00:00Z,30.582752744037652,2021
2020-09-08T12:00:00Z,30.747528799040193,2021
2020-09-09T12:00:00Z,32.12737989528406,2021
2020-09-10T12:00:00Z,33.850539062866154,2021
2020-09-11T12:00:00Z,34.46719589868559,2021
2020-09-12T12:00:00Z,38.05349860887219,2021
2020-09-13T12:00:00Z,39.36271704646679,2021
2020-09-14T12:00:00Z,39.0499769123948,2021
2020-09-15T12:00:00Z,38.686088939464994,2021
2020-09-16T12:00:00Z,38.08574367321437,2021
2020-09-17T12:00:00Z,37.457772543568105,2021
2020-09-18T12:00:00Z,36.889702492245966,2021
2020-09-19T12:00:00Z,36.44214201319112,2021
2020-09-20T12:00:00Z,36.192662790262965,2021
2020-09-21T12:00:00Z,36.5582159543014,2021
2020-09-22T12:00:00Z,37.29532576765533,2021
2020-09-23T12:00:00Z,36.58441293185885,2021
2020-09-24T12:00:00Z,37.483670398514136,2021
2020-09-25T12:00:00Z,38.395043776714836,2021
2020-09-26T12:00:00Z,38.64358282266705,2021
2020-09-27T12:00:00Z,39.33231929345649,2021
2020-09-28T12:00:00Z,39.56294709298099,2021
2020-09-29T12:00:00Z,39.20575303611046,2021
2020-09-30T12:00:00Z,38.671182286844434,2021
2020-10-01T12:00:00Z,38.31850832024704,2021
2020-10-02T12:00:00Z,38.96013397568003,2021
2020-10-03T12:00:00Z,39.964177299783465,2021
2020-10-04T12:00:00Z,40.113393638416554,2021
2020-10-05T12:00:00Z,39.74640058373611,2021
2020-10-06T12:00:00Z,39.50657793413063,2021
2020-10-07T12:00:00Z,39.15743109416308,2021
2020-10-08T12:00:00Z,38.63606396207146,2021
2020-10-09T12:00:00Z,37.90176450260473,2021
2020-10-10T12:00:00Z,37.37003358379517,2021
2020-10-11T12:00:00Z,36.87803738021477,2021
2020-10-12T12:00:00Z,36.58469435769361,2021
2020-10-13T12:00:00Z,36.36485617709557,2021
2020-10-14T12:00:00Z,35.930116921984364,2021
2020-10-15T12:00:00Z,35.69960915923235,2021
2020-10-16T12:00:00Z,37.06815996786523,2021
2020-10-17T12:00:00Z,39.6378573551234,2021
2020-10-18T12:00:00Z,39.26484798203486,2021
2020-10-19T12:00:00Z,39.4040711970801,2021
2020-10-20T12:00:00Z,40.06860294893136,2021
2020-10-21T12:00:00Z,48.819307793552795,2021
2020-10-22T12:00:00Z,50.29643094476593,2021
2020-10-23T12:00:00Z,49.72092094010401,2021
2020-10-24T12:00:00Z,49.21501563797968,2021
2020-10-25T12:00:00Z,51.296086846556186,2021
2020-10-26T12:00:00Z,50.939108602353805,2021
2020-10-27T12:00:00Z,50.86573694492531,2021
2020-10-28T12:00:00Z,49.852152682238064,2021
2020-10-29T12:00:00Z,48.89742977672879,2021
2020-10-30T12:00:00Z,48.26415050237583,2021
2020-10-31T12:00:00Z,48.09819445297136,2021
2020-11-01T12:00:00Z,47.46252527470453,2021
2020-11-02T12:00:00Z,47.33067286320461,2021
2020-11-03T12:00:00Z,46.313940236337274,2021
2020-11-04T12:00:00Z,45.513410471842406,2021
2020-11-05T12:00:00Z,45.1774635339227,2021
2020-11-06T12:00:00Z,44.982087150446695,2021
2020-11-07T12:00:00Z,45.32919473395875,2021
2020-11-08T12:00:00Z,48.40008816340761,2021
2020-11-09T12:00:00Z,58.13615031284403,2021
2020-11-10T12:00:00Z,58.185149155634505,2021
2020-11-11T12:00:00Z,58.244480368999966,2021
2020-11-12T12:00:00Z,59.6608660444807,2021
2020-11-13T12:00:00Z,59.90529309832267,2021
2020-11-14T12:00:00Z,59.2658940432004,2021
2020-11-15T12:00:00Z,58.46638463437849,2021
2020-11-16T12:00:00Z,57.59780651264396,2021
2020-11-17T12:00:00Z,56.851760521271316,2021
2020-11-18T12:00:00Z,56.02751910595422,2021
2020-11-19T12:00:00Z,55.12022207131232,2021
2020-11-20T12:00:00Z,54.71059310942976,2021
2020-11-21T12:00:00Z,54.76359803183889,2021
2020-11-22T12:00:00Z,55.168182748725435,2021
2020-11-23T12:00:00Z,55.750821689153625,2021
2020-11-24T12:00:00Z,55.25702035382726,2021
2020-11-25T12:00:00Z,54.986525014752154,2021
2020-11-26T12:00:00Z,54.675128363815745,2021
2020-11-27T12:00:00Z,54.361439675378755,2021
2020-11-28T12:00:00Z,54.0674560642149,2021
2020-11-29T12:00:00Z,53.69062302708042,2021
2020-11-30T12:00:00Z,53.36943834736345,2021
2020-12-01T12:00:00Z,53.24013017006182,2021
2020-12-02T12:00:00Z,52.72741196489474,2021
2020-12-03T12:00:00Z,52.34617362400694,2021
2020-12-04T12:00:00Z,52.071298495188984,2021
2020-12-05T12:00:00Z,51.86492897140174,2021
2020-12-06T12:00:00Z,51.71295043980807,2021
2020-12-07T12:00:00Z,52.73924890456541,2021
2020-12-08T12:00:00Z,52.52358621126524,2021
2020-12-09T12:00:00Z,52.02906686734266,2021
2020-12-10T12:00:00Z,51.6810031161369,2021
2020-12-11T12:00:00Z,51.42859366068527,2021
2020-12-12T12:00:00Z,51.79539165534189,2021
2020-12-13T12:00:00Z,51.74373366321336,2021
2020-12-14T12:00:00Z,51.53431141794487,2021
2020-12-15T12:00:00Z,51.32548238276034,2021
2020-12-16T12:00:00Z,51.02128297290186,2021
2020-12-17T12:00:00Z,50.67417902568178,2021
2020-12-18T12:00:00Z,50.164519100674916,2021
2020-12-19T12:00:00Z,49.66293038341137,2021
2020-12-20T12:00:00Z,49.2856152980031,2021
2020-12-21T12:00:00Z,49.01194274381139,2021
2020-12-22T12:00:00Z,48.5933383555884,2021
2020-12-23T12:00:00Z,48.08366384141942,2021
2020-12-24T12:00:00Z,47.79931159089524,2021
2020-12-25T12:00:00Z,47.67673099622437,2021
2020-12-26T12:00:00Z,47.10589381067573,2021
2020-12-27T12:00:00Z,46.66803965498488,2021
2020-12-28T12:00:00Z,46.37601415127895,2021
2020-12-29T12:00:00Z,46.04118467839061,2021
2020-12-30T12:00:00Z,45.60898245831078,2021
2020-12-31T12:00:00Z,45.25263818933261,2021
2021-01-01T12:00:00Z,44.87917936289579,2021
2021-01-02T12:00:00Z,44.48397829156664,2021
2021-01-03T12:00:00Z,44.17103415516284,2021
2021-01-04T12:00:00Z,43.896895177263936,2021
2021-01-05T12:00:00Z,43.31069140308167,2021
2021-01-06T12:00:00Z,42.824932453891556,2021
2021-01-07T12:00:00Z,42.544686963625914,2021
2021-01-08T12:00:00Z,42.29320055329251,2021
2021-01-09T12:00:00Z,41.97892169307892,2021
2021-01-10T12:00:00Z,41.61659924239066,2021
2021-01-11T12:00:00Z,41.321973367255765,2021
2021-01-12T12:00:00Z,41.14682729041074,2021
2021-01-13T12:00:00Z,41.01523528682847,2021
2021-01-14T12:00:00Z,41.346492827113764,2021
2021-01-15T12:00:00Z,41.13909704879028,2021
2021-01-16T12:00:00Z,40.848560393592166,2021
2021-01-17T12:00:00Z,40.47830857231148,2021
2021-01-18T12:00:00Z,40.27993925040429,2021
2021-01-19T12:00:00Z,39.9787783453677,2021
2021-01-20T12:00:00Z,39.566240047357695,2021
2021-01-21T12:00:00Z,39.20953620897568,2021
2021-01-22T12:00:00Z,38.749751853382435,2021
2021-01-23T12:00:00Z,38.38574673664792,2021
2021-01-24T12:00:00Z,37.970144818928986,2021
2021-01-25T12:00:00Z,37.67058645186765,2021
2021-01-26T12:00:00Z,37.264700553326136,2021
2021-01-27T12:00:00Z,37.10175678998553,2021
2021-01-28T12:00:00Z,36.84256427813464,2021
2021-01-29T12:00:00Z,36.26539779386604,2021
2021-01-30T12:00:00Z,35.71824482367625,2021
2021-01-31T12:00:00Z,35.4079256417352,2021
2021-02-01T12:00:00Z,35.37833686267244,2021
2021-02-02T12:00:00Z,34.90341225992104,2021
2021-02-03T12:00:00Z,34.53252071344187,2021
2021-02-04T12:00:00Z,34.140386561291926,2021
2021-02-05T12:00:00Z,33.87049204039877,2021
2021-02-06T12:00:00Z,33.88163507612865,2021
2021-02-07T12:00:00Z,33.87995065391122,2021
2021-02-08T12:00:00Z,34.057018199466704,2021
2021-02-09T12:00:00Z,33.878075455685206,2021
2021-02-10T12:00:00Z,33.59242004297389,2021
2021-02-11T12:00:00Z,33.333409087221256,2021
2021-02-12T12:00:00Z,33.104672807017224,2021
2021-02-13T12:00:00Z,32.892909542190225,2021
2021-02-14T12:00:00Z,32.694245175586744,2021
2021-02-15T12:00:00Z,32.353419205164,2021
2021-02-16T12:00:00Z,32.54501528497074,2021
2021-02-17T12:00:00Z,33.41799069011363,2021
2021-02-18T12:00:00Z,33.18266446480671,2021
2021-02-19T12:00:00Z,32.88205673795022,2021
2021-02-20T12:00:00Z,32.40853854822949,2021
2021-02-21T12:00:00Z,31.965539340711363,2021
2021-02-22T12:00:00Z,31.599376347949992,2021
2021-02-23T12:00:00Z,31.429791975021363,2021
2021-02-24T12:00:00Z,31.34325253830367,2021
2021-02-25T12:00:00Z,31.424721613033046,2021
2021-02-26T12:00:00Z,31.12027561470764,2021
2021-02-27T12:00:00Z,30.77816021421397,2021
2021-02-28T12:00:00Z,30.371426165232347,2021
2021-03-01T12:00:00Z,29.98651927570638,2021
2021-03-02T12:00:00Z,29.6047843103194,2021
2021-03-03T12:00:00Z,29.235085043173928,2021
2021-03-04T12:00:00Z,28.73081964759939,2021
2021-03-05T12:00:00Z,28.28272056752391,2021
2021-03-06T12:00:00Z,27.94664037804412,2021
2021-03-07T12:00:00Z,28.169958947244286,2021
2021-03-08T12:00:00Z,27.615480637994033,2021
2021-03-09T12:00:00Z,27.189572419545794,2021
2021-03-10T12:00:00Z,26.82565344972545,2021
2021-03-11T12:00:00Z,26.557181503326724,2021
2021-03-12T12:00:00Z,26.184218728904273,2021
2021-03-13T12:00:00Z,25.81135832025769,2021
2021-03-14T12:00:00Z,25.49487012042121,2021
2021-03-15T12:00:00Z,25.194726743497295,2021
2021-03-16T12:00:00Z,24.840388443648642,2021
2021-03-17T12:00:00Z,24.441649663781092,2021
2021-03-18T12:00:00Z,24.120005528513527,2021
2021-03-19T12:00:00Z,23.843856399720142,2021
2021-03-20T12:00:00Z,23.43626245146984,2021
2021-03-21T12:00:00Z,23.028904420762057,2021
2021-03-22T12:00:00Z,22.66076675192266,2021
2021-03-23T12:00:00Z,22.336642817628956,2021
2021-03-24T12:00:00Z,22.016283170465858,2021
2021-03-25T12:00:00Z,21.693115317033392,2021
2021-03-26T12:00:00Z,21.365533719400815,2021
2021-03-27T12:00:00Z,20.989665954055795,2021
2021-03-28T12:00:00Z,20.61580389940073,2021
2021-03-29T12:00:00Z,20.33047721642238,2021
2021-03-30T12:00:00Z,20.030720611388023,2021
2021-03-31T12:00:00Z,19.71923032540182,2021
2021-04-01T12:00:00Z,19.34455523824832,2021
2021-04-02T12:00:00Z,19.105992266944412,2021
2021-04-03T12:00:00Z,18.581238704487813,2021
2021-04-04T12:00:00Z,18.228433748498837,2021
2021-04-05T12:00:00Z,17.926769428336073,2021
2021-04-06T12:00:00Z,17.660871901539,2021
2021-04-07T12:00:00Z,17.384281538936232,2021
2021-04-08T12:00:00Z,17.045590301364456,2021
2021-04-09T12:00:00Z,16.749618896523838,2021
2021-04-10T12:00:00Z,16.463384369719158,2021
2021-04-11T12:00:00Z,16.261407179273775,2021
2021-04-12T12:00:00Z,17.66814258258852,2021
2021-04-13T12:00:00Z,17.43667719449983,2021
2021-04-14T12:00:00Z,17.06773088485382,2021
2021-04-15T12:00:00Z,16.720536072130418,2021
2021-04-16T12:00:00Z,16.40020706341269,2021
2021-04-17T12:00:00Z,16.057294787736527,2021
2021-04-18T12:00:00Z,15.792255768614814,2021
2021-04-19T12:00:00Z,15.550715119691601,2021
2021-04-20T12:00:00Z,17.851827947510795,2021
2021-04-21T12:00:00Z,17.916377526539197,2021
2021-04-22T12:00:00Z,17.63604447620973,2021
2021-04-23T12:00:00Z,17.355118311630758,2021
2021-04-24T12:00:00Z,16.970791533960067,2021
2021-04-25T12:00:00Z,16.644386496518198,2021
2021-04-26T12:00:00Z,16.2847667831632,2021
2021-04-27T12:00:00Z,16.173848004497582,2021
2021-04-28T12:00:00Z,15.783186064457682,2021
2021-04-29T12:00:00Z,15.38501093863974,2021
2021-04-30T12:00:00Z,15.025197199258468,2021
2021-05-01T12:00:00Z,14.716625594485635,2021
2021-05-02T12:00:00Z,14.317276635354458,2021
2021-05-03T12:00:00Z,13.843935089932716,2021
2021-05-04T12:00:00Z,13.457545079628003,2021
2021-05-05T12:00:00Z,12.987554364637576,2021
2021-05-06T12:00:00Z,12.579516942561197,2021
2021-05-07T12:00:00Z,12.21837986637633,2021
2021-05-08T12:00:00Z,11.788004610715953,2021
2021-05-09T12:00:00Z,11.5198424542102,2021
2021-05-10T12:00:00Z,11.542691860446501,2021
2021-05-11T12:00:00Z,11.361524607479046,2021
2021-05-12T12:00:00Z,11.11811972474433,2021
2021-05-13T12:00:00Z,11.021330406149735,2021
2021-05-14T12:00:00Z,11.68938244859689,2021
2021-05-15T12:00:00Z,11.36184441718135,2021
2021-05-16T12:00:00Z,10.866423855869357,2021
2021-05-17T12:00:00Z,10.425793998897163,2021
2021-05-18T12:00:00Z,9.993751669525517,2021
2021-05-19T12:00:00Z,9.596334189357533,2021
2021-05-20T12:00:00Z,9.291250492648443,2021
2021-05-21T12:00:00Z,8.86825806744302,2021
2021-05-22T12:00:00Z,8.480624218009245,2021
2021-05-23T12:00:00Z,8.118671131577711,2021
2021-05-24T12:00:00Z,7.8079329773900445,2021
2021-05-25T12:00:00Z,7.494423335323605,2021
2021-05-26T12:00:00Z,7.157947330207479,2021
2021-05-27T12:00:00Z,6.8406893889070375,2021
2021-05-28T12:00:00Z,6.53932666344227,2021
2021-05-29T12:00:00Z,6.2767066481064395,2021
2021-05-30T12:00:00Z,6.015590865955297,2021
2021-06-01T12:00:00Z,6.0469996903832355,2022
2021-06-02T12:00:00Z,6.327737012228233,2022
2021-06-03T12:00:00Z,6.9381262662369,2022
2021-06-04T12:00:00Z,7.055146606019849,2022
2021-06-05T12:00:00Z,6.944457867240987,2022
2021-06-06T12:00:00Z,6.759940306556271,2022
2021-06-07T12:00:00Z,6.557639371006076,2022
2021-06-08T12:00:00Z,6.384027981851523,2022
2021-06-09T12:00:00Z,6.062634800323427,2022
2021-06-10T12:00:00Z,5.757875962399246,2022
2021-06-11T12:00:00Z,5.628715058253397,2022
2021-06-12T12:00:00Z,5.80697101086057,2022
2021-06-13T12:00:00Z,5.916054638487585,2022
2021-06-14T12:00:00Z,6.275512347667388,2022
2021-06-15T12:00:00Z,7.188652324326242,2022
2021-06-16T12:00:00Z,7.838001652364049,2022
2021-06-17T12:00:00Z,9.611517418294882,2022
2021-06-18T12:00:00Z,9.685216639131804,2022
2021-06-19T12:00:00Z,9.482167012211626,2022
2021-06-20T12:00:00Z,9.274874720873491,2022
2021-06-21T12:00:00Z,9.423584217259279,2022
2021-06-22T12:00:00Z,9.101717182722428,2022
2021-06-23T12:00:00Z,8.99008323041162,2022
2021-06-24T12:00:00Z,9.633088695535932,2022
2021-06-25T12:00:00Z,10.110983331943704,2022
2021-06-26T12:00:00Z,10.182295056088781,2022
2021-06-27T12:00:00Z,10.189574660187136,2022
2021-06-28T12:00:00Z,10.166471386224353,2022
2021-06-29T12:00:00Z,10.497790150480103,2022
2021-06-30T12:00:00Z,12.22607657359466,2022
2021-07-01T12:00:00Z,12.516744522465782,2022
2021-07-02T12:00:00Z,12.962841309325352,2022
2021-07-03T12:00:00Z,12.733801374884358,2022
2021-07-04T12:00:00Z,12.39937571493232,2022
2021-07-05T12:00:00Z,12.36639443670384,2022
2021-07-06T12:00:00Z,13.225007289563406,2022
2021-07-07T12:00:00Z,13.383725510469029,2022
2021-07-08T12:00:00Z,13.160182570202693,2022
2021-07-09T12:00:00Z,13.000284431128964,2022
2021-07-10T12:00:00Z,12.696037612655488,2022
2021-07-11T12:00:00Z,12.911934435659479,2022
2021-07-12T12:00:00Z,13.23493483868682,2022
2021-07-13T12:00:00Z,14.538651062587565,2022
2021-07-14T12:00:00Z,14.909658056888711,2022
2021-07-15T12:00:00Z,14.867665218186074,2022
2021-07-16T12:00:00Z,14.55319836772504,2022
2021-07-17T12:00:00Z,14.2280707095092,2022
2021-07-18T12:00:00Z,13.915148767329804,2022
2021-07-19T12:00:00Z,13.542083880366588,2022
2021-07-20T12:00:00Z,13.509972816653162,2022
2021-07-21T12:00:00Z,13.863821746623481,2022
2021-07-22T12:00:00Z,14.018100463795266,2022
2021-07-23T12:00:00Z,14.005390411025747,2022
2021-07-24T12:00:00Z,14.657910083802042,2022
2021-07-25T12:00:00Z,14.957640653959567,2022
2021-07-26T12:00:00Z,15.267941281611025,2022
2021-07-27T12:00:00Z,15.473549570579603,2022
2021-07-28T12:00:00Z,16.481918577863002,2022
2021-07-29T12:00:00Z,16.51542082029038,2022
2021-07-30T12:00:00Z,17.062553104621074,2022
2021-07-31T12:00:00Z,17.132060628703243,2022
2021-08-01T12:00:00Z,17.269358191504185,2022
2021-08-02T12:00:00Z,17.467125781445265,2022
2021-08-03T12:00:00Z,17.523524260112282,2022
2021-08-04T12:00:00Z,18.065566725758917,2022
2021-08-05T12:00:00Z,18.456167236948342,2022
2021-08-06T12:00:00Z,18.61000937084493,2022
2021-08-07T12:00:00Z,19.06860230342648,2022
2021-08-08T12:00:00Z,20.01196409149805,2022
2021-08-09T12:00:00Z,20.046291266225577,2022
2021-08-10T12:00:00Z,19.937003161321073,2022
2021-08-11T12:00:00Z,19.700760568274106,2022
2021-08-12T12:00:00Z,19.56300001412951,2022
2021-08-13T12:00:00Z,20.71821026391077,2022
2021-08-14T12:00:00Z,21.203055163298487,2022
2021-08-15T12:00:00Z,24.44053610755928,2022
2021-08-16T12:00:00Z,25.14065425164786,2022
2021-08-17T12:00:00Z,24.809319573681687,2022
2021-08-18T12:00:00Z,24.345384740035517,2022
2021-08-19T12:00:00Z,23.870516878197172,2022
2021-08-20T12:00:00Z,23.407868685801745,2022
2021-08-21T12:00:00Z,22.87357791906239,2022
2021-08-22T12:00:00Z,22.460807658596206,2022
2021-08-23T12:00:00Z,22.069789092804612,2022
2021-08-24T12:00:00Z,21.650372900855412,2022
2021-08-25T12:00:00Z,21.299081281863742,2022
2021-08-26T12:00:00Z,22.709250056895407,2022
2021-08-27T12:00:00Z,22.522424075325603,2022
2021-08-28T12:00:00Z,22.236865854590224,2022
2021-08-29T12:00:00Z,21.96999776319005,2022
2021-08-30T12:00:00Z,21.729852561128713,2022
2021-08-31T12:00:00Z,22.291098723939303,2022
2021-09-01T12:00:00Z,22.24315556685908,2022
2021-09-02T12:00:00Z,21.989309055074305,2022
2021-09-03T12:00:00Z,22.20412745854063,2022
2021-09-04T12:00:00Z,22.647831851051322,2022
2021-09-05T12:00:00Z,22.755808185386844,2022
2021-09-06T12:00:00Z,23.203278488697197,2022
2021-09-07T12:00:00Z,23.412385504813198,2022
2021-09-08T12:00:00Z,23.700328256100796,2022
2021-09-09T12:00:00Z,23.966126205451808,2022
2021-09-10T12:00:00Z,23.816986571096184,2022
2021-09-11T12:00:00Z,23.571048458642988,2022
2021-09-12T12:00:00Z,23.24462251742603,2022
2021-09-13T12:00:00Z,23.339739057062655,2022
2021-09-14T12:00:00Z,23.541940426382798,2022
2021-09-15T12:00:00Z,23.58358496466066,2022
2021-09-16T12:00:00Z,24.40593811253726,2022
2021-09-17T12:00:00Z,24.823715595166902,2022
2021-09-18T12:00:00Z,27.39307808217526,2022
2021-09-19T12:00:00Z,27.477515635084103,2022
2021-09-20T12:00:00Z,27.63325079367747,2022
2021-09-21T12:00:00Z,27.990116290784606,2022
2021-09-22T12:00:00Z,28.432493764202928,2022
2021-09-23T12:00:00Z,29.920477422514345,2022
2021-09-24T12:00:00Z,30.89754990438523,2022
2021-09-25T12:00:00Z,31.81116352473604,2022
2021-09-26T12:00:00Z,33.019151204526715,2022
2021-09-27T12:00:00Z,32.37827405060891,2022
2021-09-28T12:00:00Z,31.98403230605466,2022
2021-09-29T12:00:00Z,31.473920246015915,2022
2021-09-30T12:00:00Z,31.081646500418397,2022
2021-10-01T12:00:00Z,31.89745014921108,2022
2021-10-02T12:00:00Z,32.1292566798226,2022
2021-10-03T12:00:00Z,31.753195850809455,2022
2021-10-04T12:00:00Z,31.447248886194334,2022
2021-10-05T12:00:00Z,31.081226509535114,2022
2021-10-06T12:00:00Z,30.92518608054031,2022
2021-10-07T12:00:00Z,30.725054394089625,2022
2021-10-08T12:00:00Z,30.588984570984273,2022
2021-10-09T12:00:00Z,31.97611763671143,2022
2021-10-10T12:00:00Z,32.44242968050203,2022
2021-10-11T12:00:00Z,32.211641903371934,2022
2021-10-12T12:00:00Z,32.30355877638097,2022
2021-10-13T12:00:00Z,32.52387625641033,2022
2021-10-14T12:00:00Z,32.48591250000224,2022
2021-10-15T12:00:00Z,32.303977160495826,2022
2021-10-16T12:00:00Z,32.05669303010423,2022
2021-10-17T12:00:00Z,31.767576977508426,2022
2021-10-18T12:00:00Z,31.38891884488994,2022
2021-10-19T12:00:00Z,30.92174022592363,2022
2021-10-20T12:00:00Z,30.546882163859486,2022
2021-10-21T12:00:00Z,30.25041927534733,2022
2021-10-22T12:00:00Z,31.092806488806776,2022
2021-10-23T12:00:00Z,31.334975095220223,2022
2021-10-24T12:00:00Z,31.449050706327252,2022
2021-10-25T12:00:00Z,31.804101512341028,2022
2021-10-26T12:00:00Z,32.02048711104211,2022
2021-10-27T12:00:00Z,31.933402388009455,2022
2021-10-28T12:00:00Z,31.770596694292447,2022
2021-10-29T12:00:00Z,33.55673739725649,2022
2021-10-30T12:00:00Z,33.472924131884746,2022
2021-10-31T12:00:00Z,33.33085377587628,2022
2021-11-01T12:00:00Z,33.03593835102122,2022
2021-11-02T12:00:00Z,32.744204750397294,2022
2021-11-03T12:00:00Z,32.656847569804704,2022
2021-11-04T12:00:00Z,32.443351380761996,2022
2021-11-05T12:00:00Z,33.43760075601845,2022
2021-11-06T12:00:00Z,35.36286276743531,2022
2021-11-07T12:00:00Z,34.948756037122706,2022
2021-11-08T12:00:00Z,34.57070524634157,2022
2021-11-09T12:00:00Z,34.1652025675797,2022
2021-11-10T12:00:00Z,33.88045828601639,2022
2021-11-11T12:00:00Z,33.64658954127178,2022
2021-11-12T12:00:00Z,34.422210466009396,2022
2021-11-13T12:00:00Z,34.3922514230801,2022
2021-11-14T12:00:00Z,34.012881942827484,2022
2021-11-15T12:00:00Z,33.556900387763044,2022
2021-11-16T12:00:00Z,33.1533599621869,2022
2021-11-17T12:00:00Z,32.801278762742655,2022
2021-11-18T12:00:00Z,32.6693307560875,2022
2021-11-19T12:00:00Z,33.55274721140025,2022
2021-11-20T12:00:00Z,33.43310008035,2022
2021-11-21T12:00:00Z,33.55538123725794,2022
2021-11-22T12:00:00Z,33.36442146964451,2022
2021-11-23T12:00:00Z,33.13608260178076,2022
2021-11-24T12:00:00Z,32.63635830995969,2022
2021-11-25T12:00:00Z,32.224132123306376,2022
2021-11-26T12:00:00Z,31.923802372617654,2022
2021-11-27T12:00:00Z,31.618839177235333,2022
2021-11-28T12:00:00Z,31.330955164999967,2022
2021-11-29T12:00:00Z,30.941142439678764,2022
2021-11-30T12:00:00Z,30.620811778487937,2022
2021-12-01T12:00:00Z,30.31746245756906,2022
2021-12-02T12:00:00Z,29.989737527774434,2022
2021-12-03T12:00:00Z,29.667176204703814,2022
2021-12-04T12:00:00Z,29.403672946982237,2022
2021-12-05T12:00:00Z,29.1521038009651,2022
2021-12-06T12:00:00Z,29.188482588021692,2022
2021-12-07T12:00:00Z,29.091999703779976,2022
2021-12-08T12:00:00Z,28.85685297912762,2022
2021-12-09T12:00:00Z,28.643917323606605,2022
2021-12-10T12:00:00Z,28.395910941048303,2022
2021-12-11T12:00:00Z,28.138408895711123,2022
2021-12-12T12:00:00Z,27.917515561442883,2022
2021-12-13T12:00:00Z,27.668590784026172,2022
2021-12-14T12:00:00Z,27.444569058142726,2022
2021-12-15T12:00:00Z,27.453509521811295,2022
2021-12-16T12:00:00Z,27.276440362622058,2022
2021-12-17T12:00:00Z,27.115564057362302,2022
2021-12-18T12:00:00Z,26.89005927446423,2022
2021-12-19T12:00:00Z,26.94352181978254,2022
2021-12-20T12:00:00Z,26.848611607584267,2022
2021-12-21T12:00:00Z,26.978444569725013,2022
2021-12-22T12:00:00Z,26.91232146348122,2022
2021-12-23T12:00:00Z,26.669508486980323,2022
2021-12-24T12:00:00Z,26.42255560845049,2022
2021-12-25T12:00:00Z,26.194395760481086,2022
2021-12-26T12:00:00Z,26.056990138557353,2022
2021-12-27T12:00:00Z,25.911074849090426,2022
2021-12-28T12:00:00Z,25.736444513804766,2022
2021-12-29T12:00:00Z,25.5681608243507,2022
2021-12-30T12:00:00Z,25.367711759617702,2022
2021-12-31T12:00:00Z,25.257971082891935,2022
2022-01-01T12:00:00Z,25.042853509037084,2022
2022-01-02T12:00:00Z,24.84832065497743,2022
2022-01-03T12:00:00Z,24.712514870664165,2022
2022-01-04T12:00:00Z,24.521803099331496,2022
2022-01-05T12:00:00Z,24.3921757973373,2022
2022-01-06T12:00:00Z,24.13682295300001,2022
2022-01-07T12:00:00Z,24.038643430589346,2022
2022-01-08T12:00:00Z,24.412328589838236,2022
2022-01-09T12:00:00Z,24.88535705640197,2022
2022-01-10T12:00:00Z,24.846752304054732,2022
2022-01-11T12:00:00Z,24.96551463737077,2022
2022-01-12T12:00:00Z,24.74236626620391,2022
2022-01-13T12:00:00Z,24.56648087660316,2022
2022-01-14T12:00:00Z,24.341941920643805,2022
2022-01-15T12:00:00Z,24.177718502837692,2022
2022-01-16T12:00:00Z,24.40229354651971,2022
2022-01-17T12:00:00Z,24.972076284359996,2022
2022-01-18T12:00:00Z,24.77083370996152,2022
2022-01-19T12:00:00Z,24.524035971265114,2022
2022-01-20T12:00:00Z,24.374846330795886,2022
2022-01-21T12:00:00Z,27.09462868599887,2022
2022-01-22T12:00:00Z,27.019104436001978,2022
2022-01-23T12:00:00Z,26.896721972587876,2022
2022-01-24T12:00:00Z,26.59429586968156,2022
2022-01-25T12:00:00Z,26.375086276374763,2022
2022-01-26T12:00:00Z,26.252711163351748,2022
2022-01-27T12:00:00Z,26.30141302210577,2022
2022-01-28T12:00:00Z,26.203527432720996,2022
2022-01-29T12:00:00Z,25.90324557745258,2022
2022-01-30T12:00:00Z,25.472233810854473,2022
2022-01-31T12:00:00Z,25.196633572863316,2022
2022-02-01T12:00:00Z,24.955681941838503,2022
2022-02-02T12:00:00Z,24.71834009261136,2022
2022-02-03T12:00:00Z,24.49819083951713,2022
2022-02-04T12:00:00Z,24.30282825115962,2022
2022-02-05T12:00:00Z,24.082416314406213,2022
2022-02-06T12:00:00Z,24.034175367009745,2022
2022-02-07T12:00:00Z,23.78612859725485,2022
2022-02-08T12:00:00Z,23.56390521246119,2022
2022-02-09T12:00:00Z,24.270024415094635,2022
2022-02-10T12:00:00Z,24.18282339773729,2022
2022-02-11T12:00:00Z,23.959951274495403,2022
2022-02-12T12:00:00Z,24.094672380465134,2022
2022-02-13T12:00:00Z,26.36606834123931,2022
2022-02-14T12:00:00Z,26.21785000685263,2022
2022-02-15T12:00:00Z,25.82610092985058,2022
2022-02-16T12:00:00Z,25.496349708153616,2022
2022-02-17T12:00:00Z,25.26275865272724,2022
2022-02-18T12:00:00Z,25.054300268203107,2022
2022-02-19T12:00:00Z,24.829004583115907,2022
2022-02-20T12:00:00Z,25.257136772241697,2022
2022-02-21T12:00:00Z,24.969641307425427,2022
2022-02-22T12:00:00Z,24.682498524471548,2022
2022-02-23T12:00:00Z,24.31121664801494,2022
2022-02-24T12:00:00Z,23.95112963729227,2022
2022-02-25T12:00:00Z,23.562006743531036,2022
2022-02-26T12:00:00Z,23.218706819382984,2022
2022-02-27T12:00:00Z,22.933483121257336,2022
2022-02-28T12:00:00Z,23.568829381594345,2022
2022-03-01T12:00:00Z,23.153194347534775,2022
2022-03-02T12:00:00Z,22.76446520348137,2022
2022-03-03T12:00:00Z,22.47179040915819,2022
2022-03-04T12:00:00Z,22.11927194318622,2022
2022-03-05T12:00:00Z,21.70524218825005,2022
2022-03-06T12:00:00Z,21.259616771909563,2022
2022-03-07T12:00:00Z,20.942848520449395,2022
2022-03-08T12:00:00Z,20.78182542329904,2022
2022-03-09T12:00:00Z,20.420844747410698,2022
2022-03-10T12:00:00Z,20.117851992329467,2022
2022-03-11T12:00:00Z,19.830485304025434,2022
2022-03-12T12:00:00Z,19.455635148467795,2022
2022-03-13T12:00:00Z,18.898616412074745,2022
2022-03-14T12:00:00Z,18.520119896481482,2022
2022-03-15T12:00:00Z,18.40802606650127,2022
2022-03-16T12:00:00Z,18.289509657308475,2022
2022-03-17T12:00:00Z,18.221453516630422,2022
2022-03-18T12:00:00Z,18.419559095141704,2022
2022-03-19T12:00:00Z,18.1083728314672,2022
2022-03-20T12:00:00Z,17.8706885919223,2022
2022-03-21T12:00:00Z,19.43089954362677,2022
2022-03-22T12:00:00Z,19.04377923539523,2022
2022-03-23T12:00:00Z,18.77885583835297,2022
2022-03-24T12:00:00Z,18.443205604713178,2022
2022-03-25T12:00:00Z,19.748541392267743,2022
2022-03-26T12:00:00Z,19.413586546473358,2022
2022-03-27T12:00:00Z,18.94670094136043,2022
2022-03-28T12:00:00Z,18.541690427747927,2022
2022-03-29T12:00:00Z,18.156884934269364,2022
2022-03-30T12:00:00Z,17.723840457603817,2022
2022-03-31T12:00:00Z,17.332889048488084,2022
2022-04-01T12:00:00Z,17.0141412954606,2022
2022-04-02T12:00:00Z,16.636145306001332,2022
2022-04-03T12:00:00Z,16.491508929794847,2022
2022-04-04T12:00:00Z,16.53662509567941,2022
2022-04-05T12:00:00Z,17.54660611563635,2022
2022-04-06T12:00:00Z,17.132983561897838,2022
2022-04-07T12:00:00Z,16.666365248665404,2022
2022-04-08T12:00:00Z,16.223809113611086,2022
2022-04-09T12:00:00Z,15.707529423116586,2022
2022-04-10T12:00:00Z,15.165005211463521,2022
2022-04-11T12:00:00Z,14.709776271813997,2022
2022-04-12T12:00:00Z,14.288716203374213,2022
2022-04-13T12:00:00Z,13.863200473563563,2022
2022-04-14T12:00:00Z,13.581082961558712,2022
2022-04-15T12:00:00Z,13.853908367438953,2022
2022-04-16T12:00:00Z,14.497141417525308,2022
2022-04-17T12:00:00Z,14.123656481790496,2022
2022-04-18T12:00:00Z,13.78033078334474,2022
2022-04-19T12:00:00Z,14.440328471165563,2022
2022-04-20T12:00:00Z,13.985105324912375,2022
2022-04-21T12:00:00Z,13.415496720820228,2022
2022-04-22T12:00:00Z,13.064224329675445,2022
2022-04-23T12:00:00Z,12.634590965866984,2022
2022-04-24T12:00:00Z,12.237724827780195,2022
2022-04-25T12:00:00Z,12.117844040932665,2022
2022-04-26T12:00:00Z,11.69209598577221,2022
2022-04-27T12:00:00Z,11.356762308775503,2022
2022-04-28T12:00:00Z,11.637083455791785,2022
2022-04-29T12:00:00Z,13.269847629983325,2022
2022-04-30T12:00:00Z,13.171828351087365,2022
2022-05-01T12:00:00Z,12.922441066700845,2022
2022-05-02T12:00:00Z,12.489749372729358,2022
2022-05-03T12:00:00Z,12.17962236034882,2022
2022-05-04T12:00:00Z,12.193057836363062,2022
2022-05-05T12:00:00Z,12.433369754799198,2022
2022-05-06T12:00:00Z,12.638424577699002,2022
2022-05-07T12:00:00Z,12.247218659528906,2022
2022-05-08T12:00:00Z,11.891234583157342,2022
2022-05-09T12:00:00Z,11.476854974804965,2022
2022-05-10T12:00:00Z,10.99282096693845,2022
2022-05-11T12:00:00Z,10.50069192694345,2022
2022-05-12T12:00:00Z,10.245430522590846,2022
2022-05-13T12:00:00Z,11.59173551444092,2022
2022-05-14T12:00:00Z,11.63921261935638,2022
2022-05-15T12:00:00Z,11.791735677942123,2022
2022-05-16T12:00:00Z,11.709180549881717,2022
2022-05-17T12:00:00Z,12.086417431739704,2022
2022-05-18T12:00:00Z,11.871863679338272,2022
2022-05-19T12:00:00Z,11.717732800991364,2022
2022-05-20T12:00:00Z,11.776829464656249,2022
2022-05-21T12:00:00Z,11.614185586562938,2022
2022-05-22T12:00:00Z,11.193955783313916,2022
2022-05-23T12:00:00Z,10.746833204294862,2022
2022-05-24T12:00:00Z,10.247980448586116,2022
2022-05-25T12:00:00Z,9.74532427469617,2022
2022-05-26T12:00:00Z,9.412389647730068,2022
2022-05-27T12:00:00Z,9.009420187136453,2022
2022-05-28T12:00:00Z,8.6923726858168,2022
2022-05-29T12:00:00Z,8.563292711301836,2022
2022-05-30T12:00:00Z,10.81976312688469,2022
2022-06-01T12:00:00Z,12.890113344622172,2023
2022-06-02T12:00:00Z,13.682230000351131,2023
2022-06-03T12:00:00Z,17.67495478269052,2023
2022-06-04T12:00:00Z,29.840891075134277,2023
2022-06-05T12:00:00Z,30.042587978576,2023
2022-06-06T12:00:00Z,29.742179541069426,2023
2022-06-07T12:00:00Z,32.09258094492435,2023
2022-06-08T12:00:00Z,32.30559485087082,2023
2022-06-09T12:00:00Z,31.95945757932224,2023
2022-06-10T12:00:00Z,32.89691251638937,2023
2022-06-11T12:00:00Z,33.363720526401025,2023
2022-06-12T12:00:00Z,32.50558115476259,2023
2022-06-13T12:00:00Z,31.636334081774944,2023
2022-06-14T12:00:00Z,30.914898367142936,2023
2022-06-15T12:00:00Z,30.109665292950964,2023
2022-06-16T12:00:00Z,29.304217567406486,2023
2022-06-17T12:00:00Z,28.739839740925042,2023
2022-06-18T12:00:00Z,28.047166698896685,2023
2022-06-19T12:00:00Z,29.29297126065739,2023
2022-06-20T12:00:00Z,28.988788118651986,2023
2022-06-21T12:00:00Z,28.994851562301978,2023
2022-06-22T12:00:00Z,28.53653988347815,2023
2022-06-23T12:00:00Z,27.94336390397224,2023
2022-06-24T12:00:00Z,27.257567089988715,2023
2022-06-25T12:00:00Z,27.02417653949674,2023
2022-06-26T12:00:00Z,27.945399839380695,2023
2022-06-27T12:00:00Z,28.521170627919048,2023
2022-06-28T12:00:00Z,28.38312674372016,2023
2022-06-29T12:00:00Z,27.92723963519852,2023
2022-06-30T12:00:00Z,27.73343459156421,2023
2022-07-01T12:00:00Z,27.255613655067915,2023
2022-07-02T12:00:00Z,26.822713341045098,2023
2022-07-03T12:00:00Z,26.54575951905022,2023
2022-07-04T12:00:00Z,26.090430413357307,2023
2022-07-05T12:00:00Z,25.901388348468256,2023
2022-07-06T12:00:00Z,26.893143815835472,2023
2022-07-07T12:00:00Z,28.527933574633547,2023
2022-07-08T12:00:00Z,28.157412121835346,2023
2022-07-09T12:00:00Z,27.909971314102382,2023
2022-07-10T12:00:00Z,27.712876057601466,2023
2022-07-11T12:00:00Z,27.272322810431767,2023
2022-07-12T12:00:00Z,27.06894073280835,2023
2022-07-13T12:00:00Z,26.85619880653385,2023
2022-07-14T12:00:00Z,27.65290321878775,2023
2022-07-15T12:00:00Z,28.151346701646297,2023
2022-07-16T12:00:00Z,28.22985677291784,2023
2022-07-17T12:00:00Z,28.956329362516186,2023
2022-07-18T12:00:00Z,28.768678009241498,2023
2022-07-19T12:00:00Z,28.395208058254493,2023
2022-07-20T12:00:00Z,27.9786273548115,2023
2022-07-21T12:00:00Z,27.53612776003435,2023
2022-07-22T12:00:00Z,27.631148738422077,2023
2022-07-23T12:00:00Z,27.698588679236135,2023
2022-07-24T12:00:00Z,27.36680356916788,2023
2022-07-25T12:00:00Z,26.95932129322607,2023
2022-07-26T12:00:00Z,28.994587668896187,2023
2022-07-27T12:00:00Z,30.4671911935498,2023
2022-07-28T12:00:00Z,30.219467702878678,2023
2022-07-29T12:00:00Z,29.86962697330815,2023
2022-07-30T12:00:00Z,29.506513216960208,2023
2022-07-31T12:00:00Z,29.074249191545714,2023
2022-08-01T12:00:00Z,28.686776076661502,2023
2022-08-02T12:00:00Z,28.295240262019412,2023
2022-08-03T12:00:00Z,27.938126101409768,2023
2022-08-04T12:00:00Z,27.630507732278335,2023
2022-08-05T12:00:00Z,27.55913090761915,2023
2022-08-06T12:00:00Z,27.50344835990323,2023
2022-08-07T12:00:00Z,27.452061966163754,2023
2022-08-08T12:00:00Z,27.243060286878723,2023
2022-08-09T12:00:00Z,26.981504807439535,2023
2022-08-10T12:00:00Z,26.821472880959394,2023
2022-08-11T12:00:00Z,26.369494311349516,2023
2022-08-12T12:00:00Z,26.025863143629472,2023
2022-08-13T12:00:00Z,25.734976658951872,2023
2022-08-14T12:00:00Z,25.959967123072715,2023
2022-08-15T12:00:00Z,26.36115672052432,2023
2022-08-16T12:00:00Z,26.811061030818944,2023
2022-08-17T12:00:00Z,26.851169066681337,2023
2022-08-18T12:00:00Z,26.553749909246818,2023
2022-08-19T12:00:00Z,26.332988302271,2023
2022-08-20T12:00:00Z,26.093440169008424,2023
2022-08-21T12:00:00Z,25.701162138111325,2023
2022-08-22T12:00:00Z,25.337487724572274,2023
2022-08-23T12:00:00Z,25.33981590364402,2023
2022-08-24T12:00:00Z,25.763329735582186,2023
2022-08-25T12:00:00Z,26.00243034491226,2023
2022-08-26T12:00:00Z,26.206855146214732,2023
2022-08-27T12:00:00Z,27.367816873255254,2023
2022-08-28T12:00:00Z,28.103480398199583,2023
2022-08-29T12:00:00Z,29.770769129770862,2023
2022-08-30T12:00:00Z,29.379864264888933,2023
2022-08-31T12:00:00Z,29.065218339914438,2023
2022-09-01T12:00:00Z,29.127972760139787,2023
2022-09-02T12:00:00Z,29.808632604055376,2023
2022-09-03T12:00:00Z,29.650784411042725,2023
2022-09-04T12:00:00Z,29.17878216081221,2023
2022-09-05T12:00:00Z,28.83696599637143,2023
2022-09-06T12:00:00Z,28.900710644801382,2023
2022-09-07T12:00:00Z,29.293428213192364,2023
2022-09-08T12:00:00Z,29.931315925329137,2023
2022-09-09T12:00:00Z,30.786920440535585,2023
2022-09-10T12:00:00Z,30.404823455474286,2023
2022-09-11T12:00:00Z,30.06967029067141,2023
2022-09-12T12:00:00Z,30.47116249768204,2023
2022-09-13T12:00:00Z,30.69782855372938,2023
2022-09-14T12:00:00Z,30.786643364707356,2023
2022-09-15T12:00:00Z,30.740938882893143,2023
2022-09-16T12:00:00Z,31.92341581451087,2023
2022-09-17T12:00:00Z,32.41877453689127,2023
2022-09-18T12:00:00Z,33.333290877608434,2023
2022-09-19T12:00:00Z,33.37769602720464,2023
2022-09-20T12:00:00Z,33.50150939930197,2023
2022-09-21T12:00:00Z,33.55427687044359,2023
2022-09-22T12:00:00Z,34.01440203523776,2023
2022-09-23T12:00:00Z,34.16317553506192,2023
2022-09-24T12:00:00Z,33.67578489731388,2023
2022-09-25T12:00:00Z,33.67228447916926,2023
2022-09-26T12:00:00Z,34.54099092689013,2023
2022-09-27T12:00:00Z,44.03919234579387,2023
2022-09-28T12:00:00Z,45.83465123171904,2023
2022-09-29T12:00:00Z,46.35918557337986,2023
2022-09-30T12:00:00Z,45.78659148351686,2023
2022-10-01T12:00:00Z,45.00332339769713,2023
2022-10-02T12:00:00Z,44.226979369257855,2023
2022-10-03T12:00:00Z,43.44486998558978,2023
2022-10-04T12:00:00Z,42.595222707780174,2023
2022-10-05T12:00:00Z,41.85095751834313,2023
2022-10-06T12:00:00Z,41.28368749030073,2023
2022-10-07T12:00:00Z,40.591449286398294,2023
2022-10-08T12:00:00Z,40.00690562886192,2023
2022-10-09T12:00:00Z,40.406250109004695,2023
2022-10-10T12:00:00Z,40.528248488961424,2023
2022-10-11T12:00:00Z,40.093498817130005,2023
2022-10-12T12:00:00Z,39.63938192578651,2023
2022-10-13T12:00:00Z,39.550372746362044,2023
2022-10-14T12:00:00Z,42.32622113727566,2023
2022-10-15T12:00:00Z,42.34163245295451,2023
2022-10-16T12:00:00Z,42.29675478697057,2023
2022-10-17T12:00:00Z,42.02431817255571,2023
2022-10-18T12:00:00Z,41.84211627444604,2023
2022-10-19T12:00:00Z,41.721164263147095,2023
2022-10-20T12:00:00Z,41.420429497811284,2023
2022-10-21T12:00:00Z,40.93653580509601,2023
2022-10-22T12:00:00Z,40.51720755508901,2023
2022-10-23T12:00:00Z,40.216627650863394,2023
2022-10-24T12:00:00Z,39.87668923715186,2023
2022-10-25T12:00:00Z,39.64655494363021,2023
2022-10-26T12:00:00Z,39.329953653034806,2023
2022-10-27T12:00:00Z,39.04783758038288,2023
2022-10-28T12:00:00Z,38.75159912585745,2023
2022-10-29T12:00:00Z,38.45075974403703,2023
2022-10-30T12:00:00Z,38.12574140827056,2023
2022-10-31T12:00:00Z,38.08797977860364,2023
2022-11-01T12:00:00Z,37.588340482142016,2023
2022-11-02T12:00:00Z,37.210164790942784,2023
2022-11-03T12:00:00Z,36.82882625372473,2023
2022-11-04T12:00:00Z,36.463068627797426,2023
2022-11-05T12:00:00Z,36.15719249661826,2023
2022-11-06T12:00:00Z,35.96542585216003,2023
2022-11-07T12:00:00Z,35.7721405379569,2023
2022-11-08T12:00:00Z,35.462611950436255,2023
2022-11-09T12:00:00Z,35.277812024078216,2023
2022-11-10T12:00:00Z,35.36325109446317,2023
2022-11-11T12:00:00Z,35.29235238431133,2023
2022-11-12T12:00:00Z,35.293942079161106,2023
2022-11-13T12:00:00Z,35.88597966734973,2023
2022-11-14T12:00:00Z,35.710281863105166,2023
2022-11-15T12:00:00Z,35.451155682151864,2023
2022-11-16T12:00:00Z,35.1957903664913,2023
2022-11-17T12:00:00Z,34.88563099589334,2023
2022-11-18T12:00:00Z,34.57605170157467,2023
2022-11-19T12:00:00Z,34.346975275351646,2023
2022-11-20T12:00:00Z,34.85119747055382,2023
2022-11-21T12:00:00Z,35.55700267162192,2023
2022-11-22T12:00:00Z,35.72782113470363,2023
2022-11-23T12:00:00Z,35.72525019874535,2023
2022-11-24T12:00:00Z,35.75946174242354,2023
2022-11-25T12:00:00Z,35.59768299706185,2023
2022-11-26T12:00:00Z,35.43068952214823,2023
2022-11-27T12:00:00Z,35.28952940409378,2023
2022-11-28T12:00:00Z,35.39429365021709,2023
2022-11-29T12:00:00Z,34.91980159658643,2023
2022-11-30T12:00:00Z,34.77505766282936,2023
2022-12-01T12:00:00Z,35.85787017039524,2023
2022-12-02T12:00:00Z,35.5496293792762,2023
2022-12-03T12:00:00Z,35.146959782767595,2023
2022-12-04T12:00:00Z,34.75532932197429,2023
2022-12-05T12:00:00Z,34.46249879487698,2023
2022-12-06T12:00:00Z,34.29647220869372,2023
2022-12-07T12:00:00Z,34.15479916382023,2023
2022-12-08T12:00:00Z,33.9339194605563,2023
2022-12-09T12:00:00Z,33.646236220489634,2023
2022-12-10T12:00:00Z,33.470373072516786,2023
2022-12-11T12:00:00Z,33.271714641718624,2023
2022-12-12T12:00:00Z,33.06365561686113,2023
2022-12-13T12:00:00Z,32.896046491327766,2023
2022-12-14T12:00:00Z,32.70425628480902,2023
2022-12-15T12:00:00Z,32.52962326779305,2023
2022-12-16T12:00:00Z,34.24986867278844,2023
2022-12-17T12:00:00Z,34.166930469032835,2023
2022-12-18T12:00:00Z,34.50526994776189,2023
2022-12-19T12:00:00Z,34.27884411452216,2023
2022-12-20T12:00:00Z,34.01186048748678,2023
2022-12-21T12:00:00Z,34.01435518283452,2023
2022-12-22T12:00:00Z,33.80860195454141,2023
2022-12-23T12:00:00Z,33.964594755116686,2023
2022-12-24T12:00:00Z,33.720336545249275,2023
2022-12-25T12:00:00Z,33.30788981052851,2023
2022-12-26T12:00:00Z,33.16894636088791,2023
2022-12-27T12:00:00Z,33.934674751326575,2023
2022-12-28T12:00:00Z,33.79066373472933,2023
2022-12-29T12:00:00Z,33.51867992856944,2023
2022-12-30T12:00:00Z,33.362910096582304,2023
2022-12-31T12:00:00Z,33.31324051610403,2023
2023-01-01T12:00:00Z,32.95464233553491,2023
2023-01-02T12:00:00Z,32.72581051855433,2023
2023-01-03T12:00:00Z,32.46151032587924,2023
2023-01-04T12:00:00Z,32.169141116128266,2023
2023-01-05T12:00:00Z,31.95213628307963,2023
2023-01-06T12:00:00Z,31.65833089748629,2023
2023-01-07T12:00:00Z,31.23603891665508,2023
2023-01-08T12:00:00Z,31.03392275309119,2023
2023-01-09T12:00:00Z,30.809446213831514,2023
2023-01-10T12:00:00Z,30.581281766018133,2023
2023-01-11T12:00:00Z,30.195894885787066,2023
2023-01-12T12:00:00Z,29.893620103603478,2023
2023-01-13T12:00:00Z,29.572555751641747,2023
2023-01-14T12:00:00Z,29.364423931240452,2023
2023-01-15T12:00:00Z,28.901985363978948,2023
2023-01-16T12:00:00Z,28.636910099964535,2023
2023-01-17T12:00:00Z,28.464424697052134,2023
2023-01-18T12:00:00Z,28.286133655931994,2023
2023-01-19T12:00:00Z,28.036127817946014,2023
2023-01-20T12:00:00Z,27.784262672822692,2023
2023-01-21T12:00:00Z,27.630897423476124,2023
2023-01-22T12:00:00Z,27.444287482881872,2023
2023-01-23T12:00:00Z,27.25947466172154,2023
2023-01-24T12:00:00Z,26.972433752230167,2023
2023-01-25T12:00:00Z,26.764354573314268,2023
2023-01-26T12:00:00Z,26.527823940024554,2023
2023-01-27T12:00:00Z,26.190346273397488,2023
2023-01-28T12:00:00Z,25.882499415026825,2023
2023-01-29T12:00:00Z,0,2023
2023-01-30T12:00:00Z,0,2023
2023-01-31T12:00:00Z,0,2023
2023-02-01T12:00:00Z,0,2023
2023-02-02T12:00:00Z,0,2023
2023-02-03T12:00:00Z,0,2023
2023-02-04T12:00:00Z,0,2023
2023-02-05T12:00:00Z,0,2023
2023-02-06T12:00:00Z,0,2023
2023-02-07T12:00:00Z,0,2023
2023-02-08T12:00:00Z,0,2023
2023-02-09T12:00:00Z,0,2023
2023-02-10T12:00:00Z,0,2023
2023-02-11T12:00:00Z,0,2023
2023-02-12T12:00:00Z,0,2023
2023-02-13T12:00:00Z,0,2023
2023-02-14T12:00:00Z,0,2023
2023-02-15T12:00:00Z,0,2023
2023-02-16T12:00:00Z,0,2023
2023-02-17T12:00:00Z,0,2023
2023-02-18T12:00:00Z,0,2023
2023-02-19T12:00:00Z,0,2023
2023-02-20T12:00:00Z,0,2023
2023-02-21T12:00:00Z,0,2023
2023-02-22T12:00:00Z,0,2023
2023-02-23T12:00:00Z,0,2023
2023-02-24T12:00:00Z,0,2023
2023-02-25T12:00:00Z,0,2023
2023-02-26T12:00:00Z,0,2023
2023-02-27T12:00:00Z,0,2023
2023-02-28T12:00:00Z,0,2023
2023-03-01T12:00:00Z,0,2023
2023-03-02T12:00:00Z,0,2023
2023-03-03T12:00:00Z,0,2023
2023-03-04T12:00:00Z,0,2023
2023-03-05T12:00:00Z,0,2023
2023-03-06T12:00:00Z,0,2023
2023-03-07T12:00:00Z,0,2023
2023-03-08T12:00:00Z,0,2023
2023-03-09T12:00:00Z,0,2023
2023-03-10T12:00:00Z,0,2023
2023-03-11T12:00:00Z,0,2023
2023-03-12T12:00:00Z,0,2023
2023-03-13T12:00:00Z,0,2023
2023-03-14T12:00:00Z,0,2023
2023-03-15T12:00:00Z,0,2023
2023-03-16T12:00:00Z,0,2023
2023-03-17T12:00:00Z,0,2023
2023-03-18T12:00:00Z,0,2023
2023-03-19T12:00:00Z,0,2023
2023-03-20T12:00:00Z,0,2023
2023-03-21T12:00:00Z,0,2023
2023-03-22T12:00:00Z,0,2023
2023-03-23T12:00:00Z,0,2023
2023-03-24T12:00:00Z,0,2023
2023-03-25T12:00:00Z,0,2023
2023-03-26T12:00:00Z,0,2023
2023-03-27T12:00:00Z,0,2023
2023-03-28T12:00:00Z,0,2023
2023-03-29T12:00:00Z,0,2023
2023-03-30T12:00:00Z,0,2023
2023-03-31T12:00:00Z,0,2023
2023-04-01T12:00:00Z,13.440576434351438,2023
2023-04-02T12:00:00Z,13.22685259608634,2023
2023-04-03T12:00:00Z,12.92179316379181,2023
2023-04-04T12:00:00Z,12.63400707390236,2023
2023-04-05T12:00:00Z,12.303253185369593,2023
2023-04-06T12:00:00Z,11.987881008336407,2023
2023-04-07T12:00:00Z,11.582183645328508,2023
2023-04-08T12:00:00Z,11.193214694742592,2023
2023-04-09T12:00:00Z,11.012825344701413,2023
2023-04-10T12:00:00Z,10.987882481849626,2023
2023-04-11T12:00:00Z,11.714815018050935,2023
2023-04-12T12:00:00Z,13.316759639061862,2023
2023-04-13T12:00:00Z,14.494655337702048,2023
2023-04-14T12:00:00Z,14.541248518851724,2023
2023-04-15T12:00:00Z,14.458103687330043,2023
2023-04-16T12:00:00Z,14.290064723227797,2023
2023-04-17T12:00:00Z,16.002785079427845,2023
2023-04-18T12:00:00Z,15.848058150488296,2023
2023-04-19T12:00:00Z,15.574460623850435,2023
2023-04-20T12:00:00Z,15.302209016450123,2023
2023-04-21T12:00:00Z,15.21906081245123,2023
2023-04-22T12:00:00Z,15.49691659621347,2023
2023-04-23T12:00:00Z,15.413537639969126,2023
2023-04-24T12:00:00Z,15.731534854888215,2023
2023-04-25T12:00:00Z,15.875898285938407,2023
2023-04-26T12:00:00Z,15.666338445198058,2023
2023-04-27T12:00:00Z,16.10494191487786,2023
2023-04-28T12:00:00Z,15.823412501636845,2023
2023-04-29T12:00:00Z,15.585535273887034,2023
2023-04-30T12:00:00Z,15.900264984375115,2023
2023-05-01T12:00:00Z,15.81981005554218,2023
2023-05-02T12:00:00Z,15.45616954543448,2023
2023-05-03T12:00:00Z,15.118461259139973,2023
2023-05-04T12:00:00Z,14.753961881215846,2023
2023-05-05T12:00:00Z,14.415678051811708,2023
2023-05-06T12:00:00Z,14.111056445779811,2023
2023-05-07T12:00:00Z,13.916689629466013,2023
2023-05-08T12:00:00Z,13.635533554943956,2023
2023-05-09T12:00:00Z,13.304704479045663,2023
2023-05-10T12:00:00Z,13.01443370578338,2023
2023-05-11T12:00:00Z,12.632439756130728,2023
2023-05-12T12:00:00Z,12.224747495459763,2023
2023-05-13T12:00:00Z,11.864444979949399,2023
2023-05-14T12:00:00Z,11.562968473978538,2023
2023-05-15T12:00:00Z,11.82348399029189,2023
2023-05-16T12:00:00Z,11.948081413220821,2023
2023-05-17T12:00:00Z,12.083173903462411,2023
2023-05-18T12:00:00Z,11.861037144944962,2023
2023-05-19T12:00:00Z,12.787751665547942,2023
2023-05-20T12:00:00Z,13.416228713016377,2023
2023-05-21T12:00:00Z,13.686552048920417,2023
2023-05-22T12:00:00Z,14.231676402451592,2023
2023-05-23T12:00:00Z,16.22212249891765,2023
2023-05-24T12:00:00Z,16.930725652417287,2023
2023-05-25T12:00:00Z,19.444325817110023,2023
2023-05-26T12:00:00Z,20.327091013182624,2023
2023-05-27T12:00:00Z,21.04518467616381,2023
2023-05-28T12:00:00Z,20.933460266980088,2023
2023-05-29T12:00:00Z,20.509771428635958,2023
2023-05-30T12:00:00Z,20.28328558261434,2023
2023-06-01T12:00:00Z,24.2387155439431,2024
2023-06-02T12:00:00Z,25.373818012829744,2024
2023-06-03T12:00:00Z,26.00895414053518,2024
2023-06-04T12:00:00Z,26.919813719552362,2024
2023-06-05T12:00:00Z,27.502980696933157,2024
2023-06-06T12:00:00Z,27.280977050844765,2024
2023-06-07T12:00:00Z,27.21629747200199,2024
2023-06-08T12:00:00Z,27.387573756854053,2024
2023-06-09T12:00:00Z,28.170666501477697,2024
2023-06-10T12:00:00Z,27.871318447718306,2024
2023-06-11T12:00:00Z,27.86791031750596,2024
2023-06-12T12:00:00Z,28.707029741588,2024
2023-06-13T12:00:00Z,29.738982700717788,2024
2023-06-14T12:00:00Z,29.2565555054107,2024
2023-06-15T12:00:00Z,28.759598565358488,2024
2023-06-16T12:00:00Z,28.221833657424433,2024
2023-06-17T12:00:00Z,27.829936003614943,2024
2023-06-18T12:00:00Z,27.840278070096755,2024
2023-06-19T12:00:00Z,27.95372558406004,2024
2023-06-20T12:00:00Z,28.909275020418157,2024
2023-06-21T12:00:00Z,28.678524049091994,2024
2023-06-22T12:00:00Z,28.663907108017327,2024
2023-06-23T12:00:00Z,28.435830107818738,2024
2023-06-24T12:00:00Z,28.284092569467955,2024
2023-06-25T12:00:00Z,28.932168974582176,2024
2023-06-26T12:00:00Z,30.91871920341843,2024
2023-06-27T12:00:00Z,30.931322304205377,2024
2023-06-28T12:00:00Z,30.77817931983193,2024
2023-06-29T12:00:00Z,30.591571946662505,2024
2023-06-30T12:00:00Z,30.77913485647532,2024
2023-07-01T12:00:00Z,30.92185139296454,2024
2023-07-02T12:00:00Z,30.88340804392397,2024
2023-07-03T12:00:00Z,31.06180763384738,2024
2023-07-04T12:00:00Z,31.879005614924267,2024
2023-07-05T12:00:00Z,31.664724320832942,2024
2023-07-06T12:00:00Z,31.685135731430876,2024
2023-07-07T12:00:00Z,32.384276179538766,2024
2023-07-08T12:00:00Z,32.003985919634815,2024
2023-07-09T12:00:00Z,31.475009910553606,2024
2023-07-10T12:00:00Z,31.029880200964232,2024
2023-07-11T12:00:00Z,30.533979212735705,2024
2023-07-12T12:00:00Z,30.48239450118451,2024
2023-07-13T12:00:00Z,30.21273087427735,2024
2023-07-14T12:00:00Z,30.075658280562234,2024
2023-07-15T12:00:00Z,30.21332892026537,2024
2023-07-16T12:00:00Z,30.353371269345633,2024
2023-07-17T12:00:00Z,31.105867911085678,2024
2023-07-18T12:00:00Z,31.876145194162934,2024
2023-07-19T12:00:00Z,32.05100563088547,2024
2023-07-20T12:00:00Z,32.14793307746192,2024
2023-07-21T12:00:00Z,31.8578889898175,2024
2023-07-22T12:00:00Z,31.93759954062078,2024
2023-07-23T12:00:00Z,31.529762997286326,2024
2023-07-24T12:00:00Z,31.052563687659852,2024
2023-07-25T12:00:00Z,30.914435824451203,2024
2023-07-26T12:00:00Z,30.607798579811,2024
2023-07-27T12:00:00Z,31.512157414172002,2024
2023-07-28T12:00:00Z,33.43491631469577,2024
2023-07-29T12:00:00Z,0,2024
2023-07-30T12:00:00Z,0,2024
2023-07-31T12:00:00Z,0,2024
2023-08-01T12:00:00Z,0,2024
2023-08-02T12:00:00Z,0,2024
2023-08-03T12:00:00Z,0,2024
2023-08-04T12:00:00Z,0,2024
2023-08-05T12:00:00Z,0,2024
2023-08-06T12:00:00Z,0,2024
2023-08-07T12:00:00Z,0,2024
2023-08-08T12:00:00Z,0,2024
2023-08-09T12:00:00Z,0,2024
2023-08-10T12:00:00Z,0,2024
2023-08-11T12:00:00Z,0,2024
2023-08-12T12:00:00Z,0,2024
2023-08-13T12:00:00Z,0,2024
2023-08-14T12:00:00Z,0,2024
2023-08-15T12:00:00Z,0,2024
2023-08-16T12:00:00Z,0,2024
2023-08-17T12:00:00Z,0,2024
2023-08-18T12:00:00Z,0,2024
2023-08-19T12:00:00Z,0,2024
2023-08-20T12:00:00Z,0,2024
2023-08-21T12:00:00Z,0,2024
2023-08-22T12:00:00Z,0,2024
2023-08-23T12:00:00Z,0,2024
2023-08-24T12:00:00Z,0,2024
2023-08-25T12:00:00Z,0,2024
2023-08-26T12:00:00Z,0,2024
2023-08-27T12:00:00Z,0,2024
2023-08-28T12:00:00Z,0,2024
2023-08-29T12:00:00Z,0,2024
2023-08-30T12:00:00Z,0,2024
2023-08-31T12:00:00Z,0,2024
2023-09-01T12:00:00Z,0,2024
2023-09-02T12:00:00Z,0,2024
2023-09-03T12:00:00Z,0,2024
2023-09-04T12:00:00Z,0,2024
2023-09-05T12:00:00Z,0,2024
2023-09-06T12:00:00Z,0,2024
2023-09-07T12:00:00Z,0,2024
2023-09-08T12:00:00Z,0,2024
2023-09-09T12:00:00Z,0,2024
2023-09-10T12:00:00Z,0,2024
2023-09-11T12:00:00Z,0,2024
2023-09-12T12:00:00Z,0,2024
2023-09-13T12:00:00Z,0,2024
2023-09-14T12:00:00Z,0,2024
2023-09-15T12:00:00Z,0,2024
2023-09-16T12:00:00Z,0,2024
2023-09-17T12:00:00Z,0,2024
2023-09-18T12:00:00Z,0,2024
2023-09-19T12:00:00Z,0,2024
2023-09-20T12:00:00Z,0,2024
2023-09-21T12:00:00Z,0,2024
2023-09-22T12:00:00Z,0,2024
2023-09-23T12:00:00Z,0,2024
2023-09-24T12:00:00Z,0,2024
2023-09-25T12:00:00Z,0,2024
2023-09-26T12:00:00Z,0,2024
2023-09-27T12:00:00Z,0,2024
2023-09-28T12:00:00Z,0,2024
2023-09-29T12:00:00Z,0,2024
2023-09-30T12:00:00Z,0,2024
2023-10-01T12:00:00Z,47.055857094774986,2024
2023-10-02T12:00:00Z,47.42030148090508,2024
2023-10-03T12:00:00Z,47.352540620697354,2024
2023-10-04T12:00:00Z,46.844405867140395,2024
2023-10-05T12:00:00Z,46.50435790118928,2024
2023-10-06T12:00:00Z,47.288209372472814,2024
2023-10-07T12:00:00Z,46.9059229739616,2024
2023-10-08T12:00:00Z,46.52810645108125,2024
2023-10-09T12:00:00Z,46.143772818876414,2024
2023-10-10T12:00:00Z,45.77813767985195,2024
2023-10-11T12:00:00Z,46.12554644286691,2024
2023-10-12T12:00:00Z,46.221207552395185,2024
2023-10-13T12:00:00Z,45.87892925400692,2024
2023-10-14T12:00:00Z,46.39746413982814,2024
2023-10-15T12:00:00Z,46.234071643579014,2024
2023-10-16T12:00:00Z,45.66912438544891,2024
2023-10-17T12:00:00Z,45.10409521538177,2024
2023-10-18T12:00:00Z,44.539628013924684,2024
2023-10-19T12:00:00Z,44.046079037448685,2024
2023-10-20T12:00:00Z,43.621621340659175,2024
2023-10-21T12:00:00Z,43.31471379015751,2024
2023-10-22T12:00:00Z,42.97458963431527,2024
2023-10-23T12:00:00Z,42.62935420399665,2024
2023-10-24T12:00:00Z,42.19561842947352,2024
2023-10-25T12:00:00Z,41.78450658473165,2024
2023-10-26T12:00:00Z,41.50402730190789,2024
2023-10-27T12:00:00Z,41.15796553521152,2024
2023-10-28T12:00:00Z,40.77329685003821,2024
2023-10-29T12:00:00Z,40.4912327317136,2024
2023-10-30T12:00:00Z,40.21804474308488,2024
2023-10-31T12:00:00Z,39.91949039266812,2024
2023-11-01T12:00:00Z,39.662918324802114,2024
2023-11-02T12:00:00Z,39.19503050635073,2024
2023-11-03T12:00:00Z,38.600574268486774,2024
2023-11-04T12:00:00Z,38.17298417133402,2024
2023-11-05T12:00:00Z,37.87877808121579,2024
2023-11-06T12:00:00Z,37.34796210586966,2024
2023-11-07T12:00:00Z,37.089284410205806,2024
2023-11-08T12:00:00Z,36.835365262624684,2024
2023-11-09T12:00:00Z,36.58962628003082,2024
2023-11-10T12:00:00Z,36.37200616870174,2024
2023-11-11T12:00:00Z,36.13473116653323,2024
2023-11-12T12:00:00Z,35.8073175337826,2024
2023-11-13T12:00:00Z,35.51009703457764,2024
2023-11-14T12:00:00Z,35.358415324260626,2024
2023-11-15T12:00:00Z,36.7027252677372,2024
2023-11-16T12:00:00Z,55.49213236286638,2024
2023-11-17T12:00:00Z,55.08850086129961,2024
2023-11-18T12:00:00Z,54.226854441845454,2024
2023-11-19T12:00:00Z,53.392207508479466,2024
2023-11-20T12:00:00Z,52.58559376532604,2024
2023-11-21T12:00:00Z,51.67385321644214,2024
2023-11-22T12:00:00Z,50.86432995716809,2024
2023-11-23T12:00:00Z,50.12452012883111,2024
2023-11-24T12:00:00Z,49.657036659696544,2024
2023-11-25T12:00:00Z,49.331977807249544,2024
2023-11-26T12:00:00Z,48.687287523230424,2024
2023-11-27T12:00:00Z,48.130709699318764,2024
2023-11-28T12:00:00Z,47.42058815054749,2024
2023-11-29T12:00:00Z,46.674649722429024,2024
2023-11-30T12:00:00Z,46.11998078965534,2024
2023-12-01T12:00:00Z,45.606969823286185,2024
2023-12-02T12:00:00Z,45.21612067694295,2024
2023-12-03T12:00:00Z,44.78170768147468,2024
2023-12-04T12:00:00Z,44.39308017708296,2024
2023-12-05T12:00:00Z,43.852585645707414,2024
2023-12-06T12:00:00Z,43.30621979719978,2024
2023-12-07T12:00:00Z,42.73497384283382,2024
2023-12-08T12:00:00Z,42.32962026820243,2024
2023-12-09T12:00:00Z,41.93458358744099,2024
2023-12-10T12:00:00Z,41.5262384495936,2024
2023-12-11T12:00:00Z,41.25694565039774,2024
2023-12-12T12:00:00Z,40.68002229012425,2024
2023-12-13T12:00:00Z,40.51009569280178,2024
2023-12-14T12:00:00Z,40.49970402189847,2024
2023-12-15T12:00:00Z,40.92574173266927,2024
2023-12-16T12:00:00Z,41.46569368117703,2024
2023-12-17T12:00:00Z,44.38741354797543,2024
2023-12-18T12:00:00Z,44.204271857161714,2024
2023-12-19T12:00:00Z,43.72530769568583,2024
2023-12-20T12:00:00Z,43.23142630140882,2024
2023-12-21T12:00:00Z,42.76949502700223,2024
2023-12-22T12:00:00Z,42.314666284379946,2024
2023-12-23T12:00:00Z,42.11636007647089,2024
2023-12-24T12:00:00Z,41.81933426263867,2024
2023-12-25T12:00:00Z,41.560326833099154,2024
2023-12-26T12:00:00Z,42.22701357366056,2024
2023-12-27T12:00:00Z,41.85647758965861,2024
2023-12-28T12:00:00Z,43.35578701493789,2024
2023-12-29T12:00:00Z,43.27655948971441,2024
2023-12-30T12:00:00Z,42.92604794572313,2024
2023-12-31T12:00:00Z,42.55650534839985,2024
2024-01-01T12:00:00Z,42.15699585588625,2024
2024-01-02T12:00:00Z,41.7250827209256,2024
2024-01-03T12:00:00Z,41.284765486759255,2024
2024-01-04T12:00:00Z,40.92004327839432,2024
2024-01-05T12:00:00Z,40.5733684808804,2024
2024-01-06T12:00:00Z,40.35793989519648,2024
2024-01-07T12:00:00Z,41.39550676028245,2024
2024-01-08T12:00:00Z,41.185444922171655,2024
2024-01-09T12:00:00Z,40.87465450359722,2024
2024-01-10T12:00:00Z,40.932739742682564,2024
2024-01-11T12:00:00Z,40.800466462657454,2024
2024-01-12T12:00:00Z,40.89315092355801,2024
2024-01-13T12:00:00Z,40.58533222887822,2024
2024-01-14T12:00:00Z,40.28761712661803,2024
2024-01-15T12:00:00Z,39.973695672340654,2024
2024-01-16T12:00:00Z,39.70464591120646,2024
2024-01-17T12:00:00Z,39.61575553914592,2024
2024-01-18T12:00:00Z,39.251090234780754,2024
2024-01-19T12:00:00Z,38.97398194668926,2024
2024-01-20T12:00:00Z,38.71205443280451,2024
2024-01-21T12:00:00Z,38.16429960015471,2024
2024-01-22T12:00:00Z,37.767689586549736,2024
2024-01-23T12:00:00Z,37.3678935582444,2024
2024-01-24T12:00:00Z,37.11984719632305,2024
2024-01-25T12:00:00Z,36.85293997298492,2024
2024-01-26T12:00:00Z,36.61142193245958,2024
2024-01-27T12:00:00Z,36.291302049265084,2024
2024-01-28T12:00:00Z,35.996756006291285,2024
2024-01-29T12:00:00Z,35.54803864752744,2024
2024-01-30T12:00:00Z,35.14532712026628,2024
2024-01-31T12:00:00Z,34.786242384074605,2024
2024-02-01T12:00:00Z,34.462024519375795,2024
2024-02-02T12:00:00Z,34.16974987521344,2024
2024-02-03T12:00:00Z,33.93039249351046,2024
2024-02-04T12:00:00Z,34.95199978778925,2024
2024-02-05T12:00:00Z,35.15741251666212,2024
2024-02-06T12:00:00Z,35.51938480522911,2024
2024-02-07T12:00:00Z,35.185685786210826,2024
2024-02-08T12:00:00Z,34.90068324637343,2024
2024-02-09T12:00:00Z,34.61206595843966,2024
2024-02-10T12:00:00Z,34.32720049784302,2024
2024-02-11T12:00:00Z,34.106191403485184,2024
2024-02-12T12:00:00Z,33.86586969256051,2024
2024-02-13T12:00:00Z,33.75304036126431,2024
2024-02-14T12:00:00Z,33.46404558577804,2024
2024-02-15T12:00:00Z,33.17372667273391,2024
2024-02-16T12:00:00Z,32.88038416464578,2024
2024-02-17T12:00:00Z,32.62857021664312,2024
2024-02-18T12:00:00Z,33.65169062605101,2024
2024-02-19T12:00:00Z,36.66914355056643,2024
2024-02-20T12:00:00Z,36.46511040042126,2024
2024-02-21T12:00:00Z,36.07236515132968,2024
2024-02-22T12:00:00Z,35.6759213671278,2024
2024-02-23T12:00:00Z,35.33015701586306,2024
2024-02-24T12:00:00Z,35.184139266513824,2024
2024-02-25T12:00:00Z,34.87934622204152,2024
2024-02-26T12:00:00Z,34.549537308886286,2024
2024-02-27T12:00:00Z,34.17837170970778,2024
2024-02-28T12:00:00Z,33.84392179237874,2024
2024-02-29T12:00:00Z,33.610459971965,2024
2024-03-01T12:00:00Z,33.33101463191773,2024
2024-03-02T12:00:00Z,33.01715867176112,2024
2024-03-03T12:00:00Z,32.86965912698415,2024
2024-03-04T12:00:00Z,33.31538537699842,2024
2024-03-05T12:00:00Z,33.4469277168231,2024
2024-03-06T12:00:00Z,35.00103696775016,2024
2024-03-07T12:00:00Z,35.71801214967722,2024
2024-03-08T12:00:00Z,35.531426093277105,2024
2024-03-09T12:00:00Z,35.244650291135564,2024
2024-03-10T12:00:00Z,34.911265205076,2024
2024-03-11T12:00:00Z,34.51884500497002,2024
2024-03-12T12:00:00Z,34.06584458105945,2024
2024-03-13T12:00:00Z,33.671362842401955,2024
2024-03-14T12:00:00Z,33.34136519390035,2024
2024-03-15T12:00:00Z,32.91228314580927,2024
2024-03-16T12:00:00Z,32.53559166465053,2024
2024-03-17T12:00:00Z,32.218533342802324,2024
2024-03-18T12:00:00Z,31.871574308542968,2024
2024-03-19T12:00:00Z,31.516090913033743,2024
2024-03-20T12:00:00Z,31.092810994929597,2024
2024-03-21T12:00:00Z,30.70964252674965,2024
2024-03-22T12:00:00Z,32.23359599239562,2024
2024-03-23T12:00:00Z,42.49554383841131,2024
2024-03-24T12:00:00Z,42.28209932487928,2024
2024-03-25T12:00:00Z,41.5143232170912,2024
2024-03-26T12:00:00Z,40.71870109098548,2024
2024-03-27T12:00:00Z,40.120932800972966,2024
2024-03-28T12:00:00Z,39.49419584171545,2024
2024-03-29T12:00:00Z,38.74876063633619,2024
2024-03-30T12:00:00Z,38.10569454888055,2024
2024-03-31T12:00:00Z,37.408841777431626,2024
2024-04-01T12:00:00Z,36.68605451434413,2024
2024-04-02T12:00:00Z,36.04426064369844,2024
2024-04-03T12:00:00Z,35.47198604117645,2024
2024-04-04T12:00:00Z,35.815493689087766,2024
2024-04-05T12:00:00Z,35.31347736812595,2024
2024-04-06T12:00:00Z,34.71989263236581,2024
2024-04-07T12:00:00Z,34.111935195446485,2024
2024-04-08T12:00:00Z,33.533449523829574,2024
2024-04-09T12:00:00Z,32.86681244728264,2024
2024-04-10T12:00:00Z,32.17226944801039,2024
2024-04-11T12:00:00Z,31.696475499500607,2024
2024-04-12T12:00:00Z,31.266857893786867,2024
2024-04-13T12:00:00Z,30.595161310769434,2024
2024-04-14T12:00:00Z,30.02614810901104,2024
2024-04-15T12:00:00Z,29.4967105272351,2024
2024-04-16T12:00:00Z,29.007510080592056,2024
2024-04-17T12:00:00Z,28.547938217892586,2024
2024-04-18T12:00:00Z,28.015706093593277,2024
2024-04-19T12:00:00Z,27.58534768463699,2024
2024-04-20T12:00:00Z,27.172318566989713,2024
2024-04-21T12:00:00Z,26.730408197495425,2024
2024-04-22T12:00:00Z,26.327877765677933,2024
2024-04-23T12:00:00Z,25.982685855623558,2024
2024-04-24T12:00:00Z,25.525368152192478,2024
2024-04-25T12:00:00Z,25.097300059835078,2024
2024-04-26T12:00:00Z,24.755196649168894,2024
2024-04-27T12:00:00Z,24.294301619042848,2024
2024-04-28T12:00:00Z,23.94087706055277,2024
2024-04-29T12:00:00Z,23.566854517099088,2024
2024-04-30T12:00:00Z,24.017352599425134,2024
2024-05-01T12:00:00Z,26.518913186892473,2024
2024-05-02T12:00:00Z,26.27139223522117,2024
2024-05-03T12:00:00Z,25.817615721204724,2024
2024-05-04T12:00:00Z,25.411510422250785,2024
2024-05-05T12:00:00Z,24.967527114516024,2024
2024-05-06T12:00:00Z,24.525200137919242,2024
2024-05-07T12:00:00Z,24.11513162384304,2024
2024-05-08T12:00:00Z,23.746782897782023,2024
2024-05-09T12:00:00Z,23.288260103497986,2024
2024-05-10T12:00:00Z,22.81187894423141,2024
2024-05-11T12:00:00Z,22.361362960166957,2024
2024-05-12T12:00:00Z,21.872161592547503,2024
2024-05-13T12:00:00Z,21.442912759104274,2024
2024-05-14T12:00:00Z,20.921871130940495,2024
2024-05-15T12:00:00Z,20.412133528670182,2024
2024-05-16T12:00:00Z,19.934602670577316,2024
2024-05-17T12:00:00Z,19.538308073164316,2024
2024-05-18T12:00:00Z,19.06414352759325,2024
2024-05-19T12:00:00Z,18.648221537339467,2024
2024-05-20T12:00:00Z,18.26856502816446,2024
2024-05-21T12:00:00Z,17.915375160562363,2024
2024-05-22T12:00:00Z,18.225016070007694,2024
2024-05-23T12:00:00Z,17.9486031680803,2024
2024-05-24T12:00:00Z,17.468064194625786,2024
2024-05-25T12:00:00Z,16.96299465461529,2024
2024-05-26T12:00:00Z,16.540312995884957,2024
2024-05-27T12:00:00Z,16.08724932156277,2024
2024-05-28T12:00:00Z,15.804320545139905,2024
2024-05-29T12:00:00Z,15.734305117161805,2024
2024-05-30T12:00:00Z,15.457843359467098,2024
